[2025-04-13T16:48:04.290+0000] {processor.py:186} INFO - Started process (PID=86) to work on /home/airflow/.local/lib/python3.12/site-packages/airflow/example_dags/example_datasets.py
[2025-04-13T16:48:04.305+0000] {processor.py:914} INFO - Processing file /home/airflow/.local/lib/python3.12/site-packages/airflow/example_dags/example_datasets.py for tasks to queue
[2025-04-13T16:48:04.385+0000] {logging_mixin.py:190} INFO - [2025-04-13T16:48:04.344+0000] {dagbag.py:588} INFO - Filling up the DagBag from /home/airflow/.local/lib/python3.12/site-packages/airflow/example_dags/example_datasets.py
[2025-04-13T16:48:32.394+0000] {processor.py:925} INFO - DAG(s) 'consume_1_or_2_with_dataset_expressions', 'dataset_consumes_unknown_never_scheduled', 'dataset_consumes_1', 'dataset_consumes_1_and_2', 'dataset_produces_1', 'consume_1_or_both_2_and_3_with_dataset_expressions', 'dataset_consumes_1_never_scheduled', 'consume_1_and_2_with_dataset_expressions', 'conditional_dataset_and_time_based_timetable', 'dataset_produces_2' retrieved from /home/airflow/.local/lib/python3.12/site-packages/airflow/example_dags/example_datasets.py
[2025-04-13T16:48:33.570+0000] {logging_mixin.py:190} INFO - [2025-04-13T16:48:33.569+0000] {override.py:1912} INFO - Created Permission View: can read on DAG:consume_1_or_2_with_dataset_expressions
[2025-04-13T16:48:33.704+0000] {logging_mixin.py:190} INFO - [2025-04-13T16:48:33.704+0000] {override.py:1912} INFO - Created Permission View: can edit on DAG:consume_1_or_2_with_dataset_expressions
[2025-04-13T16:48:33.808+0000] {logging_mixin.py:190} INFO - [2025-04-13T16:48:33.807+0000] {override.py:1912} INFO - Created Permission View: can delete on DAG:consume_1_or_2_with_dataset_expressions
[2025-04-13T16:48:33.868+0000] {logging_mixin.py:190} INFO - [2025-04-13T16:48:33.864+0000] {override.py:1912} INFO - Created Permission View: can read on DAG Run:consume_1_or_2_with_dataset_expressions
[2025-04-13T16:48:33.903+0000] {logging_mixin.py:190} INFO - [2025-04-13T16:48:33.902+0000] {override.py:1912} INFO - Created Permission View: menu access on DAG Run:consume_1_or_2_with_dataset_expressions
[2025-04-13T16:48:33.942+0000] {logging_mixin.py:190} INFO - [2025-04-13T16:48:33.942+0000] {override.py:1912} INFO - Created Permission View: can create on DAG Run:consume_1_or_2_with_dataset_expressions
[2025-04-13T16:48:34.004+0000] {logging_mixin.py:190} INFO - [2025-04-13T16:48:34.004+0000] {override.py:1912} INFO - Created Permission View: can delete on DAG Run:consume_1_or_2_with_dataset_expressions
[2025-04-13T16:48:34.114+0000] {logging_mixin.py:190} INFO - [2025-04-13T16:48:34.113+0000] {override.py:1912} INFO - Created Permission View: can read on DAG:dataset_consumes_unknown_never_scheduled
[2025-04-13T16:48:34.140+0000] {logging_mixin.py:190} INFO - [2025-04-13T16:48:34.139+0000] {override.py:1912} INFO - Created Permission View: can edit on DAG:dataset_consumes_unknown_never_scheduled
[2025-04-13T16:48:34.166+0000] {logging_mixin.py:190} INFO - [2025-04-13T16:48:34.165+0000] {override.py:1912} INFO - Created Permission View: can delete on DAG:dataset_consumes_unknown_never_scheduled
[2025-04-13T16:48:34.187+0000] {logging_mixin.py:190} INFO - [2025-04-13T16:48:34.186+0000] {override.py:1912} INFO - Created Permission View: can read on DAG Run:dataset_consumes_unknown_never_scheduled
[2025-04-13T16:48:34.229+0000] {logging_mixin.py:190} INFO - [2025-04-13T16:48:34.227+0000] {override.py:1912} INFO - Created Permission View: menu access on DAG Run:dataset_consumes_unknown_never_scheduled
[2025-04-13T16:48:34.266+0000] {logging_mixin.py:190} INFO - [2025-04-13T16:48:34.266+0000] {override.py:1912} INFO - Created Permission View: can create on DAG Run:dataset_consumes_unknown_never_scheduled
[2025-04-13T16:48:34.286+0000] {logging_mixin.py:190} INFO - [2025-04-13T16:48:34.286+0000] {override.py:1912} INFO - Created Permission View: can delete on DAG Run:dataset_consumes_unknown_never_scheduled
[2025-04-13T16:48:34.339+0000] {logging_mixin.py:190} INFO - [2025-04-13T16:48:34.336+0000] {override.py:1912} INFO - Created Permission View: can read on DAG:dataset_consumes_1
[2025-04-13T16:48:34.377+0000] {logging_mixin.py:190} INFO - [2025-04-13T16:48:34.373+0000] {override.py:1912} INFO - Created Permission View: can edit on DAG:dataset_consumes_1
[2025-04-13T16:48:34.404+0000] {logging_mixin.py:190} INFO - [2025-04-13T16:48:34.403+0000] {override.py:1912} INFO - Created Permission View: can delete on DAG:dataset_consumes_1
[2025-04-13T16:48:34.456+0000] {logging_mixin.py:190} INFO - [2025-04-13T16:48:34.456+0000] {override.py:1912} INFO - Created Permission View: can read on DAG Run:dataset_consumes_1
[2025-04-13T16:48:34.558+0000] {logging_mixin.py:190} INFO - [2025-04-13T16:48:34.558+0000] {override.py:1912} INFO - Created Permission View: menu access on DAG Run:dataset_consumes_1
[2025-04-13T16:48:34.658+0000] {logging_mixin.py:190} INFO - [2025-04-13T16:48:34.657+0000] {override.py:1912} INFO - Created Permission View: can create on DAG Run:dataset_consumes_1
[2025-04-13T16:48:34.684+0000] {logging_mixin.py:190} INFO - [2025-04-13T16:48:34.673+0000] {override.py:1912} INFO - Created Permission View: can delete on DAG Run:dataset_consumes_1
[2025-04-13T16:48:34.854+0000] {logging_mixin.py:190} INFO - [2025-04-13T16:48:34.843+0000] {override.py:1912} INFO - Created Permission View: can read on DAG:dataset_consumes_1_and_2
[2025-04-13T16:48:34.893+0000] {logging_mixin.py:190} INFO - [2025-04-13T16:48:34.890+0000] {override.py:1912} INFO - Created Permission View: can edit on DAG:dataset_consumes_1_and_2
[2025-04-13T16:48:34.905+0000] {logging_mixin.py:190} INFO - [2025-04-13T16:48:34.904+0000] {override.py:1912} INFO - Created Permission View: can delete on DAG:dataset_consumes_1_and_2
[2025-04-13T16:48:34.935+0000] {logging_mixin.py:190} INFO - [2025-04-13T16:48:34.935+0000] {override.py:1912} INFO - Created Permission View: can read on DAG Run:dataset_consumes_1_and_2
[2025-04-13T16:48:34.976+0000] {logging_mixin.py:190} INFO - [2025-04-13T16:48:34.975+0000] {override.py:1912} INFO - Created Permission View: menu access on DAG Run:dataset_consumes_1_and_2
[2025-04-13T16:48:35.044+0000] {logging_mixin.py:190} INFO - [2025-04-13T16:48:35.044+0000] {override.py:1912} INFO - Created Permission View: can create on DAG Run:dataset_consumes_1_and_2
[2025-04-13T16:48:35.116+0000] {logging_mixin.py:190} INFO - [2025-04-13T16:48:35.115+0000] {override.py:1912} INFO - Created Permission View: can delete on DAG Run:dataset_consumes_1_and_2
[2025-04-13T16:48:35.188+0000] {logging_mixin.py:190} INFO - [2025-04-13T16:48:35.188+0000] {override.py:1912} INFO - Created Permission View: can read on DAG:dataset_produces_1
[2025-04-13T16:48:35.302+0000] {logging_mixin.py:190} INFO - [2025-04-13T16:48:35.302+0000] {override.py:1912} INFO - Created Permission View: can edit on DAG:dataset_produces_1
[2025-04-13T16:48:35.463+0000] {logging_mixin.py:190} INFO - [2025-04-13T16:48:35.459+0000] {override.py:1912} INFO - Created Permission View: can delete on DAG:dataset_produces_1
[2025-04-13T16:48:35.560+0000] {logging_mixin.py:190} INFO - [2025-04-13T16:48:35.559+0000] {override.py:1912} INFO - Created Permission View: can read on DAG Run:dataset_produces_1
[2025-04-13T16:48:35.661+0000] {logging_mixin.py:190} INFO - [2025-04-13T16:48:35.660+0000] {override.py:1912} INFO - Created Permission View: menu access on DAG Run:dataset_produces_1
[2025-04-13T16:48:35.688+0000] {logging_mixin.py:190} INFO - [2025-04-13T16:48:35.685+0000] {override.py:1912} INFO - Created Permission View: can create on DAG Run:dataset_produces_1
[2025-04-13T16:48:35.806+0000] {logging_mixin.py:190} INFO - [2025-04-13T16:48:35.805+0000] {override.py:1912} INFO - Created Permission View: can delete on DAG Run:dataset_produces_1
[2025-04-13T16:48:36.126+0000] {logging_mixin.py:190} INFO - [2025-04-13T16:48:36.125+0000] {override.py:1912} INFO - Created Permission View: can read on DAG:consume_1_or_both_2_and_3_with_dataset_expressions
[2025-04-13T16:48:36.332+0000] {logging_mixin.py:190} INFO - [2025-04-13T16:48:36.310+0000] {override.py:1912} INFO - Created Permission View: can edit on DAG:consume_1_or_both_2_and_3_with_dataset_expressions
[2025-04-13T16:48:36.413+0000] {logging_mixin.py:190} INFO - [2025-04-13T16:48:36.413+0000] {override.py:1912} INFO - Created Permission View: can delete on DAG:consume_1_or_both_2_and_3_with_dataset_expressions
[2025-04-13T16:48:36.457+0000] {logging_mixin.py:190} INFO - [2025-04-13T16:48:36.456+0000] {override.py:1912} INFO - Created Permission View: can read on DAG Run:consume_1_or_both_2_and_3_with_dataset_expressions
[2025-04-13T16:48:36.664+0000] {logging_mixin.py:190} INFO - [2025-04-13T16:48:36.663+0000] {override.py:1912} INFO - Created Permission View: menu access on DAG Run:consume_1_or_both_2_and_3_with_dataset_expressions
[2025-04-13T16:48:36.713+0000] {logging_mixin.py:190} INFO - [2025-04-13T16:48:36.712+0000] {override.py:1912} INFO - Created Permission View: can create on DAG Run:consume_1_or_both_2_and_3_with_dataset_expressions
[2025-04-13T16:48:36.788+0000] {logging_mixin.py:190} INFO - [2025-04-13T16:48:36.781+0000] {override.py:1912} INFO - Created Permission View: can delete on DAG Run:consume_1_or_both_2_and_3_with_dataset_expressions
[2025-04-13T16:48:36.973+0000] {logging_mixin.py:190} INFO - [2025-04-13T16:48:36.972+0000] {override.py:1912} INFO - Created Permission View: can read on DAG:dataset_consumes_1_never_scheduled
[2025-04-13T16:48:37.060+0000] {logging_mixin.py:190} INFO - [2025-04-13T16:48:37.060+0000] {override.py:1912} INFO - Created Permission View: can edit on DAG:dataset_consumes_1_never_scheduled
[2025-04-13T16:48:37.160+0000] {logging_mixin.py:190} INFO - [2025-04-13T16:48:37.148+0000] {override.py:1912} INFO - Created Permission View: can delete on DAG:dataset_consumes_1_never_scheduled
[2025-04-13T16:48:37.319+0000] {logging_mixin.py:190} INFO - [2025-04-13T16:48:37.318+0000] {override.py:1912} INFO - Created Permission View: can read on DAG Run:dataset_consumes_1_never_scheduled
[2025-04-13T16:48:37.360+0000] {logging_mixin.py:190} INFO - [2025-04-13T16:48:37.359+0000] {override.py:1912} INFO - Created Permission View: menu access on DAG Run:dataset_consumes_1_never_scheduled
[2025-04-13T16:48:37.434+0000] {logging_mixin.py:190} INFO - [2025-04-13T16:48:37.433+0000] {override.py:1912} INFO - Created Permission View: can create on DAG Run:dataset_consumes_1_never_scheduled
[2025-04-13T16:48:37.474+0000] {logging_mixin.py:190} INFO - [2025-04-13T16:48:37.473+0000] {override.py:1912} INFO - Created Permission View: can delete on DAG Run:dataset_consumes_1_never_scheduled
[2025-04-13T16:48:37.735+0000] {logging_mixin.py:190} INFO - [2025-04-13T16:48:37.735+0000] {override.py:1912} INFO - Created Permission View: can read on DAG:consume_1_and_2_with_dataset_expressions
[2025-04-13T16:48:37.821+0000] {logging_mixin.py:190} INFO - [2025-04-13T16:48:37.820+0000] {override.py:1912} INFO - Created Permission View: can edit on DAG:consume_1_and_2_with_dataset_expressions
[2025-04-13T16:48:37.929+0000] {logging_mixin.py:190} INFO - [2025-04-13T16:48:37.929+0000] {override.py:1912} INFO - Created Permission View: can delete on DAG:consume_1_and_2_with_dataset_expressions
[2025-04-13T16:48:37.989+0000] {logging_mixin.py:190} INFO - [2025-04-13T16:48:37.988+0000] {override.py:1912} INFO - Created Permission View: can read on DAG Run:consume_1_and_2_with_dataset_expressions
[2025-04-13T16:48:38.095+0000] {logging_mixin.py:190} INFO - [2025-04-13T16:48:38.094+0000] {override.py:1912} INFO - Created Permission View: menu access on DAG Run:consume_1_and_2_with_dataset_expressions
[2025-04-13T16:48:38.503+0000] {logging_mixin.py:190} INFO - [2025-04-13T16:48:38.502+0000] {override.py:1912} INFO - Created Permission View: can create on DAG Run:consume_1_and_2_with_dataset_expressions
[2025-04-13T16:48:38.871+0000] {logging_mixin.py:190} INFO - [2025-04-13T16:48:38.871+0000] {override.py:1912} INFO - Created Permission View: can delete on DAG Run:consume_1_and_2_with_dataset_expressions
[2025-04-13T16:48:39.045+0000] {logging_mixin.py:190} INFO - [2025-04-13T16:48:39.045+0000] {override.py:1912} INFO - Created Permission View: can read on DAG:conditional_dataset_and_time_based_timetable
[2025-04-13T16:48:39.158+0000] {logging_mixin.py:190} INFO - [2025-04-13T16:48:39.157+0000] {override.py:1912} INFO - Created Permission View: can edit on DAG:conditional_dataset_and_time_based_timetable
[2025-04-13T16:48:39.211+0000] {logging_mixin.py:190} INFO - [2025-04-13T16:48:39.211+0000] {override.py:1912} INFO - Created Permission View: can delete on DAG:conditional_dataset_and_time_based_timetable
[2025-04-13T16:48:39.267+0000] {logging_mixin.py:190} INFO - [2025-04-13T16:48:39.267+0000] {override.py:1912} INFO - Created Permission View: can read on DAG Run:conditional_dataset_and_time_based_timetable
[2025-04-13T16:48:39.323+0000] {logging_mixin.py:190} INFO - [2025-04-13T16:48:39.322+0000] {override.py:1912} INFO - Created Permission View: menu access on DAG Run:conditional_dataset_and_time_based_timetable
[2025-04-13T16:48:39.424+0000] {logging_mixin.py:190} INFO - [2025-04-13T16:48:39.423+0000] {override.py:1912} INFO - Created Permission View: can create on DAG Run:conditional_dataset_and_time_based_timetable
[2025-04-13T16:48:39.494+0000] {logging_mixin.py:190} INFO - [2025-04-13T16:48:39.493+0000] {override.py:1912} INFO - Created Permission View: can delete on DAG Run:conditional_dataset_and_time_based_timetable
[2025-04-13T16:48:39.664+0000] {logging_mixin.py:190} INFO - [2025-04-13T16:48:39.662+0000] {override.py:1912} INFO - Created Permission View: can read on DAG:dataset_produces_2
[2025-04-13T16:48:39.773+0000] {logging_mixin.py:190} INFO - [2025-04-13T16:48:39.773+0000] {override.py:1912} INFO - Created Permission View: can edit on DAG:dataset_produces_2
[2025-04-13T16:48:39.811+0000] {logging_mixin.py:190} INFO - [2025-04-13T16:48:39.810+0000] {override.py:1912} INFO - Created Permission View: can delete on DAG:dataset_produces_2
[2025-04-13T16:48:39.939+0000] {logging_mixin.py:190} INFO - [2025-04-13T16:48:39.938+0000] {override.py:1912} INFO - Created Permission View: can read on DAG Run:dataset_produces_2
[2025-04-13T16:48:39.996+0000] {logging_mixin.py:190} INFO - [2025-04-13T16:48:39.991+0000] {override.py:1912} INFO - Created Permission View: menu access on DAG Run:dataset_produces_2
[2025-04-13T16:48:40.076+0000] {logging_mixin.py:190} INFO - [2025-04-13T16:48:40.076+0000] {override.py:1912} INFO - Created Permission View: can create on DAG Run:dataset_produces_2
[2025-04-13T16:48:40.287+0000] {logging_mixin.py:190} INFO - [2025-04-13T16:48:40.275+0000] {override.py:1912} INFO - Created Permission View: can delete on DAG Run:dataset_produces_2
[2025-04-13T16:48:40.313+0000] {logging_mixin.py:190} INFO - [2025-04-13T16:48:40.312+0000] {dag.py:3239} INFO - Sync 10 DAGs
[2025-04-13T16:48:40.834+0000] {logging_mixin.py:190} INFO - [2025-04-13T16:48:40.831+0000] {dag.py:3262} INFO - Creating ORM DAG for dataset_consumes_1
[2025-04-13T16:48:40.836+0000] {logging_mixin.py:190} INFO - [2025-04-13T16:48:40.835+0000] {dag.py:3262} INFO - Creating ORM DAG for dataset_produces_2
[2025-04-13T16:48:40.863+0000] {logging_mixin.py:190} INFO - [2025-04-13T16:48:40.852+0000] {dag.py:3262} INFO - Creating ORM DAG for consume_1_or_both_2_and_3_with_dataset_expressions
[2025-04-13T16:48:40.866+0000] {logging_mixin.py:190} INFO - [2025-04-13T16:48:40.866+0000] {dag.py:3262} INFO - Creating ORM DAG for dataset_produces_1
[2025-04-13T16:48:40.875+0000] {logging_mixin.py:190} INFO - [2025-04-13T16:48:40.873+0000] {dag.py:3262} INFO - Creating ORM DAG for conditional_dataset_and_time_based_timetable
[2025-04-13T16:48:40.876+0000] {logging_mixin.py:190} INFO - [2025-04-13T16:48:40.876+0000] {dag.py:3262} INFO - Creating ORM DAG for dataset_consumes_1_never_scheduled
[2025-04-13T16:48:40.897+0000] {logging_mixin.py:190} INFO - [2025-04-13T16:48:40.882+0000] {dag.py:3262} INFO - Creating ORM DAG for dataset_consumes_1_and_2
[2025-04-13T16:48:40.908+0000] {logging_mixin.py:190} INFO - [2025-04-13T16:48:40.907+0000] {dag.py:3262} INFO - Creating ORM DAG for consume_1_and_2_with_dataset_expressions
[2025-04-13T16:48:40.926+0000] {logging_mixin.py:190} INFO - [2025-04-13T16:48:40.926+0000] {dag.py:3262} INFO - Creating ORM DAG for consume_1_or_2_with_dataset_expressions
[2025-04-13T16:48:40.929+0000] {logging_mixin.py:190} INFO - [2025-04-13T16:48:40.928+0000] {dag.py:3262} INFO - Creating ORM DAG for dataset_consumes_unknown_never_scheduled
[2025-04-13T16:48:41.191+0000] {logging_mixin.py:190} INFO - [2025-04-13T16:48:41.188+0000] {dag.py:4180} INFO - Setting next_dagrun for conditional_dataset_and_time_based_timetable to 2025-04-09 01:00:00+00:00, run_after=2025-04-09 01:00:00+00:00
[2025-04-13T16:48:41.201+0000] {logging_mixin.py:190} INFO - [2025-04-13T16:48:41.201+0000] {dag.py:4180} INFO - Setting next_dagrun for consume_1_and_2_with_dataset_expressions to None, run_after=None
[2025-04-13T16:48:41.256+0000] {logging_mixin.py:190} INFO - [2025-04-13T16:48:41.256+0000] {dag.py:4180} INFO - Setting next_dagrun for consume_1_or_2_with_dataset_expressions to None, run_after=None
[2025-04-13T16:48:41.321+0000] {logging_mixin.py:190} INFO - [2025-04-13T16:48:41.321+0000] {dag.py:4180} INFO - Setting next_dagrun for consume_1_or_both_2_and_3_with_dataset_expressions to None, run_after=None
[2025-04-13T16:48:41.363+0000] {logging_mixin.py:190} INFO - [2025-04-13T16:48:41.360+0000] {dag.py:4180} INFO - Setting next_dagrun for dataset_consumes_1 to None, run_after=None
[2025-04-13T16:48:41.367+0000] {logging_mixin.py:190} INFO - [2025-04-13T16:48:41.366+0000] {dag.py:4180} INFO - Setting next_dagrun for dataset_consumes_1_and_2 to None, run_after=None
[2025-04-13T16:48:41.406+0000] {logging_mixin.py:190} INFO - [2025-04-13T16:48:41.393+0000] {dag.py:4180} INFO - Setting next_dagrun for dataset_consumes_1_never_scheduled to None, run_after=None
[2025-04-13T16:48:41.421+0000] {logging_mixin.py:190} INFO - [2025-04-13T16:48:41.419+0000] {dag.py:4180} INFO - Setting next_dagrun for dataset_consumes_unknown_never_scheduled to None, run_after=None
[2025-04-13T16:48:41.497+0000] {logging_mixin.py:190} INFO - [2025-04-13T16:48:41.496+0000] {dag.py:4180} INFO - Setting next_dagrun for dataset_produces_1 to 2025-04-12 00:00:00+00:00, run_after=2025-04-13 00:00:00+00:00
[2025-04-13T16:48:41.519+0000] {logging_mixin.py:190} INFO - [2025-04-13T16:48:41.518+0000] {dag.py:4180} INFO - Setting next_dagrun for dataset_produces_2 to None, run_after=None
[2025-04-13T16:48:42.191+0000] {processor.py:208} INFO - Processing /home/airflow/.local/lib/python3.12/site-packages/airflow/example_dags/example_datasets.py took 37.952 seconds
[2025-04-13T16:50:31.514+0000] {processor.py:186} INFO - Started process (PID=173) to work on /home/airflow/.local/lib/python3.12/site-packages/airflow/example_dags/example_datasets.py
[2025-04-13T16:50:31.522+0000] {processor.py:914} INFO - Processing file /home/airflow/.local/lib/python3.12/site-packages/airflow/example_dags/example_datasets.py for tasks to queue
[2025-04-13T16:50:31.531+0000] {logging_mixin.py:190} INFO - [2025-04-13T16:50:31.531+0000] {dagbag.py:588} INFO - Filling up the DagBag from /home/airflow/.local/lib/python3.12/site-packages/airflow/example_dags/example_datasets.py
[2025-04-13T16:50:37.451+0000] {processor.py:925} INFO - DAG(s) 'dataset_consumes_unknown_never_scheduled', 'consume_1_or_both_2_and_3_with_dataset_expressions', 'dataset_produces_1', 'dataset_produces_2', 'conditional_dataset_and_time_based_timetable', 'dataset_consumes_1_and_2', 'consume_1_and_2_with_dataset_expressions', 'consume_1_or_2_with_dataset_expressions', 'dataset_consumes_1_never_scheduled', 'dataset_consumes_1' retrieved from /home/airflow/.local/lib/python3.12/site-packages/airflow/example_dags/example_datasets.py
[2025-04-13T16:50:38.049+0000] {logging_mixin.py:190} INFO - [2025-04-13T16:50:38.049+0000] {dag.py:3239} INFO - Sync 10 DAGs
[2025-04-13T16:50:38.274+0000] {logging_mixin.py:190} INFO - [2025-04-13T16:50:38.273+0000] {dag.py:4180} INFO - Setting next_dagrun for conditional_dataset_and_time_based_timetable to 2025-04-09 01:00:00+00:00, run_after=2025-04-09 01:00:00+00:00
[2025-04-13T16:50:38.287+0000] {logging_mixin.py:190} INFO - [2025-04-13T16:50:38.287+0000] {dag.py:4180} INFO - Setting next_dagrun for consume_1_and_2_with_dataset_expressions to None, run_after=None
[2025-04-13T16:50:38.304+0000] {logging_mixin.py:190} INFO - [2025-04-13T16:50:38.304+0000] {dag.py:4180} INFO - Setting next_dagrun for consume_1_or_2_with_dataset_expressions to None, run_after=None
[2025-04-13T16:50:38.312+0000] {logging_mixin.py:190} INFO - [2025-04-13T16:50:38.311+0000] {dag.py:4180} INFO - Setting next_dagrun for consume_1_or_both_2_and_3_with_dataset_expressions to None, run_after=None
[2025-04-13T16:50:38.317+0000] {logging_mixin.py:190} INFO - [2025-04-13T16:50:38.316+0000] {dag.py:4180} INFO - Setting next_dagrun for dataset_consumes_1 to None, run_after=None
[2025-04-13T16:50:38.325+0000] {logging_mixin.py:190} INFO - [2025-04-13T16:50:38.325+0000] {dag.py:4180} INFO - Setting next_dagrun for dataset_consumes_1_and_2 to None, run_after=None
[2025-04-13T16:50:38.330+0000] {logging_mixin.py:190} INFO - [2025-04-13T16:50:38.329+0000] {dag.py:4180} INFO - Setting next_dagrun for dataset_consumes_1_never_scheduled to None, run_after=None
[2025-04-13T16:50:38.334+0000] {logging_mixin.py:190} INFO - [2025-04-13T16:50:38.333+0000] {dag.py:4180} INFO - Setting next_dagrun for dataset_consumes_unknown_never_scheduled to None, run_after=None
[2025-04-13T16:50:38.343+0000] {logging_mixin.py:190} INFO - [2025-04-13T16:50:38.342+0000] {dag.py:4180} INFO - Setting next_dagrun for dataset_produces_1 to 2025-04-12 00:00:00+00:00, run_after=2025-04-13 00:00:00+00:00
[2025-04-13T16:50:38.360+0000] {logging_mixin.py:190} INFO - [2025-04-13T16:50:38.359+0000] {dag.py:4180} INFO - Setting next_dagrun for dataset_produces_2 to None, run_after=None
[2025-04-13T16:50:38.528+0000] {processor.py:208} INFO - Processing /home/airflow/.local/lib/python3.12/site-packages/airflow/example_dags/example_datasets.py took 7.197 seconds
[2025-04-13T16:51:15.588+0000] {processor.py:186} INFO - Started process (PID=240) to work on /home/airflow/.local/lib/python3.12/site-packages/airflow/example_dags/example_datasets.py
[2025-04-13T16:51:15.590+0000] {processor.py:914} INFO - Processing file /home/airflow/.local/lib/python3.12/site-packages/airflow/example_dags/example_datasets.py for tasks to queue
[2025-04-13T16:51:15.619+0000] {logging_mixin.py:190} INFO - [2025-04-13T16:51:15.617+0000] {dagbag.py:588} INFO - Filling up the DagBag from /home/airflow/.local/lib/python3.12/site-packages/airflow/example_dags/example_datasets.py
[2025-04-13T16:51:18.640+0000] {processor.py:925} INFO - DAG(s) 'consume_1_or_both_2_and_3_with_dataset_expressions', 'dataset_consumes_1', 'dataset_consumes_1_never_scheduled', 'dataset_consumes_1_and_2', 'dataset_produces_2', 'dataset_consumes_unknown_never_scheduled', 'consume_1_or_2_with_dataset_expressions', 'conditional_dataset_and_time_based_timetable', 'consume_1_and_2_with_dataset_expressions', 'dataset_produces_1' retrieved from /home/airflow/.local/lib/python3.12/site-packages/airflow/example_dags/example_datasets.py
[2025-04-13T16:51:18.855+0000] {logging_mixin.py:190} INFO - [2025-04-13T16:51:18.855+0000] {dag.py:3239} INFO - Sync 10 DAGs
[2025-04-13T16:51:19.063+0000] {logging_mixin.py:190} INFO - [2025-04-13T16:51:19.061+0000] {dag.py:4180} INFO - Setting next_dagrun for conditional_dataset_and_time_based_timetable to 2025-04-09 01:00:00+00:00, run_after=2025-04-09 01:00:00+00:00
[2025-04-13T16:51:19.086+0000] {logging_mixin.py:190} INFO - [2025-04-13T16:51:19.086+0000] {dag.py:4180} INFO - Setting next_dagrun for consume_1_and_2_with_dataset_expressions to None, run_after=None
[2025-04-13T16:51:19.091+0000] {logging_mixin.py:190} INFO - [2025-04-13T16:51:19.090+0000] {dag.py:4180} INFO - Setting next_dagrun for consume_1_or_2_with_dataset_expressions to None, run_after=None
[2025-04-13T16:51:19.099+0000] {logging_mixin.py:190} INFO - [2025-04-13T16:51:19.096+0000] {dag.py:4180} INFO - Setting next_dagrun for consume_1_or_both_2_and_3_with_dataset_expressions to None, run_after=None
[2025-04-13T16:51:19.121+0000] {logging_mixin.py:190} INFO - [2025-04-13T16:51:19.120+0000] {dag.py:4180} INFO - Setting next_dagrun for dataset_consumes_1 to None, run_after=None
[2025-04-13T16:51:19.126+0000] {logging_mixin.py:190} INFO - [2025-04-13T16:51:19.126+0000] {dag.py:4180} INFO - Setting next_dagrun for dataset_consumes_1_and_2 to None, run_after=None
[2025-04-13T16:51:19.135+0000] {logging_mixin.py:190} INFO - [2025-04-13T16:51:19.134+0000] {dag.py:4180} INFO - Setting next_dagrun for dataset_consumes_1_never_scheduled to None, run_after=None
[2025-04-13T16:51:19.138+0000] {logging_mixin.py:190} INFO - [2025-04-13T16:51:19.138+0000] {dag.py:4180} INFO - Setting next_dagrun for dataset_consumes_unknown_never_scheduled to None, run_after=None
[2025-04-13T16:51:19.159+0000] {logging_mixin.py:190} INFO - [2025-04-13T16:51:19.158+0000] {dag.py:4180} INFO - Setting next_dagrun for dataset_produces_1 to 2025-04-12 00:00:00+00:00, run_after=2025-04-13 00:00:00+00:00
[2025-04-13T16:51:19.168+0000] {logging_mixin.py:190} INFO - [2025-04-13T16:51:19.167+0000] {dag.py:4180} INFO - Setting next_dagrun for dataset_produces_2 to None, run_after=None
[2025-04-13T16:51:19.713+0000] {processor.py:208} INFO - Processing /home/airflow/.local/lib/python3.12/site-packages/airflow/example_dags/example_datasets.py took 4.149 seconds
[2025-04-13T16:51:50.011+0000] {processor.py:186} INFO - Started process (PID=312) to work on /home/airflow/.local/lib/python3.12/site-packages/airflow/example_dags/example_datasets.py
[2025-04-13T16:51:50.014+0000] {processor.py:914} INFO - Processing file /home/airflow/.local/lib/python3.12/site-packages/airflow/example_dags/example_datasets.py for tasks to queue
[2025-04-13T16:51:50.023+0000] {logging_mixin.py:190} INFO - [2025-04-13T16:51:50.023+0000] {dagbag.py:588} INFO - Filling up the DagBag from /home/airflow/.local/lib/python3.12/site-packages/airflow/example_dags/example_datasets.py
[2025-04-13T16:51:51.792+0000] {processor.py:925} INFO - DAG(s) 'dataset_consumes_1_and_2', 'consume_1_or_2_with_dataset_expressions', 'consume_1_or_both_2_and_3_with_dataset_expressions', 'consume_1_and_2_with_dataset_expressions', 'dataset_consumes_1', 'dataset_consumes_1_never_scheduled', 'dataset_produces_1', 'dataset_produces_2', 'dataset_consumes_unknown_never_scheduled', 'conditional_dataset_and_time_based_timetable' retrieved from /home/airflow/.local/lib/python3.12/site-packages/airflow/example_dags/example_datasets.py
[2025-04-13T16:51:51.976+0000] {logging_mixin.py:190} INFO - [2025-04-13T16:51:51.976+0000] {dag.py:3239} INFO - Sync 10 DAGs
[2025-04-13T16:51:52.093+0000] {logging_mixin.py:190} INFO - [2025-04-13T16:51:52.093+0000] {dag.py:4180} INFO - Setting next_dagrun for conditional_dataset_and_time_based_timetable to 2025-04-09 01:00:00+00:00, run_after=2025-04-09 01:00:00+00:00
[2025-04-13T16:51:52.120+0000] {logging_mixin.py:190} INFO - [2025-04-13T16:51:52.119+0000] {dag.py:4180} INFO - Setting next_dagrun for consume_1_and_2_with_dataset_expressions to None, run_after=None
[2025-04-13T16:51:52.128+0000] {logging_mixin.py:190} INFO - [2025-04-13T16:51:52.127+0000] {dag.py:4180} INFO - Setting next_dagrun for consume_1_or_2_with_dataset_expressions to None, run_after=None
[2025-04-13T16:51:52.136+0000] {logging_mixin.py:190} INFO - [2025-04-13T16:51:52.134+0000] {dag.py:4180} INFO - Setting next_dagrun for consume_1_or_both_2_and_3_with_dataset_expressions to None, run_after=None
[2025-04-13T16:51:52.141+0000] {logging_mixin.py:190} INFO - [2025-04-13T16:51:52.141+0000] {dag.py:4180} INFO - Setting next_dagrun for dataset_consumes_1 to None, run_after=None
[2025-04-13T16:51:52.162+0000] {logging_mixin.py:190} INFO - [2025-04-13T16:51:52.151+0000] {dag.py:4180} INFO - Setting next_dagrun for dataset_consumes_1_and_2 to None, run_after=None
[2025-04-13T16:51:52.171+0000] {logging_mixin.py:190} INFO - [2025-04-13T16:51:52.171+0000] {dag.py:4180} INFO - Setting next_dagrun for dataset_consumes_1_never_scheduled to None, run_after=None
[2025-04-13T16:51:52.178+0000] {logging_mixin.py:190} INFO - [2025-04-13T16:51:52.178+0000] {dag.py:4180} INFO - Setting next_dagrun for dataset_consumes_unknown_never_scheduled to None, run_after=None
[2025-04-13T16:51:52.194+0000] {logging_mixin.py:190} INFO - [2025-04-13T16:51:52.194+0000] {dag.py:4180} INFO - Setting next_dagrun for dataset_produces_1 to 2025-04-12 00:00:00+00:00, run_after=2025-04-13 00:00:00+00:00
[2025-04-13T16:51:52.217+0000] {logging_mixin.py:190} INFO - [2025-04-13T16:51:52.216+0000] {dag.py:4180} INFO - Setting next_dagrun for dataset_produces_2 to None, run_after=None
[2025-04-13T16:51:52.434+0000] {processor.py:208} INFO - Processing /home/airflow/.local/lib/python3.12/site-packages/airflow/example_dags/example_datasets.py took 2.437 seconds
[2025-04-13T16:52:22.590+0000] {processor.py:186} INFO - Started process (PID=379) to work on /home/airflow/.local/lib/python3.12/site-packages/airflow/example_dags/example_datasets.py
[2025-04-13T16:52:22.592+0000] {processor.py:914} INFO - Processing file /home/airflow/.local/lib/python3.12/site-packages/airflow/example_dags/example_datasets.py for tasks to queue
[2025-04-13T16:52:22.597+0000] {logging_mixin.py:190} INFO - [2025-04-13T16:52:22.596+0000] {dagbag.py:588} INFO - Filling up the DagBag from /home/airflow/.local/lib/python3.12/site-packages/airflow/example_dags/example_datasets.py
[2025-04-13T16:52:25.040+0000] {processor.py:925} INFO - DAG(s) 'dataset_consumes_1_and_2', 'dataset_consumes_1_never_scheduled', 'conditional_dataset_and_time_based_timetable', 'dataset_produces_2', 'dataset_consumes_1', 'consume_1_or_2_with_dataset_expressions', 'consume_1_or_both_2_and_3_with_dataset_expressions', 'consume_1_and_2_with_dataset_expressions', 'dataset_produces_1', 'dataset_consumes_unknown_never_scheduled' retrieved from /home/airflow/.local/lib/python3.12/site-packages/airflow/example_dags/example_datasets.py
[2025-04-13T16:52:25.520+0000] {logging_mixin.py:190} INFO - [2025-04-13T16:52:25.520+0000] {dag.py:3239} INFO - Sync 10 DAGs
[2025-04-13T16:52:25.666+0000] {logging_mixin.py:190} INFO - [2025-04-13T16:52:25.666+0000] {dag.py:4180} INFO - Setting next_dagrun for conditional_dataset_and_time_based_timetable to 2025-04-09 01:00:00+00:00, run_after=2025-04-09 01:00:00+00:00
[2025-04-13T16:52:25.697+0000] {logging_mixin.py:190} INFO - [2025-04-13T16:52:25.697+0000] {dag.py:4180} INFO - Setting next_dagrun for consume_1_and_2_with_dataset_expressions to None, run_after=None
[2025-04-13T16:52:25.723+0000] {logging_mixin.py:190} INFO - [2025-04-13T16:52:25.721+0000] {dag.py:4180} INFO - Setting next_dagrun for consume_1_or_2_with_dataset_expressions to None, run_after=None
[2025-04-13T16:52:25.727+0000] {logging_mixin.py:190} INFO - [2025-04-13T16:52:25.726+0000] {dag.py:4180} INFO - Setting next_dagrun for consume_1_or_both_2_and_3_with_dataset_expressions to None, run_after=None
[2025-04-13T16:52:25.730+0000] {logging_mixin.py:190} INFO - [2025-04-13T16:52:25.729+0000] {dag.py:4180} INFO - Setting next_dagrun for dataset_consumes_1 to None, run_after=None
[2025-04-13T16:52:25.744+0000] {logging_mixin.py:190} INFO - [2025-04-13T16:52:25.743+0000] {dag.py:4180} INFO - Setting next_dagrun for dataset_consumes_1_and_2 to None, run_after=None
[2025-04-13T16:52:25.800+0000] {logging_mixin.py:190} INFO - [2025-04-13T16:52:25.790+0000] {dag.py:4180} INFO - Setting next_dagrun for dataset_consumes_1_never_scheduled to None, run_after=None
[2025-04-13T16:52:25.868+0000] {logging_mixin.py:190} INFO - [2025-04-13T16:52:25.867+0000] {dag.py:4180} INFO - Setting next_dagrun for dataset_consumes_unknown_never_scheduled to None, run_after=None
[2025-04-13T16:52:25.906+0000] {logging_mixin.py:190} INFO - [2025-04-13T16:52:25.906+0000] {dag.py:4180} INFO - Setting next_dagrun for dataset_produces_1 to 2025-04-12 00:00:00+00:00, run_after=2025-04-13 00:00:00+00:00
[2025-04-13T16:52:25.936+0000] {logging_mixin.py:190} INFO - [2025-04-13T16:52:25.936+0000] {dag.py:4180} INFO - Setting next_dagrun for dataset_produces_2 to None, run_after=None
[2025-04-13T16:52:26.305+0000] {processor.py:208} INFO - Processing /home/airflow/.local/lib/python3.12/site-packages/airflow/example_dags/example_datasets.py took 3.727 seconds
[2025-04-13T16:52:56.904+0000] {processor.py:186} INFO - Started process (PID=434) to work on /home/airflow/.local/lib/python3.12/site-packages/airflow/example_dags/example_datasets.py
[2025-04-13T16:52:56.933+0000] {processor.py:914} INFO - Processing file /home/airflow/.local/lib/python3.12/site-packages/airflow/example_dags/example_datasets.py for tasks to queue
[2025-04-13T16:52:56.975+0000] {logging_mixin.py:190} INFO - [2025-04-13T16:52:56.974+0000] {dagbag.py:588} INFO - Filling up the DagBag from /home/airflow/.local/lib/python3.12/site-packages/airflow/example_dags/example_datasets.py
[2025-04-13T16:53:00.839+0000] {processor.py:925} INFO - DAG(s) 'dataset_produces_1', 'dataset_consumes_1', 'conditional_dataset_and_time_based_timetable', 'consume_1_and_2_with_dataset_expressions', 'dataset_produces_2', 'consume_1_or_2_with_dataset_expressions', 'dataset_consumes_unknown_never_scheduled', 'consume_1_or_both_2_and_3_with_dataset_expressions', 'dataset_consumes_1_and_2', 'dataset_consumes_1_never_scheduled' retrieved from /home/airflow/.local/lib/python3.12/site-packages/airflow/example_dags/example_datasets.py
[2025-04-13T16:53:01.188+0000] {logging_mixin.py:190} INFO - [2025-04-13T16:53:01.187+0000] {dag.py:3239} INFO - Sync 10 DAGs
[2025-04-13T16:53:01.286+0000] {logging_mixin.py:190} INFO - [2025-04-13T16:53:01.285+0000] {dag.py:4180} INFO - Setting next_dagrun for conditional_dataset_and_time_based_timetable to 2025-04-09 01:00:00+00:00, run_after=2025-04-09 01:00:00+00:00
[2025-04-13T16:53:01.299+0000] {logging_mixin.py:190} INFO - [2025-04-13T16:53:01.299+0000] {dag.py:4180} INFO - Setting next_dagrun for consume_1_and_2_with_dataset_expressions to None, run_after=None
[2025-04-13T16:53:01.319+0000] {logging_mixin.py:190} INFO - [2025-04-13T16:53:01.317+0000] {dag.py:4180} INFO - Setting next_dagrun for consume_1_or_2_with_dataset_expressions to None, run_after=None
[2025-04-13T16:53:01.323+0000] {logging_mixin.py:190} INFO - [2025-04-13T16:53:01.322+0000] {dag.py:4180} INFO - Setting next_dagrun for consume_1_or_both_2_and_3_with_dataset_expressions to None, run_after=None
[2025-04-13T16:53:01.327+0000] {logging_mixin.py:190} INFO - [2025-04-13T16:53:01.327+0000] {dag.py:4180} INFO - Setting next_dagrun for dataset_consumes_1 to None, run_after=None
[2025-04-13T16:53:01.333+0000] {logging_mixin.py:190} INFO - [2025-04-13T16:53:01.333+0000] {dag.py:4180} INFO - Setting next_dagrun for dataset_consumes_1_and_2 to None, run_after=None
[2025-04-13T16:53:01.341+0000] {logging_mixin.py:190} INFO - [2025-04-13T16:53:01.340+0000] {dag.py:4180} INFO - Setting next_dagrun for dataset_consumes_1_never_scheduled to None, run_after=None
[2025-04-13T16:53:01.346+0000] {logging_mixin.py:190} INFO - [2025-04-13T16:53:01.345+0000] {dag.py:4180} INFO - Setting next_dagrun for dataset_consumes_unknown_never_scheduled to None, run_after=None
[2025-04-13T16:53:01.357+0000] {logging_mixin.py:190} INFO - [2025-04-13T16:53:01.357+0000] {dag.py:4180} INFO - Setting next_dagrun for dataset_produces_1 to 2025-04-12 00:00:00+00:00, run_after=2025-04-13 00:00:00+00:00
[2025-04-13T16:53:01.371+0000] {logging_mixin.py:190} INFO - [2025-04-13T16:53:01.370+0000] {dag.py:4180} INFO - Setting next_dagrun for dataset_produces_2 to None, run_after=None
[2025-04-13T16:53:01.571+0000] {processor.py:208} INFO - Processing /home/airflow/.local/lib/python3.12/site-packages/airflow/example_dags/example_datasets.py took 4.729 seconds
[2025-04-13T16:53:48.475+0000] {processor.py:186} INFO - Started process (PID=503) to work on /home/airflow/.local/lib/python3.12/site-packages/airflow/example_dags/example_datasets.py
[2025-04-13T16:53:48.477+0000] {processor.py:914} INFO - Processing file /home/airflow/.local/lib/python3.12/site-packages/airflow/example_dags/example_datasets.py for tasks to queue
[2025-04-13T16:53:48.481+0000] {logging_mixin.py:190} INFO - [2025-04-13T16:53:48.480+0000] {dagbag.py:588} INFO - Filling up the DagBag from /home/airflow/.local/lib/python3.12/site-packages/airflow/example_dags/example_datasets.py
[2025-04-13T16:53:50.917+0000] {processor.py:925} INFO - DAG(s) 'dataset_consumes_1', 'consume_1_or_both_2_and_3_with_dataset_expressions', 'dataset_produces_1', 'conditional_dataset_and_time_based_timetable', 'dataset_consumes_1_never_scheduled', 'dataset_consumes_1_and_2', 'dataset_consumes_unknown_never_scheduled', 'consume_1_or_2_with_dataset_expressions', 'consume_1_and_2_with_dataset_expressions', 'dataset_produces_2' retrieved from /home/airflow/.local/lib/python3.12/site-packages/airflow/example_dags/example_datasets.py
[2025-04-13T16:53:51.121+0000] {logging_mixin.py:190} INFO - [2025-04-13T16:53:51.120+0000] {dag.py:3239} INFO - Sync 10 DAGs
[2025-04-13T16:53:51.193+0000] {logging_mixin.py:190} INFO - [2025-04-13T16:53:51.193+0000] {dag.py:4180} INFO - Setting next_dagrun for conditional_dataset_and_time_based_timetable to 2025-04-09 01:00:00+00:00, run_after=2025-04-09 01:00:00+00:00
[2025-04-13T16:53:51.213+0000] {logging_mixin.py:190} INFO - [2025-04-13T16:53:51.213+0000] {dag.py:4180} INFO - Setting next_dagrun for consume_1_and_2_with_dataset_expressions to None, run_after=None
[2025-04-13T16:53:51.218+0000] {logging_mixin.py:190} INFO - [2025-04-13T16:53:51.217+0000] {dag.py:4180} INFO - Setting next_dagrun for consume_1_or_2_with_dataset_expressions to None, run_after=None
[2025-04-13T16:53:51.222+0000] {logging_mixin.py:190} INFO - [2025-04-13T16:53:51.221+0000] {dag.py:4180} INFO - Setting next_dagrun for consume_1_or_both_2_and_3_with_dataset_expressions to None, run_after=None
[2025-04-13T16:53:51.226+0000] {logging_mixin.py:190} INFO - [2025-04-13T16:53:51.226+0000] {dag.py:4180} INFO - Setting next_dagrun for dataset_consumes_1 to None, run_after=None
[2025-04-13T16:53:51.230+0000] {logging_mixin.py:190} INFO - [2025-04-13T16:53:51.230+0000] {dag.py:4180} INFO - Setting next_dagrun for dataset_consumes_1_and_2 to None, run_after=None
[2025-04-13T16:53:51.235+0000] {logging_mixin.py:190} INFO - [2025-04-13T16:53:51.234+0000] {dag.py:4180} INFO - Setting next_dagrun for dataset_consumes_1_never_scheduled to None, run_after=None
[2025-04-13T16:53:51.242+0000] {logging_mixin.py:190} INFO - [2025-04-13T16:53:51.242+0000] {dag.py:4180} INFO - Setting next_dagrun for dataset_consumes_unknown_never_scheduled to None, run_after=None
[2025-04-13T16:53:51.260+0000] {logging_mixin.py:190} INFO - [2025-04-13T16:53:51.260+0000] {dag.py:4180} INFO - Setting next_dagrun for dataset_produces_1 to 2025-04-12 00:00:00+00:00, run_after=2025-04-13 00:00:00+00:00
[2025-04-13T16:53:51.265+0000] {logging_mixin.py:190} INFO - [2025-04-13T16:53:51.264+0000] {dag.py:4180} INFO - Setting next_dagrun for dataset_produces_2 to None, run_after=None
[2025-04-13T16:53:51.435+0000] {processor.py:208} INFO - Processing /home/airflow/.local/lib/python3.12/site-packages/airflow/example_dags/example_datasets.py took 2.969 seconds
[2025-04-13T16:54:26.452+0000] {processor.py:186} INFO - Started process (PID=559) to work on /home/airflow/.local/lib/python3.12/site-packages/airflow/example_dags/example_datasets.py
[2025-04-13T16:54:26.455+0000] {processor.py:914} INFO - Processing file /home/airflow/.local/lib/python3.12/site-packages/airflow/example_dags/example_datasets.py for tasks to queue
[2025-04-13T16:54:26.480+0000] {logging_mixin.py:190} INFO - [2025-04-13T16:54:26.477+0000] {dagbag.py:588} INFO - Filling up the DagBag from /home/airflow/.local/lib/python3.12/site-packages/airflow/example_dags/example_datasets.py
[2025-04-13T16:54:32.093+0000] {processor.py:925} INFO - DAG(s) 'dataset_consumes_1_never_scheduled', 'dataset_produces_2', 'dataset_consumes_1', 'dataset_consumes_1_and_2', 'conditional_dataset_and_time_based_timetable', 'dataset_produces_1', 'consume_1_or_2_with_dataset_expressions', 'consume_1_and_2_with_dataset_expressions', 'consume_1_or_both_2_and_3_with_dataset_expressions', 'dataset_consumes_unknown_never_scheduled' retrieved from /home/airflow/.local/lib/python3.12/site-packages/airflow/example_dags/example_datasets.py
[2025-04-13T16:54:32.505+0000] {logging_mixin.py:190} INFO - [2025-04-13T16:54:32.504+0000] {dag.py:3239} INFO - Sync 10 DAGs
[2025-04-13T16:54:32.673+0000] {logging_mixin.py:190} INFO - [2025-04-13T16:54:32.672+0000] {dag.py:4180} INFO - Setting next_dagrun for conditional_dataset_and_time_based_timetable to 2025-04-09 01:00:00+00:00, run_after=2025-04-09 01:00:00+00:00
[2025-04-13T16:54:32.694+0000] {logging_mixin.py:190} INFO - [2025-04-13T16:54:32.693+0000] {dag.py:4180} INFO - Setting next_dagrun for consume_1_and_2_with_dataset_expressions to None, run_after=None
[2025-04-13T16:54:32.711+0000] {logging_mixin.py:190} INFO - [2025-04-13T16:54:32.710+0000] {dag.py:4180} INFO - Setting next_dagrun for consume_1_or_2_with_dataset_expressions to None, run_after=None
[2025-04-13T16:54:32.723+0000] {logging_mixin.py:190} INFO - [2025-04-13T16:54:32.723+0000] {dag.py:4180} INFO - Setting next_dagrun for consume_1_or_both_2_and_3_with_dataset_expressions to None, run_after=None
[2025-04-13T16:54:32.752+0000] {logging_mixin.py:190} INFO - [2025-04-13T16:54:32.752+0000] {dag.py:4180} INFO - Setting next_dagrun for dataset_consumes_1 to None, run_after=None
[2025-04-13T16:54:32.760+0000] {logging_mixin.py:190} INFO - [2025-04-13T16:54:32.759+0000] {dag.py:4180} INFO - Setting next_dagrun for dataset_consumes_1_and_2 to None, run_after=None
[2025-04-13T16:54:32.765+0000] {logging_mixin.py:190} INFO - [2025-04-13T16:54:32.764+0000] {dag.py:4180} INFO - Setting next_dagrun for dataset_consumes_1_never_scheduled to None, run_after=None
[2025-04-13T16:54:32.774+0000] {logging_mixin.py:190} INFO - [2025-04-13T16:54:32.773+0000] {dag.py:4180} INFO - Setting next_dagrun for dataset_consumes_unknown_never_scheduled to None, run_after=None
[2025-04-13T16:54:32.786+0000] {logging_mixin.py:190} INFO - [2025-04-13T16:54:32.784+0000] {dag.py:4180} INFO - Setting next_dagrun for dataset_produces_1 to 2025-04-12 00:00:00+00:00, run_after=2025-04-13 00:00:00+00:00
[2025-04-13T16:54:32.806+0000] {logging_mixin.py:190} INFO - [2025-04-13T16:54:32.806+0000] {dag.py:4180} INFO - Setting next_dagrun for dataset_produces_2 to None, run_after=None
[2025-04-13T16:54:33.224+0000] {processor.py:208} INFO - Processing /home/airflow/.local/lib/python3.12/site-packages/airflow/example_dags/example_datasets.py took 6.795 seconds
[2025-04-13T16:55:07.111+0000] {processor.py:186} INFO - Started process (PID=619) to work on /home/airflow/.local/lib/python3.12/site-packages/airflow/example_dags/example_datasets.py
[2025-04-13T16:55:07.136+0000] {processor.py:914} INFO - Processing file /home/airflow/.local/lib/python3.12/site-packages/airflow/example_dags/example_datasets.py for tasks to queue
[2025-04-13T16:55:07.143+0000] {logging_mixin.py:190} INFO - [2025-04-13T16:55:07.143+0000] {dagbag.py:588} INFO - Filling up the DagBag from /home/airflow/.local/lib/python3.12/site-packages/airflow/example_dags/example_datasets.py
[2025-04-13T16:55:13.772+0000] {processor.py:925} INFO - DAG(s) 'dataset_produces_2', 'consume_1_or_2_with_dataset_expressions', 'conditional_dataset_and_time_based_timetable', 'dataset_consumes_1', 'dataset_produces_1', 'consume_1_and_2_with_dataset_expressions', 'dataset_consumes_1_never_scheduled', 'dataset_consumes_unknown_never_scheduled', 'dataset_consumes_1_and_2', 'consume_1_or_both_2_and_3_with_dataset_expressions' retrieved from /home/airflow/.local/lib/python3.12/site-packages/airflow/example_dags/example_datasets.py
[2025-04-13T16:55:15.012+0000] {logging_mixin.py:190} INFO - [2025-04-13T16:55:15.011+0000] {dag.py:3239} INFO - Sync 10 DAGs
[2025-04-13T16:55:15.505+0000] {logging_mixin.py:190} INFO - [2025-04-13T16:55:15.505+0000] {dag.py:4180} INFO - Setting next_dagrun for conditional_dataset_and_time_based_timetable to 2025-04-09 01:00:00+00:00, run_after=2025-04-09 01:00:00+00:00
[2025-04-13T16:55:15.607+0000] {logging_mixin.py:190} INFO - [2025-04-13T16:55:15.606+0000] {dag.py:4180} INFO - Setting next_dagrun for consume_1_and_2_with_dataset_expressions to None, run_after=None
[2025-04-13T16:55:15.631+0000] {logging_mixin.py:190} INFO - [2025-04-13T16:55:15.624+0000] {dag.py:4180} INFO - Setting next_dagrun for consume_1_or_2_with_dataset_expressions to None, run_after=None
[2025-04-13T16:55:15.640+0000] {logging_mixin.py:190} INFO - [2025-04-13T16:55:15.640+0000] {dag.py:4180} INFO - Setting next_dagrun for consume_1_or_both_2_and_3_with_dataset_expressions to None, run_after=None
[2025-04-13T16:55:15.668+0000] {logging_mixin.py:190} INFO - [2025-04-13T16:55:15.668+0000] {dag.py:4180} INFO - Setting next_dagrun for dataset_consumes_1 to None, run_after=None
[2025-04-13T16:55:15.683+0000] {logging_mixin.py:190} INFO - [2025-04-13T16:55:15.683+0000] {dag.py:4180} INFO - Setting next_dagrun for dataset_consumes_1_and_2 to None, run_after=None
[2025-04-13T16:55:15.698+0000] {logging_mixin.py:190} INFO - [2025-04-13T16:55:15.697+0000] {dag.py:4180} INFO - Setting next_dagrun for dataset_consumes_1_never_scheduled to None, run_after=None
[2025-04-13T16:55:15.717+0000] {logging_mixin.py:190} INFO - [2025-04-13T16:55:15.715+0000] {dag.py:4180} INFO - Setting next_dagrun for dataset_consumes_unknown_never_scheduled to None, run_after=None
[2025-04-13T16:55:15.734+0000] {logging_mixin.py:190} INFO - [2025-04-13T16:55:15.734+0000] {dag.py:4180} INFO - Setting next_dagrun for dataset_produces_1 to 2025-04-12 00:00:00+00:00, run_after=2025-04-13 00:00:00+00:00
[2025-04-13T16:55:15.761+0000] {logging_mixin.py:190} INFO - [2025-04-13T16:55:15.761+0000] {dag.py:4180} INFO - Setting next_dagrun for dataset_produces_2 to None, run_after=None
[2025-04-13T16:55:16.385+0000] {processor.py:208} INFO - Processing /home/airflow/.local/lib/python3.12/site-packages/airflow/example_dags/example_datasets.py took 9.303 seconds
[2025-04-13T17:02:38.846+0000] {processor.py:186} INFO - Started process (PID=94) to work on /home/airflow/.local/lib/python3.12/site-packages/airflow/example_dags/example_datasets.py
[2025-04-13T17:02:38.858+0000] {processor.py:914} INFO - Processing file /home/airflow/.local/lib/python3.12/site-packages/airflow/example_dags/example_datasets.py for tasks to queue
[2025-04-13T17:02:38.902+0000] {logging_mixin.py:190} INFO - [2025-04-13T17:02:38.901+0000] {dagbag.py:588} INFO - Filling up the DagBag from /home/airflow/.local/lib/python3.12/site-packages/airflow/example_dags/example_datasets.py
[2025-04-13T17:02:59.581+0000] {processor.py:925} INFO - DAG(s) 'dataset_consumes_1_and_2', 'dataset_consumes_unknown_never_scheduled', 'consume_1_or_2_with_dataset_expressions', 'consume_1_and_2_with_dataset_expressions', 'dataset_produces_1', 'dataset_consumes_1_never_scheduled', 'dataset_produces_2', 'consume_1_or_both_2_and_3_with_dataset_expressions', 'dataset_consumes_1', 'conditional_dataset_and_time_based_timetable' retrieved from /home/airflow/.local/lib/python3.12/site-packages/airflow/example_dags/example_datasets.py
[2025-04-13T17:03:01.311+0000] {logging_mixin.py:190} INFO - [2025-04-13T17:03:01.310+0000] {dag.py:3239} INFO - Sync 10 DAGs
[2025-04-13T17:03:02.248+0000] {logging_mixin.py:190} INFO - [2025-04-13T17:03:02.243+0000] {dag.py:4180} INFO - Setting next_dagrun for conditional_dataset_and_time_based_timetable to 2025-04-09 01:00:00+00:00, run_after=2025-04-09 01:00:00+00:00
[2025-04-13T17:03:02.507+0000] {logging_mixin.py:190} INFO - [2025-04-13T17:03:02.493+0000] {dag.py:4180} INFO - Setting next_dagrun for consume_1_and_2_with_dataset_expressions to None, run_after=None
[2025-04-13T17:03:02.581+0000] {logging_mixin.py:190} INFO - [2025-04-13T17:03:02.578+0000] {dag.py:4180} INFO - Setting next_dagrun for consume_1_or_2_with_dataset_expressions to None, run_after=None
[2025-04-13T17:03:02.643+0000] {logging_mixin.py:190} INFO - [2025-04-13T17:03:02.643+0000] {dag.py:4180} INFO - Setting next_dagrun for consume_1_or_both_2_and_3_with_dataset_expressions to None, run_after=None
[2025-04-13T17:03:02.831+0000] {logging_mixin.py:190} INFO - [2025-04-13T17:03:02.831+0000] {dag.py:4180} INFO - Setting next_dagrun for dataset_consumes_1 to None, run_after=None
[2025-04-13T17:03:03.292+0000] {logging_mixin.py:190} INFO - [2025-04-13T17:03:03.256+0000] {dag.py:4180} INFO - Setting next_dagrun for dataset_consumes_1_and_2 to None, run_after=None
[2025-04-13T17:03:03.326+0000] {logging_mixin.py:190} INFO - [2025-04-13T17:03:03.325+0000] {dag.py:4180} INFO - Setting next_dagrun for dataset_consumes_1_never_scheduled to None, run_after=None
[2025-04-13T17:03:03.381+0000] {logging_mixin.py:190} INFO - [2025-04-13T17:03:03.367+0000] {dag.py:4180} INFO - Setting next_dagrun for dataset_consumes_unknown_never_scheduled to None, run_after=None
[2025-04-13T17:03:03.613+0000] {logging_mixin.py:190} INFO - [2025-04-13T17:03:03.597+0000] {dag.py:4180} INFO - Setting next_dagrun for dataset_produces_1 to 2025-04-12 00:00:00+00:00, run_after=2025-04-13 00:00:00+00:00
[2025-04-13T17:03:03.760+0000] {logging_mixin.py:190} INFO - [2025-04-13T17:03:03.759+0000] {dag.py:4180} INFO - Setting next_dagrun for dataset_produces_2 to None, run_after=None
[2025-04-13T17:03:06.038+0000] {processor.py:208} INFO - Processing /home/airflow/.local/lib/python3.12/site-packages/airflow/example_dags/example_datasets.py took 27.238 seconds
[2025-04-13T17:05:08.467+0000] {processor.py:186} INFO - Started process (PID=181) to work on /home/airflow/.local/lib/python3.12/site-packages/airflow/example_dags/example_datasets.py
[2025-04-13T17:05:08.491+0000] {processor.py:914} INFO - Processing file /home/airflow/.local/lib/python3.12/site-packages/airflow/example_dags/example_datasets.py for tasks to queue
[2025-04-13T17:05:08.508+0000] {logging_mixin.py:190} INFO - [2025-04-13T17:05:08.507+0000] {dagbag.py:588} INFO - Filling up the DagBag from /home/airflow/.local/lib/python3.12/site-packages/airflow/example_dags/example_datasets.py
[2025-04-13T17:05:21.097+0000] {processor.py:925} INFO - DAG(s) 'consume_1_or_both_2_and_3_with_dataset_expressions', 'dataset_consumes_1', 'dataset_consumes_unknown_never_scheduled', 'dataset_consumes_1_and_2', 'conditional_dataset_and_time_based_timetable', 'consume_1_and_2_with_dataset_expressions', 'dataset_consumes_1_never_scheduled', 'dataset_produces_1', 'consume_1_or_2_with_dataset_expressions', 'dataset_produces_2' retrieved from /home/airflow/.local/lib/python3.12/site-packages/airflow/example_dags/example_datasets.py
[2025-04-13T17:05:22.641+0000] {logging_mixin.py:190} INFO - [2025-04-13T17:05:22.640+0000] {dag.py:3239} INFO - Sync 10 DAGs
[2025-04-13T17:05:23.307+0000] {logging_mixin.py:190} INFO - [2025-04-13T17:05:23.307+0000] {dag.py:4180} INFO - Setting next_dagrun for conditional_dataset_and_time_based_timetable to 2025-04-09 01:00:00+00:00, run_after=2025-04-09 01:00:00+00:00
[2025-04-13T17:05:23.374+0000] {logging_mixin.py:190} INFO - [2025-04-13T17:05:23.374+0000] {dag.py:4180} INFO - Setting next_dagrun for consume_1_and_2_with_dataset_expressions to None, run_after=None
[2025-04-13T17:05:23.493+0000] {logging_mixin.py:190} INFO - [2025-04-13T17:05:23.412+0000] {dag.py:4180} INFO - Setting next_dagrun for consume_1_or_2_with_dataset_expressions to None, run_after=None
[2025-04-13T17:05:23.571+0000] {logging_mixin.py:190} INFO - [2025-04-13T17:05:23.570+0000] {dag.py:4180} INFO - Setting next_dagrun for consume_1_or_both_2_and_3_with_dataset_expressions to None, run_after=None
[2025-04-13T17:05:23.923+0000] {logging_mixin.py:190} INFO - [2025-04-13T17:05:23.922+0000] {dag.py:4180} INFO - Setting next_dagrun for dataset_consumes_1 to None, run_after=None
[2025-04-13T17:05:24.120+0000] {logging_mixin.py:190} INFO - [2025-04-13T17:05:24.119+0000] {dag.py:4180} INFO - Setting next_dagrun for dataset_consumes_1_and_2 to None, run_after=None
[2025-04-13T17:05:24.304+0000] {logging_mixin.py:190} INFO - [2025-04-13T17:05:24.303+0000] {dag.py:4180} INFO - Setting next_dagrun for dataset_consumes_1_never_scheduled to None, run_after=None
[2025-04-13T17:05:24.418+0000] {logging_mixin.py:190} INFO - [2025-04-13T17:05:24.418+0000] {dag.py:4180} INFO - Setting next_dagrun for dataset_consumes_unknown_never_scheduled to None, run_after=None
[2025-04-13T17:05:24.583+0000] {logging_mixin.py:190} INFO - [2025-04-13T17:05:24.546+0000] {dag.py:4180} INFO - Setting next_dagrun for dataset_produces_1 to 2025-04-12 00:00:00+00:00, run_after=2025-04-13 00:00:00+00:00
[2025-04-13T17:05:24.808+0000] {logging_mixin.py:190} INFO - [2025-04-13T17:05:24.807+0000] {dag.py:4180} INFO - Setting next_dagrun for dataset_produces_2 to None, run_after=None
[2025-04-13T17:05:26.481+0000] {processor.py:208} INFO - Processing /home/airflow/.local/lib/python3.12/site-packages/airflow/example_dags/example_datasets.py took 18.163 seconds
[2025-04-13T17:22:08.364+0000] {processor.py:186} INFO - Started process (PID=137) to work on /home/airflow/.local/lib/python3.12/site-packages/airflow/example_dags/example_datasets.py
[2025-04-13T17:22:08.587+0000] {processor.py:914} INFO - Processing file /home/airflow/.local/lib/python3.12/site-packages/airflow/example_dags/example_datasets.py for tasks to queue
[2025-04-13T17:22:09.022+0000] {logging_mixin.py:190} INFO - [2025-04-13T17:22:08.854+0000] {dagbag.py:588} INFO - Filling up the DagBag from /home/airflow/.local/lib/python3.12/site-packages/airflow/example_dags/example_datasets.py
[2025-04-13T17:22:41.285+0000] {logging_mixin.py:190} INFO - [2025-04-13T17:22:41.284+0000] {timeout.py:68} ERROR - Process timed out, PID: 137
[2025-04-13T17:22:41.287+0000] {logging_mixin.py:190} WARNING - Exception ignored in: <function WeakKeyDictionary.__init__.<locals>.remove at 0x7f1e5c885260>
[2025-04-13T17:22:41.334+0000] {logging_mixin.py:190} WARNING - Traceback (most recent call last):
[2025-04-13T17:22:41.478+0000] {logging_mixin.py:190} WARNING -   File "/usr/local/lib/python3.12/weakref.py", line 369, in remove
[2025-04-13T17:22:41.663+0000] {logging_mixin.py:190} WARNING -     def remove(k, selfref=ref(self)):
[2025-04-13T17:22:41.695+0000] {logging_mixin.py:190} WARNING -   File "/home/airflow/.local/lib/python3.12/site-packages/airflow/utils/timeout.py", line 69, in handle_timeout
[2025-04-13T17:22:41.735+0000] {logging_mixin.py:190} WARNING -     raise AirflowTaskTimeout(self.error_message)
[2025-04-13T17:22:41.752+0000] {logging_mixin.py:190} WARNING - airflow.exceptions.AirflowTaskTimeout: DagBag import timeout for /home/airflow/.local/lib/python3.12/site-packages/airflow/example_dags/example_datasets.py after 30.0s.
Please take a look at these docs to improve your DAG import time:
* https://airflow.apache.org/docs/apache-airflow/2.10.5/best-practices.html#top-level-python-code
* https://airflow.apache.org/docs/apache-airflow/2.10.5/best-practices.html#reducing-dag-complexity, PID: 137
[2025-04-13T17:22:43.445+0000] {processor.py:925} INFO - DAG(s) 'dataset_consumes_unknown_never_scheduled', 'consume_1_or_2_with_dataset_expressions', 'dataset_produces_1', 'consume_1_and_2_with_dataset_expressions', 'dataset_consumes_1_and_2', 'dataset_consumes_1_never_scheduled', 'conditional_dataset_and_time_based_timetable', 'dataset_produces_2', 'dataset_consumes_1', 'consume_1_or_both_2_and_3_with_dataset_expressions' retrieved from /home/airflow/.local/lib/python3.12/site-packages/airflow/example_dags/example_datasets.py
[2025-04-13T17:22:50.648+0000] {logging_mixin.py:190} INFO - [2025-04-13T17:22:50.589+0000] {dag.py:3239} INFO - Sync 10 DAGs
[2025-04-13T17:22:54.100+0000] {logging_mixin.py:190} INFO - [2025-04-13T17:22:53.733+0000] {dag.py:4180} INFO - Setting next_dagrun for conditional_dataset_and_time_based_timetable to 2025-04-09 01:00:00+00:00, run_after=2025-04-09 01:00:00+00:00
[2025-04-13T17:22:54.412+0000] {logging_mixin.py:190} INFO - [2025-04-13T17:22:54.412+0000] {dag.py:4180} INFO - Setting next_dagrun for consume_1_and_2_with_dataset_expressions to None, run_after=None
[2025-04-13T17:22:54.828+0000] {logging_mixin.py:190} INFO - [2025-04-13T17:22:54.827+0000] {dag.py:4180} INFO - Setting next_dagrun for consume_1_or_2_with_dataset_expressions to None, run_after=None
[2025-04-13T17:22:55.010+0000] {logging_mixin.py:190} INFO - [2025-04-13T17:22:55.009+0000] {dag.py:4180} INFO - Setting next_dagrun for consume_1_or_both_2_and_3_with_dataset_expressions to None, run_after=None
[2025-04-13T17:22:55.185+0000] {logging_mixin.py:190} INFO - [2025-04-13T17:22:55.185+0000] {dag.py:4180} INFO - Setting next_dagrun for dataset_consumes_1 to None, run_after=None
[2025-04-13T17:22:55.877+0000] {logging_mixin.py:190} INFO - [2025-04-13T17:22:55.876+0000] {dag.py:4180} INFO - Setting next_dagrun for dataset_consumes_1_and_2 to None, run_after=None
[2025-04-13T17:22:56.070+0000] {logging_mixin.py:190} INFO - [2025-04-13T17:22:56.070+0000] {dag.py:4180} INFO - Setting next_dagrun for dataset_consumes_1_never_scheduled to None, run_after=None
[2025-04-13T17:22:56.116+0000] {logging_mixin.py:190} INFO - [2025-04-13T17:22:56.115+0000] {dag.py:4180} INFO - Setting next_dagrun for dataset_consumes_unknown_never_scheduled to None, run_after=None
[2025-04-13T17:22:56.243+0000] {logging_mixin.py:190} INFO - [2025-04-13T17:22:56.131+0000] {dag.py:4180} INFO - Setting next_dagrun for dataset_produces_1 to 2025-04-12 00:00:00+00:00, run_after=2025-04-13 00:00:00+00:00
[2025-04-13T17:22:56.315+0000] {logging_mixin.py:190} INFO - [2025-04-13T17:22:56.315+0000] {dag.py:4180} INFO - Setting next_dagrun for dataset_produces_2 to None, run_after=None
[2025-04-13T18:08:05.842+0000] {processor.py:186} INFO - Started process (PID=220) to work on /home/airflow/.local/lib/python3.12/site-packages/airflow/example_dags/example_datasets.py
[2025-04-13T18:08:06.002+0000] {processor.py:914} INFO - Processing file /home/airflow/.local/lib/python3.12/site-packages/airflow/example_dags/example_datasets.py for tasks to queue
[2025-04-13T18:08:06.222+0000] {logging_mixin.py:190} INFO - [2025-04-13T18:08:06.030+0000] {dagbag.py:588} INFO - Filling up the DagBag from /home/airflow/.local/lib/python3.12/site-packages/airflow/example_dags/example_datasets.py
[2025-04-13T18:08:37.093+0000] {logging_mixin.py:190} INFO - [2025-04-13T18:08:37.093+0000] {timeout.py:68} ERROR - Process timed out, PID: 220
[2025-04-13T18:08:39.496+0000] {logging_mixin.py:190} INFO - [2025-04-13T18:08:37.571+0000] {dagbag.py:387} ERROR - Failed to import: /home/airflow/.local/lib/python3.12/site-packages/airflow/example_dags/example_datasets.py
Traceback (most recent call last):
  File "/home/airflow/.local/lib/python3.12/site-packages/airflow/models/dagbag.py", line 383, in parse
    loader.exec_module(new_module)
  File "<frozen importlib._bootstrap_external>", line 999, in exec_module
  File "<frozen importlib._bootstrap>", line 488, in _call_with_frames_removed
  File "/home/airflow/.local/lib/python3.12/site-packages/airflow/example_dags/example_datasets.py", line 64, in <module>
    dag1_dataset = Dataset("s3://dag1/output_1.txt", extra={"hi": "bye"})
                   ^^^^^^^^^^^^^^^^^^^^^^^^^^^^^^^^^^^^^^^^^^^^^^^^^^^^^^
  File "<attrs generated init airflow.datasets.Dataset>", line 3, in __init__
    _setattr('uri', __attr_converter_uri(uri))
                    ^^^^^^^^^^^^^^^^^^^^^^^^^
  File "/home/airflow/.local/lib/python3.12/site-packages/airflow/datasets/__init__.py", line 108, in _sanitize_uri
    if (normalizer := _get_uri_normalizer(normalized_scheme)) is not None:
                      ^^^^^^^^^^^^^^^^^^^^^^^^^^^^^^^^^^^^^^
  File "/home/airflow/.local/lib/python3.12/site-packages/airflow/datasets/__init__.py", line 58, in _get_uri_normalizer
    return ProvidersManager().dataset_uri_handlers.get(scheme)
           ^^^^^^^^^^^^^^^^^^^^^^^^^^^^^^^^^^^^^^^
  File "/home/airflow/.local/lib/python3.12/site-packages/airflow/providers_manager.py", line 1333, in dataset_uri_handlers
    self.initialize_providers_dataset_uri_resources()
  File "/home/airflow/.local/lib/python3.12/site-packages/airflow/providers_manager.py", line 384, in wrapped_function
    func(*args, **kwargs)
  File "/home/airflow/.local/lib/python3.12/site-packages/airflow/providers_manager.py", line 532, in initialize_providers_dataset_uri_resources
    self._discover_dataset_uri_resources()
  File "/home/airflow/.local/lib/python3.12/site-packages/airflow/providers_manager.py", line 914, in _discover_dataset_uri_resources
    _safe_register_resource(
  File "/home/airflow/.local/lib/python3.12/site-packages/airflow/providers_manager.py", line 902, in _safe_register_resource
    _correctness_check(provider_package_name, resource_path, provider)
  File "/home/airflow/.local/lib/python3.12/site-packages/airflow/providers_manager.py", line 327, in _correctness_check
    imported_class = import_string(class_name)
                     ^^^^^^^^^^^^^^^^^^^^^^^^^
  File "/home/airflow/.local/lib/python3.12/site-packages/airflow/utils/module_loading.py", line 39, in import_string
    module = import_module(module_path)
             ^^^^^^^^^^^^^^^^^^^^^^^^^^
  File "/usr/local/lib/python3.12/importlib/__init__.py", line 90, in import_module
    return _bootstrap._gcd_import(name[level:], package, level)
           ^^^^^^^^^^^^^^^^^^^^^^^^^^^^^^^^^^^^^^^^^^^^^^^^^^^^
  File "<frozen importlib._bootstrap>", line 1387, in _gcd_import
  File "<frozen importlib._bootstrap>", line 1360, in _find_and_load
  File "<frozen importlib._bootstrap>", line 1331, in _find_and_load_unlocked
  File "<frozen importlib._bootstrap>", line 935, in _load_unlocked
  File "<frozen importlib._bootstrap_external>", line 999, in exec_module
  File "<frozen importlib._bootstrap>", line 488, in _call_with_frames_removed
  File "/home/airflow/.local/lib/python3.12/site-packages/airflow/providers/google/assets/gcs.py", line 21, in <module>
    from airflow.providers.google.cloud.hooks.gcs import _parse_gcs_url
  File "/home/airflow/.local/lib/python3.12/site-packages/airflow/providers/google/cloud/hooks/gcs.py", line 37, in <module>
    from gcloud.aio.storage import Storage
  File "/home/airflow/.local/lib/python3.12/site-packages/gcloud/aio/storage/__init__.py", line 158, in <module>
    from .storage import SCOPES
  File "<frozen importlib._bootstrap>", line 1360, in _find_and_load
  File "<frozen importlib._bootstrap>", line 1331, in _find_and_load_unlocked
  File "<frozen importlib._bootstrap>", line 935, in _load_unlocked
  File "<frozen importlib._bootstrap_external>", line 995, in exec_module
  File "<frozen importlib._bootstrap_external>", line 1091, in get_code
  File "<frozen importlib._bootstrap_external>", line 1191, in get_data
  File "/home/airflow/.local/lib/python3.12/site-packages/airflow/utils/timeout.py", line 69, in handle_timeout
    raise AirflowTaskTimeout(self.error_message)
airflow.exceptions.AirflowTaskTimeout: DagBag import timeout for /home/airflow/.local/lib/python3.12/site-packages/airflow/example_dags/example_datasets.py after 30.0s.
Please take a look at these docs to improve your DAG import time:
* https://airflow.apache.org/docs/apache-airflow/2.10.5/best-practices.html#top-level-python-code
* https://airflow.apache.org/docs/apache-airflow/2.10.5/best-practices.html#reducing-dag-complexity, PID: 220
[2025-04-13T18:08:39.858+0000] {processor.py:927} WARNING - No viable dags retrieved from /home/airflow/.local/lib/python3.12/site-packages/airflow/example_dags/example_datasets.py
[2025-04-13T18:08:44.216+0000] {processor.py:208} INFO - Processing /home/airflow/.local/lib/python3.12/site-packages/airflow/example_dags/example_datasets.py took 38.864 seconds
[2025-04-13T18:17:09.401+0000] {processor.py:186} INFO - Started process (PID=367) to work on /home/airflow/.local/lib/python3.12/site-packages/airflow/example_dags/example_datasets.py
[2025-04-13T18:17:09.617+0000] {processor.py:914} INFO - Processing file /home/airflow/.local/lib/python3.12/site-packages/airflow/example_dags/example_datasets.py for tasks to queue
[2025-04-13T18:17:09.840+0000] {logging_mixin.py:190} INFO - [2025-04-13T18:17:09.696+0000] {dagbag.py:588} INFO - Filling up the DagBag from /home/airflow/.local/lib/python3.12/site-packages/airflow/example_dags/example_datasets.py
[2025-04-13T18:17:40.011+0000] {logging_mixin.py:190} INFO - [2025-04-13T18:17:40.006+0000] {timeout.py:68} ERROR - Process timed out, PID: 367
[2025-04-13T18:17:40.661+0000] {logging_mixin.py:190} INFO - [2025-04-13T18:17:40.035+0000] {dagbag.py:387} ERROR - Failed to import: /home/airflow/.local/lib/python3.12/site-packages/airflow/example_dags/example_datasets.py
Traceback (most recent call last):
  File "/home/airflow/.local/lib/python3.12/site-packages/airflow/models/dagbag.py", line 383, in parse
    loader.exec_module(new_module)
  File "<frozen importlib._bootstrap_external>", line 999, in exec_module
  File "<frozen importlib._bootstrap>", line 488, in _call_with_frames_removed
  File "/home/airflow/.local/lib/python3.12/site-packages/airflow/example_dags/example_datasets.py", line 64, in <module>
    dag1_dataset = Dataset("s3://dag1/output_1.txt", extra={"hi": "bye"})
                   ^^^^^^^^^^^^^^^^^^^^^^^^^^^^^^^^^^^^^^^^^^^^^^^^^^^^^^
  File "<attrs generated init airflow.datasets.Dataset>", line 3, in __init__
    _setattr('uri', __attr_converter_uri(uri))
                    ^^^^^^^^^^^^^^^^^^^^^^^^^
  File "/home/airflow/.local/lib/python3.12/site-packages/airflow/datasets/__init__.py", line 108, in _sanitize_uri
    if (normalizer := _get_uri_normalizer(normalized_scheme)) is not None:
                      ^^^^^^^^^^^^^^^^^^^^^^^^^^^^^^^^^^^^^^
  File "/home/airflow/.local/lib/python3.12/site-packages/airflow/datasets/__init__.py", line 58, in _get_uri_normalizer
    return ProvidersManager().dataset_uri_handlers.get(scheme)
           ^^^^^^^^^^^^^^^^^^^^^^^^^^^^^^^^^^^^^^^
  File "/home/airflow/.local/lib/python3.12/site-packages/airflow/providers_manager.py", line 1333, in dataset_uri_handlers
    self.initialize_providers_dataset_uri_resources()
  File "/home/airflow/.local/lib/python3.12/site-packages/airflow/providers_manager.py", line 384, in wrapped_function
    func(*args, **kwargs)
  File "/home/airflow/.local/lib/python3.12/site-packages/airflow/providers_manager.py", line 532, in initialize_providers_dataset_uri_resources
    self._discover_dataset_uri_resources()
  File "/home/airflow/.local/lib/python3.12/site-packages/airflow/providers_manager.py", line 914, in _discover_dataset_uri_resources
    _safe_register_resource(
  File "/home/airflow/.local/lib/python3.12/site-packages/airflow/providers_manager.py", line 902, in _safe_register_resource
    _correctness_check(provider_package_name, resource_path, provider)
  File "/home/airflow/.local/lib/python3.12/site-packages/airflow/providers_manager.py", line 327, in _correctness_check
    imported_class = import_string(class_name)
                     ^^^^^^^^^^^^^^^^^^^^^^^^^
  File "/home/airflow/.local/lib/python3.12/site-packages/airflow/utils/module_loading.py", line 39, in import_string
    module = import_module(module_path)
             ^^^^^^^^^^^^^^^^^^^^^^^^^^
  File "/usr/local/lib/python3.12/importlib/__init__.py", line 90, in import_module
    return _bootstrap._gcd_import(name[level:], package, level)
           ^^^^^^^^^^^^^^^^^^^^^^^^^^^^^^^^^^^^^^^^^^^^^^^^^^^^
  File "<frozen importlib._bootstrap>", line 1387, in _gcd_import
  File "<frozen importlib._bootstrap>", line 1360, in _find_and_load
  File "<frozen importlib._bootstrap>", line 1331, in _find_and_load_unlocked
  File "<frozen importlib._bootstrap>", line 935, in _load_unlocked
  File "<frozen importlib._bootstrap_external>", line 999, in exec_module
  File "<frozen importlib._bootstrap>", line 488, in _call_with_frames_removed
  File "/home/airflow/.local/lib/python3.12/site-packages/airflow/providers/google/assets/gcs.py", line 21, in <module>
    from airflow.providers.google.cloud.hooks.gcs import _parse_gcs_url
  File "/home/airflow/.local/lib/python3.12/site-packages/airflow/providers/google/cloud/hooks/gcs.py", line 41, in <module>
    from google.cloud import storage  # type: ignore[attr-defined]
    ^^^^^^^^^^^^^^^^^^^^^^^^^^^^^^^^
  File "/home/airflow/.local/lib/python3.12/site-packages/google/cloud/storage/__init__.py", line 35, in <module>
    from google.cloud.storage.batch import Batch
  File "/home/airflow/.local/lib/python3.12/site-packages/google/cloud/storage/batch.py", line 44, in <module>
    from google.cloud.storage._http import Connection
  File "/home/airflow/.local/lib/python3.12/site-packages/google/cloud/storage/_http.py", line 21, in <module>
    from google.cloud.storage._opentelemetry_tracing import create_trace_span
  File "/home/airflow/.local/lib/python3.12/site-packages/google/cloud/storage/_opentelemetry_tracing.py", line 37, in <module>
    from opentelemetry import trace
  File "/home/airflow/.local/lib/python3.12/site-packages/opentelemetry/trace/__init__.py", line 86, in <module>
    from opentelemetry import context as context_api
  File "/home/airflow/.local/lib/python3.12/site-packages/opentelemetry/context/__init__.py", line 69, in <module>
    _RUNTIME_CONTEXT = _load_runtime_context()
                       ^^^^^^^^^^^^^^^^^^^^^^^
  File "/home/airflow/.local/lib/python3.12/site-packages/opentelemetry/context/__init__.py", line 47, in _load_runtime_context
    entry_points(  # type: ignore
  File "/home/airflow/.local/lib/python3.12/site-packages/importlib_metadata/__init__.py", line 952, in entry_points
    return EntryPoints(eps).select(**params)
           ^^^^^^^^^^^^^^^^
  File "/home/airflow/.local/lib/python3.12/site-packages/importlib_metadata/__init__.py", line 950, in <genexpr>
    dist.entry_points for dist in _unique(distributions())
                                  ^^^^^^^^^^^^^^^^^^^^^^^^
  File "/home/airflow/.local/lib/python3.12/site-packages/importlib_metadata/_itertools.py", line 15, in unique_everseen
    for element in iterable:
                   ^^^^^^^^
  File "/home/airflow/.local/lib/python3.12/site-packages/importlib_metadata/__init__.py", line 382, in __new__
    return super().__new__(cls)
           ^^^^^^^^^^^^^^^^^^^^
  File "/home/airflow/.local/lib/python3.12/site-packages/airflow/utils/timeout.py", line 69, in handle_timeout
    raise AirflowTaskTimeout(self.error_message)
airflow.exceptions.AirflowTaskTimeout: DagBag import timeout for /home/airflow/.local/lib/python3.12/site-packages/airflow/example_dags/example_datasets.py after 30.0s.
Please take a look at these docs to improve your DAG import time:
* https://airflow.apache.org/docs/apache-airflow/2.10.5/best-practices.html#top-level-python-code
* https://airflow.apache.org/docs/apache-airflow/2.10.5/best-practices.html#reducing-dag-complexity, PID: 367
[2025-04-13T18:17:41.175+0000] {processor.py:927} WARNING - No viable dags retrieved from /home/airflow/.local/lib/python3.12/site-packages/airflow/example_dags/example_datasets.py
[2025-04-13T18:17:43.635+0000] {processor.py:208} INFO - Processing /home/airflow/.local/lib/python3.12/site-packages/airflow/example_dags/example_datasets.py took 34.638 seconds
[2025-04-13T18:24:03.872+0000] {processor.py:186} INFO - Started process (PID=490) to work on /home/airflow/.local/lib/python3.12/site-packages/airflow/example_dags/example_datasets.py
[2025-04-13T18:24:03.993+0000] {processor.py:914} INFO - Processing file /home/airflow/.local/lib/python3.12/site-packages/airflow/example_dags/example_datasets.py for tasks to queue
[2025-04-13T18:24:04.151+0000] {logging_mixin.py:190} INFO - [2025-04-13T18:24:04.147+0000] {dagbag.py:588} INFO - Filling up the DagBag from /home/airflow/.local/lib/python3.12/site-packages/airflow/example_dags/example_datasets.py
[2025-04-13T18:24:34.435+0000] {logging_mixin.py:190} INFO - [2025-04-13T18:24:34.431+0000] {timeout.py:68} ERROR - Process timed out, PID: 490
[2025-04-13T18:24:34.934+0000] {logging_mixin.py:190} INFO - [2025-04-13T18:24:34.622+0000] {dagbag.py:387} ERROR - Failed to import: /home/airflow/.local/lib/python3.12/site-packages/airflow/example_dags/example_datasets.py
Traceback (most recent call last):
  File "/home/airflow/.local/lib/python3.12/site-packages/airflow/models/dagbag.py", line 383, in parse
    loader.exec_module(new_module)
  File "<frozen importlib._bootstrap_external>", line 999, in exec_module
  File "<frozen importlib._bootstrap>", line 488, in _call_with_frames_removed
  File "/home/airflow/.local/lib/python3.12/site-packages/airflow/example_dags/example_datasets.py", line 64, in <module>
    dag1_dataset = Dataset("s3://dag1/output_1.txt", extra={"hi": "bye"})
                   ^^^^^^^^^^^^^^^^^^^^^^^^^^^^^^^^^^^^^^^^^^^^^^^^^^^^^^
  File "<attrs generated init airflow.datasets.Dataset>", line 3, in __init__
    _setattr('uri', __attr_converter_uri(uri))
                    ^^^^^^^^^^^^^^^^^^^^^^^^^
  File "/home/airflow/.local/lib/python3.12/site-packages/airflow/datasets/__init__.py", line 108, in _sanitize_uri
    if (normalizer := _get_uri_normalizer(normalized_scheme)) is not None:
                      ^^^^^^^^^^^^^^^^^^^^^^^^^^^^^^^^^^^^^^
  File "/home/airflow/.local/lib/python3.12/site-packages/airflow/datasets/__init__.py", line 58, in _get_uri_normalizer
    return ProvidersManager().dataset_uri_handlers.get(scheme)
           ^^^^^^^^^^^^^^^^^^^^^^^^^^^^^^^^^^^^^^^
  File "/home/airflow/.local/lib/python3.12/site-packages/airflow/providers_manager.py", line 1333, in dataset_uri_handlers
    self.initialize_providers_dataset_uri_resources()
  File "/home/airflow/.local/lib/python3.12/site-packages/airflow/providers_manager.py", line 384, in wrapped_function
    func(*args, **kwargs)
  File "/home/airflow/.local/lib/python3.12/site-packages/airflow/providers_manager.py", line 532, in initialize_providers_dataset_uri_resources
    self._discover_dataset_uri_resources()
  File "/home/airflow/.local/lib/python3.12/site-packages/airflow/providers_manager.py", line 914, in _discover_dataset_uri_resources
    _safe_register_resource(
  File "/home/airflow/.local/lib/python3.12/site-packages/airflow/providers_manager.py", line 902, in _safe_register_resource
    _correctness_check(provider_package_name, resource_path, provider)
  File "/home/airflow/.local/lib/python3.12/site-packages/airflow/providers_manager.py", line 327, in _correctness_check
    imported_class = import_string(class_name)
                     ^^^^^^^^^^^^^^^^^^^^^^^^^
  File "/home/airflow/.local/lib/python3.12/site-packages/airflow/utils/module_loading.py", line 39, in import_string
    module = import_module(module_path)
             ^^^^^^^^^^^^^^^^^^^^^^^^^^
  File "/usr/local/lib/python3.12/importlib/__init__.py", line 90, in import_module
    return _bootstrap._gcd_import(name[level:], package, level)
           ^^^^^^^^^^^^^^^^^^^^^^^^^^^^^^^^^^^^^^^^^^^^^^^^^^^^
  File "<frozen importlib._bootstrap>", line 1387, in _gcd_import
  File "<frozen importlib._bootstrap>", line 1360, in _find_and_load
  File "<frozen importlib._bootstrap>", line 1331, in _find_and_load_unlocked
  File "<frozen importlib._bootstrap>", line 935, in _load_unlocked
  File "<frozen importlib._bootstrap_external>", line 999, in exec_module
  File "<frozen importlib._bootstrap>", line 488, in _call_with_frames_removed
  File "/home/airflow/.local/lib/python3.12/site-packages/airflow/providers/google/assets/gcs.py", line 21, in <module>
    from airflow.providers.google.cloud.hooks.gcs import _parse_gcs_url
  File "/home/airflow/.local/lib/python3.12/site-packages/airflow/providers/google/cloud/hooks/gcs.py", line 50, in <module>
    from airflow.providers.google.common.hooks.base_google import (
  File "/home/airflow/.local/lib/python3.12/site-packages/airflow/providers/google/common/hooks/base_google.py", line 36, in <module>
    import google_auth_httplib2
  File "/home/airflow/.local/lib/python3.12/site-packages/google_auth_httplib2.py", line 24, in <module>
    import httplib2
  File "/home/airflow/.local/lib/python3.12/site-packages/httplib2/__init__.py", line 53, in <module>
    from . import auth
  File "/home/airflow/.local/lib/python3.12/site-packages/httplib2/auth.py", line 4, in <module>
    import pyparsing as pp
  File "/home/airflow/.local/lib/python3.12/site-packages/pyparsing/__init__.py", line 132, in <module>
    from .core import __diag__, __compat__
  File "<frozen importlib._bootstrap>", line 1360, in _find_and_load
  File "<frozen importlib._bootstrap>", line 1331, in _find_and_load_unlocked
  File "<frozen importlib._bootstrap>", line 935, in _load_unlocked
  File "<frozen importlib._bootstrap_external>", line 995, in exec_module
  File "<frozen importlib._bootstrap_external>", line 1128, in get_code
  File "<frozen importlib._bootstrap_external>", line 759, in _compile_bytecode
  File "<frozen importlib._bootstrap>", line 491, in _verbose_message
  File "/home/airflow/.local/lib/python3.12/site-packages/airflow/utils/timeout.py", line 69, in handle_timeout
    raise AirflowTaskTimeout(self.error_message)
airflow.exceptions.AirflowTaskTimeout: DagBag import timeout for /home/airflow/.local/lib/python3.12/site-packages/airflow/example_dags/example_datasets.py after 30.0s.
Please take a look at these docs to improve your DAG import time:
* https://airflow.apache.org/docs/apache-airflow/2.10.5/best-practices.html#top-level-python-code
* https://airflow.apache.org/docs/apache-airflow/2.10.5/best-practices.html#reducing-dag-complexity, PID: 490
[2025-04-13T18:24:35.208+0000] {processor.py:927} WARNING - No viable dags retrieved from /home/airflow/.local/lib/python3.12/site-packages/airflow/example_dags/example_datasets.py
[2025-04-13T18:24:37.389+0000] {processor.py:208} INFO - Processing /home/airflow/.local/lib/python3.12/site-packages/airflow/example_dags/example_datasets.py took 33.939 seconds
[2025-04-13T20:51:37.525+0000] {processor.py:186} INFO - Started process (PID=79) to work on /home/airflow/.local/lib/python3.12/site-packages/airflow/example_dags/example_datasets.py
[2025-04-13T20:51:37.538+0000] {processor.py:914} INFO - Processing file /home/airflow/.local/lib/python3.12/site-packages/airflow/example_dags/example_datasets.py for tasks to queue
[2025-04-13T20:51:37.549+0000] {logging_mixin.py:190} INFO - [2025-04-13T20:51:37.549+0000] {dagbag.py:588} INFO - Filling up the DagBag from /home/airflow/.local/lib/python3.12/site-packages/airflow/example_dags/example_datasets.py
[2025-04-13T20:51:43.827+0000] {processor.py:925} INFO - DAG(s) 'dataset_produces_2', 'conditional_dataset_and_time_based_timetable', 'consume_1_or_both_2_and_3_with_dataset_expressions', 'dataset_consumes_1', 'dataset_consumes_1_and_2', 'dataset_consumes_1_never_scheduled', 'consume_1_and_2_with_dataset_expressions', 'consume_1_or_2_with_dataset_expressions', 'dataset_consumes_unknown_never_scheduled', 'dataset_produces_1' retrieved from /home/airflow/.local/lib/python3.12/site-packages/airflow/example_dags/example_datasets.py
[2025-04-13T20:51:47.716+0000] {logging_mixin.py:190} INFO - [2025-04-13T20:51:47.716+0000] {dag.py:3239} INFO - Sync 10 DAGs
[2025-04-13T20:51:47.973+0000] {logging_mixin.py:190} INFO - [2025-04-13T20:51:47.973+0000] {dag.py:4180} INFO - Setting next_dagrun for conditional_dataset_and_time_based_timetable to 2025-04-09 01:00:00+00:00, run_after=2025-04-09 01:00:00+00:00
[2025-04-13T20:51:48.011+0000] {logging_mixin.py:190} INFO - [2025-04-13T20:51:48.008+0000] {dag.py:4180} INFO - Setting next_dagrun for consume_1_and_2_with_dataset_expressions to None, run_after=None
[2025-04-13T20:51:48.026+0000] {logging_mixin.py:190} INFO - [2025-04-13T20:51:48.025+0000] {dag.py:4180} INFO - Setting next_dagrun for consume_1_or_2_with_dataset_expressions to None, run_after=None
[2025-04-13T20:51:48.042+0000] {logging_mixin.py:190} INFO - [2025-04-13T20:51:48.041+0000] {dag.py:4180} INFO - Setting next_dagrun for consume_1_or_both_2_and_3_with_dataset_expressions to None, run_after=None
[2025-04-13T20:51:48.120+0000] {logging_mixin.py:190} INFO - [2025-04-13T20:51:48.117+0000] {dag.py:4180} INFO - Setting next_dagrun for dataset_consumes_1 to None, run_after=None
[2025-04-13T20:51:48.179+0000] {logging_mixin.py:190} INFO - [2025-04-13T20:51:48.163+0000] {dag.py:4180} INFO - Setting next_dagrun for dataset_consumes_1_and_2 to None, run_after=None
[2025-04-13T20:51:48.189+0000] {logging_mixin.py:190} INFO - [2025-04-13T20:51:48.189+0000] {dag.py:4180} INFO - Setting next_dagrun for dataset_consumes_1_never_scheduled to None, run_after=None
[2025-04-13T20:51:48.205+0000] {logging_mixin.py:190} INFO - [2025-04-13T20:51:48.205+0000] {dag.py:4180} INFO - Setting next_dagrun for dataset_consumes_unknown_never_scheduled to None, run_after=None
[2025-04-13T20:51:48.213+0000] {logging_mixin.py:190} INFO - [2025-04-13T20:51:48.212+0000] {dag.py:4180} INFO - Setting next_dagrun for dataset_produces_1 to 2025-04-12 00:00:00+00:00, run_after=2025-04-13 00:00:00+00:00
[2025-04-13T20:51:48.222+0000] {logging_mixin.py:190} INFO - [2025-04-13T20:51:48.221+0000] {dag.py:4180} INFO - Setting next_dagrun for dataset_produces_2 to None, run_after=None
[2025-04-13T20:51:48.648+0000] {processor.py:208} INFO - Processing /home/airflow/.local/lib/python3.12/site-packages/airflow/example_dags/example_datasets.py took 11.144 seconds
[2025-04-13T20:52:18.910+0000] {processor.py:186} INFO - Started process (PID=156) to work on /home/airflow/.local/lib/python3.12/site-packages/airflow/example_dags/example_datasets.py
[2025-04-13T20:52:18.911+0000] {processor.py:914} INFO - Processing file /home/airflow/.local/lib/python3.12/site-packages/airflow/example_dags/example_datasets.py for tasks to queue
[2025-04-13T20:52:18.916+0000] {logging_mixin.py:190} INFO - [2025-04-13T20:52:18.916+0000] {dagbag.py:588} INFO - Filling up the DagBag from /home/airflow/.local/lib/python3.12/site-packages/airflow/example_dags/example_datasets.py
[2025-04-13T20:52:19.850+0000] {processor.py:925} INFO - DAG(s) 'dataset_produces_2', 'consume_1_or_both_2_and_3_with_dataset_expressions', 'consume_1_or_2_with_dataset_expressions', 'dataset_consumes_1_and_2', 'dataset_consumes_unknown_never_scheduled', 'dataset_consumes_1', 'dataset_consumes_1_never_scheduled', 'conditional_dataset_and_time_based_timetable', 'dataset_produces_1', 'consume_1_and_2_with_dataset_expressions' retrieved from /home/airflow/.local/lib/python3.12/site-packages/airflow/example_dags/example_datasets.py
[2025-04-13T20:52:19.933+0000] {logging_mixin.py:190} INFO - [2025-04-13T20:52:19.932+0000] {dag.py:3239} INFO - Sync 10 DAGs
[2025-04-13T20:52:19.999+0000] {logging_mixin.py:190} INFO - [2025-04-13T20:52:19.998+0000] {dag.py:4180} INFO - Setting next_dagrun for conditional_dataset_and_time_based_timetable to 2025-04-09 01:00:00+00:00, run_after=2025-04-09 01:00:00+00:00
[2025-04-13T20:52:20.009+0000] {logging_mixin.py:190} INFO - [2025-04-13T20:52:20.009+0000] {dag.py:4180} INFO - Setting next_dagrun for consume_1_and_2_with_dataset_expressions to None, run_after=None
[2025-04-13T20:52:20.013+0000] {logging_mixin.py:190} INFO - [2025-04-13T20:52:20.013+0000] {dag.py:4180} INFO - Setting next_dagrun for consume_1_or_2_with_dataset_expressions to None, run_after=None
[2025-04-13T20:52:20.018+0000] {logging_mixin.py:190} INFO - [2025-04-13T20:52:20.018+0000] {dag.py:4180} INFO - Setting next_dagrun for consume_1_or_both_2_and_3_with_dataset_expressions to None, run_after=None
[2025-04-13T20:52:20.021+0000] {logging_mixin.py:190} INFO - [2025-04-13T20:52:20.020+0000] {dag.py:4180} INFO - Setting next_dagrun for dataset_consumes_1 to None, run_after=None
[2025-04-13T20:52:20.029+0000] {logging_mixin.py:190} INFO - [2025-04-13T20:52:20.029+0000] {dag.py:4180} INFO - Setting next_dagrun for dataset_consumes_1_and_2 to None, run_after=None
[2025-04-13T20:52:20.035+0000] {logging_mixin.py:190} INFO - [2025-04-13T20:52:20.035+0000] {dag.py:4180} INFO - Setting next_dagrun for dataset_consumes_1_never_scheduled to None, run_after=None
[2025-04-13T20:52:20.037+0000] {logging_mixin.py:190} INFO - [2025-04-13T20:52:20.037+0000] {dag.py:4180} INFO - Setting next_dagrun for dataset_consumes_unknown_never_scheduled to None, run_after=None
[2025-04-13T20:52:20.051+0000] {logging_mixin.py:190} INFO - [2025-04-13T20:52:20.051+0000] {dag.py:4180} INFO - Setting next_dagrun for dataset_produces_1 to 2025-04-12 00:00:00+00:00, run_after=2025-04-13 00:00:00+00:00
[2025-04-13T20:52:20.058+0000] {logging_mixin.py:190} INFO - [2025-04-13T20:52:20.057+0000] {dag.py:4180} INFO - Setting next_dagrun for dataset_produces_2 to None, run_after=None
[2025-04-13T20:52:20.203+0000] {processor.py:208} INFO - Processing /home/airflow/.local/lib/python3.12/site-packages/airflow/example_dags/example_datasets.py took 1.302 seconds
[2025-04-13T20:52:53.017+0000] {processor.py:186} INFO - Started process (PID=213) to work on /home/airflow/.local/lib/python3.12/site-packages/airflow/example_dags/example_datasets.py
[2025-04-13T20:52:53.057+0000] {processor.py:914} INFO - Processing file /home/airflow/.local/lib/python3.12/site-packages/airflow/example_dags/example_datasets.py for tasks to queue
[2025-04-13T20:52:53.076+0000] {logging_mixin.py:190} INFO - [2025-04-13T20:52:53.075+0000] {dagbag.py:588} INFO - Filling up the DagBag from /home/airflow/.local/lib/python3.12/site-packages/airflow/example_dags/example_datasets.py
[2025-04-13T20:52:57.878+0000] {processor.py:925} INFO - DAG(s) 'dataset_consumes_1_never_scheduled', 'dataset_consumes_unknown_never_scheduled', 'dataset_produces_2', 'consume_1_or_both_2_and_3_with_dataset_expressions', 'consume_1_or_2_with_dataset_expressions', 'consume_1_and_2_with_dataset_expressions', 'dataset_consumes_1_and_2', 'dataset_consumes_1', 'dataset_produces_1', 'conditional_dataset_and_time_based_timetable' retrieved from /home/airflow/.local/lib/python3.12/site-packages/airflow/example_dags/example_datasets.py
[2025-04-13T20:52:58.183+0000] {logging_mixin.py:190} INFO - [2025-04-13T20:52:58.183+0000] {dag.py:3239} INFO - Sync 10 DAGs
[2025-04-13T20:52:58.270+0000] {logging_mixin.py:190} INFO - [2025-04-13T20:52:58.270+0000] {dag.py:4180} INFO - Setting next_dagrun for conditional_dataset_and_time_based_timetable to 2025-04-09 01:00:00+00:00, run_after=2025-04-09 01:00:00+00:00
[2025-04-13T20:52:58.306+0000] {logging_mixin.py:190} INFO - [2025-04-13T20:52:58.305+0000] {dag.py:4180} INFO - Setting next_dagrun for consume_1_and_2_with_dataset_expressions to None, run_after=None
[2025-04-13T20:52:58.322+0000] {logging_mixin.py:190} INFO - [2025-04-13T20:52:58.322+0000] {dag.py:4180} INFO - Setting next_dagrun for consume_1_or_2_with_dataset_expressions to None, run_after=None
[2025-04-13T20:52:58.325+0000] {logging_mixin.py:190} INFO - [2025-04-13T20:52:58.325+0000] {dag.py:4180} INFO - Setting next_dagrun for consume_1_or_both_2_and_3_with_dataset_expressions to None, run_after=None
[2025-04-13T20:52:58.328+0000] {logging_mixin.py:190} INFO - [2025-04-13T20:52:58.327+0000] {dag.py:4180} INFO - Setting next_dagrun for dataset_consumes_1 to None, run_after=None
[2025-04-13T20:52:58.333+0000] {logging_mixin.py:190} INFO - [2025-04-13T20:52:58.332+0000] {dag.py:4180} INFO - Setting next_dagrun for dataset_consumes_1_and_2 to None, run_after=None
[2025-04-13T20:52:58.335+0000] {logging_mixin.py:190} INFO - [2025-04-13T20:52:58.335+0000] {dag.py:4180} INFO - Setting next_dagrun for dataset_consumes_1_never_scheduled to None, run_after=None
[2025-04-13T20:52:58.341+0000] {logging_mixin.py:190} INFO - [2025-04-13T20:52:58.340+0000] {dag.py:4180} INFO - Setting next_dagrun for dataset_consumes_unknown_never_scheduled to None, run_after=None
[2025-04-13T20:52:58.373+0000] {logging_mixin.py:190} INFO - [2025-04-13T20:52:58.372+0000] {dag.py:4180} INFO - Setting next_dagrun for dataset_produces_1 to 2025-04-12 00:00:00+00:00, run_after=2025-04-13 00:00:00+00:00
[2025-04-13T20:52:58.378+0000] {logging_mixin.py:190} INFO - [2025-04-13T20:52:58.377+0000] {dag.py:4180} INFO - Setting next_dagrun for dataset_produces_2 to None, run_after=None
[2025-04-13T20:52:58.599+0000] {processor.py:208} INFO - Processing /home/airflow/.local/lib/python3.12/site-packages/airflow/example_dags/example_datasets.py took 5.643 seconds
[2025-04-13T20:53:29.077+0000] {processor.py:186} INFO - Started process (PID=277) to work on /home/airflow/.local/lib/python3.12/site-packages/airflow/example_dags/example_datasets.py
[2025-04-13T20:53:29.086+0000] {processor.py:914} INFO - Processing file /home/airflow/.local/lib/python3.12/site-packages/airflow/example_dags/example_datasets.py for tasks to queue
[2025-04-13T20:53:29.116+0000] {logging_mixin.py:190} INFO - [2025-04-13T20:53:29.116+0000] {dagbag.py:588} INFO - Filling up the DagBag from /home/airflow/.local/lib/python3.12/site-packages/airflow/example_dags/example_datasets.py
[2025-04-13T20:53:31.881+0000] {processor.py:925} INFO - DAG(s) 'dataset_consumes_unknown_never_scheduled', 'dataset_produces_1', 'dataset_consumes_1_and_2', 'conditional_dataset_and_time_based_timetable', 'dataset_produces_2', 'consume_1_and_2_with_dataset_expressions', 'consume_1_or_both_2_and_3_with_dataset_expressions', 'consume_1_or_2_with_dataset_expressions', 'dataset_consumes_1', 'dataset_consumes_1_never_scheduled' retrieved from /home/airflow/.local/lib/python3.12/site-packages/airflow/example_dags/example_datasets.py
[2025-04-13T20:53:32.509+0000] {logging_mixin.py:190} INFO - [2025-04-13T20:53:32.509+0000] {dag.py:3239} INFO - Sync 10 DAGs
[2025-04-13T20:53:32.689+0000] {logging_mixin.py:190} INFO - [2025-04-13T20:53:32.689+0000] {dag.py:4180} INFO - Setting next_dagrun for conditional_dataset_and_time_based_timetable to 2025-04-09 01:00:00+00:00, run_after=2025-04-09 01:00:00+00:00
[2025-04-13T20:53:32.710+0000] {logging_mixin.py:190} INFO - [2025-04-13T20:53:32.710+0000] {dag.py:4180} INFO - Setting next_dagrun for consume_1_and_2_with_dataset_expressions to None, run_after=None
[2025-04-13T20:53:32.716+0000] {logging_mixin.py:190} INFO - [2025-04-13T20:53:32.716+0000] {dag.py:4180} INFO - Setting next_dagrun for consume_1_or_2_with_dataset_expressions to None, run_after=None
[2025-04-13T20:53:32.737+0000] {logging_mixin.py:190} INFO - [2025-04-13T20:53:32.736+0000] {dag.py:4180} INFO - Setting next_dagrun for consume_1_or_both_2_and_3_with_dataset_expressions to None, run_after=None
[2025-04-13T20:53:32.759+0000] {logging_mixin.py:190} INFO - [2025-04-13T20:53:32.759+0000] {dag.py:4180} INFO - Setting next_dagrun for dataset_consumes_1 to None, run_after=None
[2025-04-13T20:53:32.776+0000] {logging_mixin.py:190} INFO - [2025-04-13T20:53:32.775+0000] {dag.py:4180} INFO - Setting next_dagrun for dataset_consumes_1_and_2 to None, run_after=None
[2025-04-13T20:53:32.791+0000] {logging_mixin.py:190} INFO - [2025-04-13T20:53:32.791+0000] {dag.py:4180} INFO - Setting next_dagrun for dataset_consumes_1_never_scheduled to None, run_after=None
[2025-04-13T20:53:32.807+0000] {logging_mixin.py:190} INFO - [2025-04-13T20:53:32.806+0000] {dag.py:4180} INFO - Setting next_dagrun for dataset_consumes_unknown_never_scheduled to None, run_after=None
[2025-04-13T20:53:32.841+0000] {logging_mixin.py:190} INFO - [2025-04-13T20:53:32.841+0000] {dag.py:4180} INFO - Setting next_dagrun for dataset_produces_1 to 2025-04-12 00:00:00+00:00, run_after=2025-04-13 00:00:00+00:00
[2025-04-13T20:53:32.891+0000] {logging_mixin.py:190} INFO - [2025-04-13T20:53:32.890+0000] {dag.py:4180} INFO - Setting next_dagrun for dataset_produces_2 to None, run_after=None
[2025-04-13T20:53:33.189+0000] {processor.py:208} INFO - Processing /home/airflow/.local/lib/python3.12/site-packages/airflow/example_dags/example_datasets.py took 4.141 seconds
[2025-04-13T20:54:03.507+0000] {processor.py:186} INFO - Started process (PID=343) to work on /home/airflow/.local/lib/python3.12/site-packages/airflow/example_dags/example_datasets.py
[2025-04-13T20:54:03.518+0000] {processor.py:914} INFO - Processing file /home/airflow/.local/lib/python3.12/site-packages/airflow/example_dags/example_datasets.py for tasks to queue
[2025-04-13T20:54:03.579+0000] {logging_mixin.py:190} INFO - [2025-04-13T20:54:03.553+0000] {dagbag.py:588} INFO - Filling up the DagBag from /home/airflow/.local/lib/python3.12/site-packages/airflow/example_dags/example_datasets.py
[2025-04-13T20:54:05.283+0000] {processor.py:925} INFO - DAG(s) 'dataset_consumes_1', 'dataset_consumes_unknown_never_scheduled', 'consume_1_or_both_2_and_3_with_dataset_expressions', 'dataset_produces_1', 'dataset_consumes_1_and_2', 'dataset_produces_2', 'consume_1_or_2_with_dataset_expressions', 'dataset_consumes_1_never_scheduled', 'conditional_dataset_and_time_based_timetable', 'consume_1_and_2_with_dataset_expressions' retrieved from /home/airflow/.local/lib/python3.12/site-packages/airflow/example_dags/example_datasets.py
[2025-04-13T20:54:05.390+0000] {logging_mixin.py:190} INFO - [2025-04-13T20:54:05.390+0000] {dag.py:3239} INFO - Sync 10 DAGs
[2025-04-13T20:54:05.452+0000] {logging_mixin.py:190} INFO - [2025-04-13T20:54:05.452+0000] {dag.py:4180} INFO - Setting next_dagrun for conditional_dataset_and_time_based_timetable to 2025-04-09 01:00:00+00:00, run_after=2025-04-09 01:00:00+00:00
[2025-04-13T20:54:05.466+0000] {logging_mixin.py:190} INFO - [2025-04-13T20:54:05.466+0000] {dag.py:4180} INFO - Setting next_dagrun for consume_1_and_2_with_dataset_expressions to None, run_after=None
[2025-04-13T20:54:05.469+0000] {logging_mixin.py:190} INFO - [2025-04-13T20:54:05.469+0000] {dag.py:4180} INFO - Setting next_dagrun for consume_1_or_2_with_dataset_expressions to None, run_after=None
[2025-04-13T20:54:05.486+0000] {logging_mixin.py:190} INFO - [2025-04-13T20:54:05.474+0000] {dag.py:4180} INFO - Setting next_dagrun for consume_1_or_both_2_and_3_with_dataset_expressions to None, run_after=None
[2025-04-13T20:54:05.492+0000] {logging_mixin.py:190} INFO - [2025-04-13T20:54:05.490+0000] {dag.py:4180} INFO - Setting next_dagrun for dataset_consumes_1 to None, run_after=None
[2025-04-13T20:54:05.496+0000] {logging_mixin.py:190} INFO - [2025-04-13T20:54:05.495+0000] {dag.py:4180} INFO - Setting next_dagrun for dataset_consumes_1_and_2 to None, run_after=None
[2025-04-13T20:54:05.499+0000] {logging_mixin.py:190} INFO - [2025-04-13T20:54:05.499+0000] {dag.py:4180} INFO - Setting next_dagrun for dataset_consumes_1_never_scheduled to None, run_after=None
[2025-04-13T20:54:05.502+0000] {logging_mixin.py:190} INFO - [2025-04-13T20:54:05.502+0000] {dag.py:4180} INFO - Setting next_dagrun for dataset_consumes_unknown_never_scheduled to None, run_after=None
[2025-04-13T20:54:05.510+0000] {logging_mixin.py:190} INFO - [2025-04-13T20:54:05.510+0000] {dag.py:4180} INFO - Setting next_dagrun for dataset_produces_1 to 2025-04-12 00:00:00+00:00, run_after=2025-04-13 00:00:00+00:00
[2025-04-13T20:54:05.521+0000] {logging_mixin.py:190} INFO - [2025-04-13T20:54:05.521+0000] {dag.py:4180} INFO - Setting next_dagrun for dataset_produces_2 to None, run_after=None
[2025-04-13T20:54:05.688+0000] {processor.py:208} INFO - Processing /home/airflow/.local/lib/python3.12/site-packages/airflow/example_dags/example_datasets.py took 2.225 seconds
[2025-04-13T20:54:37.972+0000] {processor.py:186} INFO - Started process (PID=410) to work on /home/airflow/.local/lib/python3.12/site-packages/airflow/example_dags/example_datasets.py
[2025-04-13T20:54:37.981+0000] {processor.py:914} INFO - Processing file /home/airflow/.local/lib/python3.12/site-packages/airflow/example_dags/example_datasets.py for tasks to queue
[2025-04-13T20:54:37.995+0000] {logging_mixin.py:190} INFO - [2025-04-13T20:54:37.995+0000] {dagbag.py:588} INFO - Filling up the DagBag from /home/airflow/.local/lib/python3.12/site-packages/airflow/example_dags/example_datasets.py
[2025-04-13T20:54:40.705+0000] {processor.py:925} INFO - DAG(s) 'dataset_produces_1', 'dataset_produces_2', 'conditional_dataset_and_time_based_timetable', 'consume_1_or_2_with_dataset_expressions', 'consume_1_and_2_with_dataset_expressions', 'dataset_consumes_unknown_never_scheduled', 'dataset_consumes_1_never_scheduled', 'dataset_consumes_1', 'dataset_consumes_1_and_2', 'consume_1_or_both_2_and_3_with_dataset_expressions' retrieved from /home/airflow/.local/lib/python3.12/site-packages/airflow/example_dags/example_datasets.py
[2025-04-13T20:54:40.907+0000] {logging_mixin.py:190} INFO - [2025-04-13T20:54:40.907+0000] {dag.py:3239} INFO - Sync 10 DAGs
[2025-04-13T20:54:40.991+0000] {logging_mixin.py:190} INFO - [2025-04-13T20:54:40.990+0000] {dag.py:4180} INFO - Setting next_dagrun for conditional_dataset_and_time_based_timetable to 2025-04-09 01:00:00+00:00, run_after=2025-04-09 01:00:00+00:00
[2025-04-13T20:54:41.008+0000] {logging_mixin.py:190} INFO - [2025-04-13T20:54:41.007+0000] {dag.py:4180} INFO - Setting next_dagrun for consume_1_and_2_with_dataset_expressions to None, run_after=None
[2025-04-13T20:54:41.012+0000] {logging_mixin.py:190} INFO - [2025-04-13T20:54:41.012+0000] {dag.py:4180} INFO - Setting next_dagrun for consume_1_or_2_with_dataset_expressions to None, run_after=None
[2025-04-13T20:54:41.017+0000] {logging_mixin.py:190} INFO - [2025-04-13T20:54:41.016+0000] {dag.py:4180} INFO - Setting next_dagrun for consume_1_or_both_2_and_3_with_dataset_expressions to None, run_after=None
[2025-04-13T20:54:41.029+0000] {logging_mixin.py:190} INFO - [2025-04-13T20:54:41.028+0000] {dag.py:4180} INFO - Setting next_dagrun for dataset_consumes_1 to None, run_after=None
[2025-04-13T20:54:41.044+0000] {logging_mixin.py:190} INFO - [2025-04-13T20:54:41.034+0000] {dag.py:4180} INFO - Setting next_dagrun for dataset_consumes_1_and_2 to None, run_after=None
[2025-04-13T20:54:41.048+0000] {logging_mixin.py:190} INFO - [2025-04-13T20:54:41.047+0000] {dag.py:4180} INFO - Setting next_dagrun for dataset_consumes_1_never_scheduled to None, run_after=None
[2025-04-13T20:54:41.060+0000] {logging_mixin.py:190} INFO - [2025-04-13T20:54:41.060+0000] {dag.py:4180} INFO - Setting next_dagrun for dataset_consumes_unknown_never_scheduled to None, run_after=None
[2025-04-13T20:54:41.077+0000] {logging_mixin.py:190} INFO - [2025-04-13T20:54:41.076+0000] {dag.py:4180} INFO - Setting next_dagrun for dataset_produces_1 to 2025-04-12 00:00:00+00:00, run_after=2025-04-13 00:00:00+00:00
[2025-04-13T20:54:41.084+0000] {logging_mixin.py:190} INFO - [2025-04-13T20:54:41.083+0000] {dag.py:4180} INFO - Setting next_dagrun for dataset_produces_2 to None, run_after=None
[2025-04-13T20:54:41.230+0000] {processor.py:208} INFO - Processing /home/airflow/.local/lib/python3.12/site-packages/airflow/example_dags/example_datasets.py took 3.272 seconds
[2025-04-13T20:55:11.782+0000] {processor.py:186} INFO - Started process (PID=476) to work on /home/airflow/.local/lib/python3.12/site-packages/airflow/example_dags/example_datasets.py
[2025-04-13T20:55:11.784+0000] {processor.py:914} INFO - Processing file /home/airflow/.local/lib/python3.12/site-packages/airflow/example_dags/example_datasets.py for tasks to queue
[2025-04-13T20:55:11.791+0000] {logging_mixin.py:190} INFO - [2025-04-13T20:55:11.791+0000] {dagbag.py:588} INFO - Filling up the DagBag from /home/airflow/.local/lib/python3.12/site-packages/airflow/example_dags/example_datasets.py
[2025-04-13T20:55:13.967+0000] {processor.py:925} INFO - DAG(s) 'dataset_consumes_1_never_scheduled', 'consume_1_and_2_with_dataset_expressions', 'consume_1_or_both_2_and_3_with_dataset_expressions', 'consume_1_or_2_with_dataset_expressions', 'dataset_consumes_unknown_never_scheduled', 'dataset_produces_2', 'conditional_dataset_and_time_based_timetable', 'dataset_consumes_1', 'dataset_consumes_1_and_2', 'dataset_produces_1' retrieved from /home/airflow/.local/lib/python3.12/site-packages/airflow/example_dags/example_datasets.py
[2025-04-13T20:55:14.309+0000] {logging_mixin.py:190} INFO - [2025-04-13T20:55:14.308+0000] {dag.py:3239} INFO - Sync 10 DAGs
[2025-04-13T20:55:14.381+0000] {logging_mixin.py:190} INFO - [2025-04-13T20:55:14.380+0000] {dag.py:4180} INFO - Setting next_dagrun for conditional_dataset_and_time_based_timetable to 2025-04-09 01:00:00+00:00, run_after=2025-04-09 01:00:00+00:00
[2025-04-13T20:55:14.387+0000] {logging_mixin.py:190} INFO - [2025-04-13T20:55:14.387+0000] {dag.py:4180} INFO - Setting next_dagrun for consume_1_and_2_with_dataset_expressions to None, run_after=None
[2025-04-13T20:55:14.391+0000] {logging_mixin.py:190} INFO - [2025-04-13T20:55:14.391+0000] {dag.py:4180} INFO - Setting next_dagrun for consume_1_or_2_with_dataset_expressions to None, run_after=None
[2025-04-13T20:55:14.394+0000] {logging_mixin.py:190} INFO - [2025-04-13T20:55:14.394+0000] {dag.py:4180} INFO - Setting next_dagrun for consume_1_or_both_2_and_3_with_dataset_expressions to None, run_after=None
[2025-04-13T20:55:14.397+0000] {logging_mixin.py:190} INFO - [2025-04-13T20:55:14.396+0000] {dag.py:4180} INFO - Setting next_dagrun for dataset_consumes_1 to None, run_after=None
[2025-04-13T20:55:14.400+0000] {logging_mixin.py:190} INFO - [2025-04-13T20:55:14.400+0000] {dag.py:4180} INFO - Setting next_dagrun for dataset_consumes_1_and_2 to None, run_after=None
[2025-04-13T20:55:14.403+0000] {logging_mixin.py:190} INFO - [2025-04-13T20:55:14.403+0000] {dag.py:4180} INFO - Setting next_dagrun for dataset_consumes_1_never_scheduled to None, run_after=None
[2025-04-13T20:55:14.407+0000] {logging_mixin.py:190} INFO - [2025-04-13T20:55:14.407+0000] {dag.py:4180} INFO - Setting next_dagrun for dataset_consumes_unknown_never_scheduled to None, run_after=None
[2025-04-13T20:55:14.416+0000] {logging_mixin.py:190} INFO - [2025-04-13T20:55:14.416+0000] {dag.py:4180} INFO - Setting next_dagrun for dataset_produces_1 to 2025-04-12 00:00:00+00:00, run_after=2025-04-13 00:00:00+00:00
[2025-04-13T20:55:14.421+0000] {logging_mixin.py:190} INFO - [2025-04-13T20:55:14.420+0000] {dag.py:4180} INFO - Setting next_dagrun for dataset_produces_2 to None, run_after=None
[2025-04-13T20:55:14.651+0000] {processor.py:208} INFO - Processing /home/airflow/.local/lib/python3.12/site-packages/airflow/example_dags/example_datasets.py took 2.880 seconds
[2025-04-13T20:55:45.922+0000] {processor.py:186} INFO - Started process (PID=544) to work on /home/airflow/.local/lib/python3.12/site-packages/airflow/example_dags/example_datasets.py
[2025-04-13T20:55:45.925+0000] {processor.py:914} INFO - Processing file /home/airflow/.local/lib/python3.12/site-packages/airflow/example_dags/example_datasets.py for tasks to queue
[2025-04-13T20:55:45.930+0000] {logging_mixin.py:190} INFO - [2025-04-13T20:55:45.929+0000] {dagbag.py:588} INFO - Filling up the DagBag from /home/airflow/.local/lib/python3.12/site-packages/airflow/example_dags/example_datasets.py
[2025-04-13T20:55:48.382+0000] {processor.py:925} INFO - DAG(s) 'conditional_dataset_and_time_based_timetable', 'consume_1_or_both_2_and_3_with_dataset_expressions', 'consume_1_or_2_with_dataset_expressions', 'dataset_produces_1', 'dataset_consumes_1_never_scheduled', 'dataset_produces_2', 'consume_1_and_2_with_dataset_expressions', 'dataset_consumes_unknown_never_scheduled', 'dataset_consumes_1', 'dataset_consumes_1_and_2' retrieved from /home/airflow/.local/lib/python3.12/site-packages/airflow/example_dags/example_datasets.py
[2025-04-13T20:55:48.899+0000] {logging_mixin.py:190} INFO - [2025-04-13T20:55:48.899+0000] {dag.py:3239} INFO - Sync 10 DAGs
[2025-04-13T20:55:49.024+0000] {logging_mixin.py:190} INFO - [2025-04-13T20:55:49.020+0000] {dag.py:4180} INFO - Setting next_dagrun for conditional_dataset_and_time_based_timetable to 2025-04-09 01:00:00+00:00, run_after=2025-04-09 01:00:00+00:00
[2025-04-13T20:55:49.043+0000] {logging_mixin.py:190} INFO - [2025-04-13T20:55:49.042+0000] {dag.py:4180} INFO - Setting next_dagrun for consume_1_and_2_with_dataset_expressions to None, run_after=None
[2025-04-13T20:55:49.059+0000] {logging_mixin.py:190} INFO - [2025-04-13T20:55:49.059+0000] {dag.py:4180} INFO - Setting next_dagrun for consume_1_or_2_with_dataset_expressions to None, run_after=None
[2025-04-13T20:55:49.078+0000] {logging_mixin.py:190} INFO - [2025-04-13T20:55:49.077+0000] {dag.py:4180} INFO - Setting next_dagrun for consume_1_or_both_2_and_3_with_dataset_expressions to None, run_after=None
[2025-04-13T20:55:49.085+0000] {logging_mixin.py:190} INFO - [2025-04-13T20:55:49.084+0000] {dag.py:4180} INFO - Setting next_dagrun for dataset_consumes_1 to None, run_after=None
[2025-04-13T20:55:49.088+0000] {logging_mixin.py:190} INFO - [2025-04-13T20:55:49.088+0000] {dag.py:4180} INFO - Setting next_dagrun for dataset_consumes_1_and_2 to None, run_after=None
[2025-04-13T20:55:49.094+0000] {logging_mixin.py:190} INFO - [2025-04-13T20:55:49.094+0000] {dag.py:4180} INFO - Setting next_dagrun for dataset_consumes_1_never_scheduled to None, run_after=None
[2025-04-13T20:55:49.097+0000] {logging_mixin.py:190} INFO - [2025-04-13T20:55:49.097+0000] {dag.py:4180} INFO - Setting next_dagrun for dataset_consumes_unknown_never_scheduled to None, run_after=None
[2025-04-13T20:55:49.103+0000] {logging_mixin.py:190} INFO - [2025-04-13T20:55:49.103+0000] {dag.py:4180} INFO - Setting next_dagrun for dataset_produces_1 to 2025-04-12 00:00:00+00:00, run_after=2025-04-13 00:00:00+00:00
[2025-04-13T20:55:49.106+0000] {logging_mixin.py:190} INFO - [2025-04-13T20:55:49.106+0000] {dag.py:4180} INFO - Setting next_dagrun for dataset_produces_2 to None, run_after=None
[2025-04-13T20:55:49.496+0000] {processor.py:208} INFO - Processing /home/airflow/.local/lib/python3.12/site-packages/airflow/example_dags/example_datasets.py took 3.589 seconds
[2025-04-13T20:56:20.438+0000] {processor.py:186} INFO - Started process (PID=618) to work on /home/airflow/.local/lib/python3.12/site-packages/airflow/example_dags/example_datasets.py
[2025-04-13T20:56:20.446+0000] {processor.py:914} INFO - Processing file /home/airflow/.local/lib/python3.12/site-packages/airflow/example_dags/example_datasets.py for tasks to queue
[2025-04-13T20:56:20.457+0000] {logging_mixin.py:190} INFO - [2025-04-13T20:56:20.456+0000] {dagbag.py:588} INFO - Filling up the DagBag from /home/airflow/.local/lib/python3.12/site-packages/airflow/example_dags/example_datasets.py
[2025-04-13T20:56:22.635+0000] {processor.py:925} INFO - DAG(s) 'dataset_consumes_1_never_scheduled', 'consume_1_and_2_with_dataset_expressions', 'conditional_dataset_and_time_based_timetable', 'dataset_produces_1', 'dataset_consumes_unknown_never_scheduled', 'dataset_consumes_1_and_2', 'consume_1_or_2_with_dataset_expressions', 'dataset_consumes_1', 'dataset_produces_2', 'consume_1_or_both_2_and_3_with_dataset_expressions' retrieved from /home/airflow/.local/lib/python3.12/site-packages/airflow/example_dags/example_datasets.py
[2025-04-13T20:56:22.792+0000] {logging_mixin.py:190} INFO - [2025-04-13T20:56:22.792+0000] {dag.py:3239} INFO - Sync 10 DAGs
[2025-04-13T20:56:22.856+0000] {logging_mixin.py:190} INFO - [2025-04-13T20:56:22.856+0000] {dag.py:4180} INFO - Setting next_dagrun for conditional_dataset_and_time_based_timetable to 2025-04-09 01:00:00+00:00, run_after=2025-04-09 01:00:00+00:00
[2025-04-13T20:56:22.864+0000] {logging_mixin.py:190} INFO - [2025-04-13T20:56:22.864+0000] {dag.py:4180} INFO - Setting next_dagrun for consume_1_and_2_with_dataset_expressions to None, run_after=None
[2025-04-13T20:56:22.872+0000] {logging_mixin.py:190} INFO - [2025-04-13T20:56:22.872+0000] {dag.py:4180} INFO - Setting next_dagrun for consume_1_or_2_with_dataset_expressions to None, run_after=None
[2025-04-13T20:56:22.875+0000] {logging_mixin.py:190} INFO - [2025-04-13T20:56:22.874+0000] {dag.py:4180} INFO - Setting next_dagrun for consume_1_or_both_2_and_3_with_dataset_expressions to None, run_after=None
[2025-04-13T20:56:22.878+0000] {logging_mixin.py:190} INFO - [2025-04-13T20:56:22.878+0000] {dag.py:4180} INFO - Setting next_dagrun for dataset_consumes_1 to None, run_after=None
[2025-04-13T20:56:22.882+0000] {logging_mixin.py:190} INFO - [2025-04-13T20:56:22.882+0000] {dag.py:4180} INFO - Setting next_dagrun for dataset_consumes_1_and_2 to None, run_after=None
[2025-04-13T20:56:22.886+0000] {logging_mixin.py:190} INFO - [2025-04-13T20:56:22.886+0000] {dag.py:4180} INFO - Setting next_dagrun for dataset_consumes_1_never_scheduled to None, run_after=None
[2025-04-13T20:56:22.890+0000] {logging_mixin.py:190} INFO - [2025-04-13T20:56:22.889+0000] {dag.py:4180} INFO - Setting next_dagrun for dataset_consumes_unknown_never_scheduled to None, run_after=None
[2025-04-13T20:56:22.899+0000] {logging_mixin.py:190} INFO - [2025-04-13T20:56:22.899+0000] {dag.py:4180} INFO - Setting next_dagrun for dataset_produces_1 to 2025-04-12 00:00:00+00:00, run_after=2025-04-13 00:00:00+00:00
[2025-04-13T20:56:22.904+0000] {logging_mixin.py:190} INFO - [2025-04-13T20:56:22.904+0000] {dag.py:4180} INFO - Setting next_dagrun for dataset_produces_2 to None, run_after=None
[2025-04-13T20:56:23.140+0000] {processor.py:208} INFO - Processing /home/airflow/.local/lib/python3.12/site-packages/airflow/example_dags/example_datasets.py took 2.749 seconds
[2025-04-13T20:56:53.380+0000] {processor.py:186} INFO - Started process (PID=687) to work on /home/airflow/.local/lib/python3.12/site-packages/airflow/example_dags/example_datasets.py
[2025-04-13T20:56:53.384+0000] {processor.py:914} INFO - Processing file /home/airflow/.local/lib/python3.12/site-packages/airflow/example_dags/example_datasets.py for tasks to queue
[2025-04-13T20:56:53.398+0000] {logging_mixin.py:190} INFO - [2025-04-13T20:56:53.397+0000] {dagbag.py:588} INFO - Filling up the DagBag from /home/airflow/.local/lib/python3.12/site-packages/airflow/example_dags/example_datasets.py
[2025-04-13T20:56:55.238+0000] {processor.py:925} INFO - DAG(s) 'dataset_consumes_1_and_2', 'consume_1_or_both_2_and_3_with_dataset_expressions', 'dataset_consumes_1', 'consume_1_and_2_with_dataset_expressions', 'dataset_produces_2', 'consume_1_or_2_with_dataset_expressions', 'dataset_produces_1', 'dataset_consumes_unknown_never_scheduled', 'conditional_dataset_and_time_based_timetable', 'dataset_consumes_1_never_scheduled' retrieved from /home/airflow/.local/lib/python3.12/site-packages/airflow/example_dags/example_datasets.py
[2025-04-13T20:56:55.424+0000] {logging_mixin.py:190} INFO - [2025-04-13T20:56:55.424+0000] {dag.py:3239} INFO - Sync 10 DAGs
[2025-04-13T20:56:55.503+0000] {logging_mixin.py:190} INFO - [2025-04-13T20:56:55.502+0000] {dag.py:4180} INFO - Setting next_dagrun for conditional_dataset_and_time_based_timetable to 2025-04-09 01:00:00+00:00, run_after=2025-04-09 01:00:00+00:00
[2025-04-13T20:56:55.519+0000] {logging_mixin.py:190} INFO - [2025-04-13T20:56:55.515+0000] {dag.py:4180} INFO - Setting next_dagrun for consume_1_and_2_with_dataset_expressions to None, run_after=None
[2025-04-13T20:56:55.522+0000] {logging_mixin.py:190} INFO - [2025-04-13T20:56:55.521+0000] {dag.py:4180} INFO - Setting next_dagrun for consume_1_or_2_with_dataset_expressions to None, run_after=None
[2025-04-13T20:56:55.524+0000] {logging_mixin.py:190} INFO - [2025-04-13T20:56:55.524+0000] {dag.py:4180} INFO - Setting next_dagrun for consume_1_or_both_2_and_3_with_dataset_expressions to None, run_after=None
[2025-04-13T20:56:55.530+0000] {logging_mixin.py:190} INFO - [2025-04-13T20:56:55.530+0000] {dag.py:4180} INFO - Setting next_dagrun for dataset_consumes_1 to None, run_after=None
[2025-04-13T20:56:55.534+0000] {logging_mixin.py:190} INFO - [2025-04-13T20:56:55.534+0000] {dag.py:4180} INFO - Setting next_dagrun for dataset_consumes_1_and_2 to None, run_after=None
[2025-04-13T20:56:55.542+0000] {logging_mixin.py:190} INFO - [2025-04-13T20:56:55.541+0000] {dag.py:4180} INFO - Setting next_dagrun for dataset_consumes_1_never_scheduled to None, run_after=None
[2025-04-13T20:56:55.546+0000] {logging_mixin.py:190} INFO - [2025-04-13T20:56:55.546+0000] {dag.py:4180} INFO - Setting next_dagrun for dataset_consumes_unknown_never_scheduled to None, run_after=None
[2025-04-13T20:56:55.557+0000] {logging_mixin.py:190} INFO - [2025-04-13T20:56:55.557+0000] {dag.py:4180} INFO - Setting next_dagrun for dataset_produces_1 to 2025-04-12 00:00:00+00:00, run_after=2025-04-13 00:00:00+00:00
[2025-04-13T20:56:55.588+0000] {logging_mixin.py:190} INFO - [2025-04-13T20:56:55.586+0000] {dag.py:4180} INFO - Setting next_dagrun for dataset_produces_2 to None, run_after=None
[2025-04-13T20:56:55.723+0000] {processor.py:208} INFO - Processing /home/airflow/.local/lib/python3.12/site-packages/airflow/example_dags/example_datasets.py took 2.376 seconds
[2025-04-13T20:57:26.268+0000] {processor.py:186} INFO - Started process (PID=753) to work on /home/airflow/.local/lib/python3.12/site-packages/airflow/example_dags/example_datasets.py
[2025-04-13T20:57:26.272+0000] {processor.py:914} INFO - Processing file /home/airflow/.local/lib/python3.12/site-packages/airflow/example_dags/example_datasets.py for tasks to queue
[2025-04-13T20:57:26.298+0000] {logging_mixin.py:190} INFO - [2025-04-13T20:57:26.296+0000] {dagbag.py:588} INFO - Filling up the DagBag from /home/airflow/.local/lib/python3.12/site-packages/airflow/example_dags/example_datasets.py
[2025-04-13T20:57:28.534+0000] {processor.py:925} INFO - DAG(s) 'consume_1_or_2_with_dataset_expressions', 'conditional_dataset_and_time_based_timetable', 'dataset_consumes_unknown_never_scheduled', 'consume_1_or_both_2_and_3_with_dataset_expressions', 'dataset_produces_2', 'dataset_produces_1', 'dataset_consumes_1', 'dataset_consumes_1_never_scheduled', 'consume_1_and_2_with_dataset_expressions', 'dataset_consumes_1_and_2' retrieved from /home/airflow/.local/lib/python3.12/site-packages/airflow/example_dags/example_datasets.py
[2025-04-13T20:57:28.765+0000] {logging_mixin.py:190} INFO - [2025-04-13T20:57:28.765+0000] {dag.py:3239} INFO - Sync 10 DAGs
[2025-04-13T20:57:28.922+0000] {logging_mixin.py:190} INFO - [2025-04-13T20:57:28.922+0000] {dag.py:4180} INFO - Setting next_dagrun for conditional_dataset_and_time_based_timetable to 2025-04-09 01:00:00+00:00, run_after=2025-04-09 01:00:00+00:00
[2025-04-13T20:57:28.937+0000] {logging_mixin.py:190} INFO - [2025-04-13T20:57:28.937+0000] {dag.py:4180} INFO - Setting next_dagrun for consume_1_and_2_with_dataset_expressions to None, run_after=None
[2025-04-13T20:57:28.942+0000] {logging_mixin.py:190} INFO - [2025-04-13T20:57:28.942+0000] {dag.py:4180} INFO - Setting next_dagrun for consume_1_or_2_with_dataset_expressions to None, run_after=None
[2025-04-13T20:57:28.945+0000] {logging_mixin.py:190} INFO - [2025-04-13T20:57:28.945+0000] {dag.py:4180} INFO - Setting next_dagrun for consume_1_or_both_2_and_3_with_dataset_expressions to None, run_after=None
[2025-04-13T20:57:28.952+0000] {logging_mixin.py:190} INFO - [2025-04-13T20:57:28.950+0000] {dag.py:4180} INFO - Setting next_dagrun for dataset_consumes_1 to None, run_after=None
[2025-04-13T20:57:28.956+0000] {logging_mixin.py:190} INFO - [2025-04-13T20:57:28.955+0000] {dag.py:4180} INFO - Setting next_dagrun for dataset_consumes_1_and_2 to None, run_after=None
[2025-04-13T20:57:28.976+0000] {logging_mixin.py:190} INFO - [2025-04-13T20:57:28.976+0000] {dag.py:4180} INFO - Setting next_dagrun for dataset_consumes_1_never_scheduled to None, run_after=None
[2025-04-13T20:57:28.980+0000] {logging_mixin.py:190} INFO - [2025-04-13T20:57:28.979+0000] {dag.py:4180} INFO - Setting next_dagrun for dataset_consumes_unknown_never_scheduled to None, run_after=None
[2025-04-13T20:57:28.995+0000] {logging_mixin.py:190} INFO - [2025-04-13T20:57:28.993+0000] {dag.py:4180} INFO - Setting next_dagrun for dataset_produces_1 to 2025-04-12 00:00:00+00:00, run_after=2025-04-13 00:00:00+00:00
[2025-04-13T20:57:29.003+0000] {logging_mixin.py:190} INFO - [2025-04-13T20:57:29.003+0000] {dag.py:4180} INFO - Setting next_dagrun for dataset_produces_2 to None, run_after=None
[2025-04-13T20:57:29.272+0000] {processor.py:208} INFO - Processing /home/airflow/.local/lib/python3.12/site-packages/airflow/example_dags/example_datasets.py took 3.031 seconds
[2025-04-13T20:58:02.324+0000] {processor.py:186} INFO - Started process (PID=822) to work on /home/airflow/.local/lib/python3.12/site-packages/airflow/example_dags/example_datasets.py
[2025-04-13T20:58:02.342+0000] {processor.py:914} INFO - Processing file /home/airflow/.local/lib/python3.12/site-packages/airflow/example_dags/example_datasets.py for tasks to queue
[2025-04-13T20:58:02.383+0000] {logging_mixin.py:190} INFO - [2025-04-13T20:58:02.382+0000] {dagbag.py:588} INFO - Filling up the DagBag from /home/airflow/.local/lib/python3.12/site-packages/airflow/example_dags/example_datasets.py
[2025-04-13T20:58:04.787+0000] {processor.py:925} INFO - DAG(s) 'consume_1_and_2_with_dataset_expressions', 'conditional_dataset_and_time_based_timetable', 'dataset_consumes_unknown_never_scheduled', 'dataset_consumes_1_and_2', 'dataset_consumes_1_never_scheduled', 'dataset_consumes_1', 'dataset_produces_2', 'consume_1_or_both_2_and_3_with_dataset_expressions', 'dataset_produces_1', 'consume_1_or_2_with_dataset_expressions' retrieved from /home/airflow/.local/lib/python3.12/site-packages/airflow/example_dags/example_datasets.py
[2025-04-13T20:58:05.026+0000] {logging_mixin.py:190} INFO - [2025-04-13T20:58:05.026+0000] {dag.py:3239} INFO - Sync 10 DAGs
[2025-04-13T20:58:05.370+0000] {logging_mixin.py:190} INFO - [2025-04-13T20:58:05.369+0000] {dag.py:4180} INFO - Setting next_dagrun for conditional_dataset_and_time_based_timetable to 2025-04-09 01:00:00+00:00, run_after=2025-04-09 01:00:00+00:00
[2025-04-13T20:58:05.381+0000] {logging_mixin.py:190} INFO - [2025-04-13T20:58:05.379+0000] {dag.py:4180} INFO - Setting next_dagrun for consume_1_and_2_with_dataset_expressions to None, run_after=None
[2025-04-13T20:58:05.386+0000] {logging_mixin.py:190} INFO - [2025-04-13T20:58:05.386+0000] {dag.py:4180} INFO - Setting next_dagrun for consume_1_or_2_with_dataset_expressions to None, run_after=None
[2025-04-13T20:58:05.393+0000] {logging_mixin.py:190} INFO - [2025-04-13T20:58:05.392+0000] {dag.py:4180} INFO - Setting next_dagrun for consume_1_or_both_2_and_3_with_dataset_expressions to None, run_after=None
[2025-04-13T20:58:05.411+0000] {logging_mixin.py:190} INFO - [2025-04-13T20:58:05.411+0000] {dag.py:4180} INFO - Setting next_dagrun for dataset_consumes_1 to None, run_after=None
[2025-04-13T20:58:05.414+0000] {logging_mixin.py:190} INFO - [2025-04-13T20:58:05.414+0000] {dag.py:4180} INFO - Setting next_dagrun for dataset_consumes_1_and_2 to None, run_after=None
[2025-04-13T20:58:05.419+0000] {logging_mixin.py:190} INFO - [2025-04-13T20:58:05.418+0000] {dag.py:4180} INFO - Setting next_dagrun for dataset_consumes_1_never_scheduled to None, run_after=None
[2025-04-13T20:58:05.423+0000] {logging_mixin.py:190} INFO - [2025-04-13T20:58:05.423+0000] {dag.py:4180} INFO - Setting next_dagrun for dataset_consumes_unknown_never_scheduled to None, run_after=None
[2025-04-13T20:58:05.431+0000] {logging_mixin.py:190} INFO - [2025-04-13T20:58:05.431+0000] {dag.py:4180} INFO - Setting next_dagrun for dataset_produces_1 to 2025-04-12 00:00:00+00:00, run_after=2025-04-13 00:00:00+00:00
[2025-04-13T20:58:05.436+0000] {logging_mixin.py:190} INFO - [2025-04-13T20:58:05.435+0000] {dag.py:4180} INFO - Setting next_dagrun for dataset_produces_2 to None, run_after=None
[2025-04-13T20:58:05.678+0000] {processor.py:208} INFO - Processing /home/airflow/.local/lib/python3.12/site-packages/airflow/example_dags/example_datasets.py took 3.372 seconds
[2025-04-13T20:58:36.616+0000] {processor.py:186} INFO - Started process (PID=893) to work on /home/airflow/.local/lib/python3.12/site-packages/airflow/example_dags/example_datasets.py
[2025-04-13T20:58:36.621+0000] {processor.py:914} INFO - Processing file /home/airflow/.local/lib/python3.12/site-packages/airflow/example_dags/example_datasets.py for tasks to queue
[2025-04-13T20:58:36.626+0000] {logging_mixin.py:190} INFO - [2025-04-13T20:58:36.625+0000] {dagbag.py:588} INFO - Filling up the DagBag from /home/airflow/.local/lib/python3.12/site-packages/airflow/example_dags/example_datasets.py
[2025-04-13T20:58:37.755+0000] {processor.py:925} INFO - DAG(s) 'dataset_produces_2', 'consume_1_and_2_with_dataset_expressions', 'dataset_consumes_1', 'conditional_dataset_and_time_based_timetable', 'consume_1_or_2_with_dataset_expressions', 'dataset_consumes_1_never_scheduled', 'dataset_produces_1', 'dataset_consumes_1_and_2', 'dataset_consumes_unknown_never_scheduled', 'consume_1_or_both_2_and_3_with_dataset_expressions' retrieved from /home/airflow/.local/lib/python3.12/site-packages/airflow/example_dags/example_datasets.py
[2025-04-13T20:58:37.830+0000] {logging_mixin.py:190} INFO - [2025-04-13T20:58:37.829+0000] {dag.py:3239} INFO - Sync 10 DAGs
[2025-04-13T20:58:37.888+0000] {logging_mixin.py:190} INFO - [2025-04-13T20:58:37.888+0000] {dag.py:4180} INFO - Setting next_dagrun for conditional_dataset_and_time_based_timetable to 2025-04-09 01:00:00+00:00, run_after=2025-04-09 01:00:00+00:00
[2025-04-13T20:58:37.893+0000] {logging_mixin.py:190} INFO - [2025-04-13T20:58:37.893+0000] {dag.py:4180} INFO - Setting next_dagrun for consume_1_and_2_with_dataset_expressions to None, run_after=None
[2025-04-13T20:58:37.896+0000] {logging_mixin.py:190} INFO - [2025-04-13T20:58:37.896+0000] {dag.py:4180} INFO - Setting next_dagrun for consume_1_or_2_with_dataset_expressions to None, run_after=None
[2025-04-13T20:58:37.900+0000] {logging_mixin.py:190} INFO - [2025-04-13T20:58:37.899+0000] {dag.py:4180} INFO - Setting next_dagrun for consume_1_or_both_2_and_3_with_dataset_expressions to None, run_after=None
[2025-04-13T20:58:37.902+0000] {logging_mixin.py:190} INFO - [2025-04-13T20:58:37.901+0000] {dag.py:4180} INFO - Setting next_dagrun for dataset_consumes_1 to None, run_after=None
[2025-04-13T20:58:37.904+0000] {logging_mixin.py:190} INFO - [2025-04-13T20:58:37.903+0000] {dag.py:4180} INFO - Setting next_dagrun for dataset_consumes_1_and_2 to None, run_after=None
[2025-04-13T20:58:37.906+0000] {logging_mixin.py:190} INFO - [2025-04-13T20:58:37.906+0000] {dag.py:4180} INFO - Setting next_dagrun for dataset_consumes_1_never_scheduled to None, run_after=None
[2025-04-13T20:58:37.909+0000] {logging_mixin.py:190} INFO - [2025-04-13T20:58:37.908+0000] {dag.py:4180} INFO - Setting next_dagrun for dataset_consumes_unknown_never_scheduled to None, run_after=None
[2025-04-13T20:58:37.914+0000] {logging_mixin.py:190} INFO - [2025-04-13T20:58:37.914+0000] {dag.py:4180} INFO - Setting next_dagrun for dataset_produces_1 to 2025-04-12 00:00:00+00:00, run_after=2025-04-13 00:00:00+00:00
[2025-04-13T20:58:37.916+0000] {logging_mixin.py:190} INFO - [2025-04-13T20:58:37.916+0000] {dag.py:4180} INFO - Setting next_dagrun for dataset_produces_2 to None, run_after=None
[2025-04-13T20:58:37.971+0000] {processor.py:208} INFO - Processing /home/airflow/.local/lib/python3.12/site-packages/airflow/example_dags/example_datasets.py took 1.364 seconds
[2025-04-13T20:59:08.528+0000] {processor.py:186} INFO - Started process (PID=958) to work on /home/airflow/.local/lib/python3.12/site-packages/airflow/example_dags/example_datasets.py
[2025-04-13T20:59:08.530+0000] {processor.py:914} INFO - Processing file /home/airflow/.local/lib/python3.12/site-packages/airflow/example_dags/example_datasets.py for tasks to queue
[2025-04-13T20:59:08.537+0000] {logging_mixin.py:190} INFO - [2025-04-13T20:59:08.537+0000] {dagbag.py:588} INFO - Filling up the DagBag from /home/airflow/.local/lib/python3.12/site-packages/airflow/example_dags/example_datasets.py
[2025-04-13T20:59:09.466+0000] {processor.py:925} INFO - DAG(s) 'dataset_produces_2', 'dataset_consumes_1_and_2', 'dataset_consumes_1', 'dataset_consumes_unknown_never_scheduled', 'consume_1_and_2_with_dataset_expressions', 'dataset_consumes_1_never_scheduled', 'conditional_dataset_and_time_based_timetable', 'consume_1_or_2_with_dataset_expressions', 'dataset_produces_1', 'consume_1_or_both_2_and_3_with_dataset_expressions' retrieved from /home/airflow/.local/lib/python3.12/site-packages/airflow/example_dags/example_datasets.py
[2025-04-13T20:59:09.542+0000] {logging_mixin.py:190} INFO - [2025-04-13T20:59:09.542+0000] {dag.py:3239} INFO - Sync 10 DAGs
[2025-04-13T20:59:09.600+0000] {logging_mixin.py:190} INFO - [2025-04-13T20:59:09.597+0000] {dag.py:4180} INFO - Setting next_dagrun for conditional_dataset_and_time_based_timetable to 2025-04-09 01:00:00+00:00, run_after=2025-04-09 01:00:00+00:00
[2025-04-13T20:59:09.606+0000] {logging_mixin.py:190} INFO - [2025-04-13T20:59:09.606+0000] {dag.py:4180} INFO - Setting next_dagrun for consume_1_and_2_with_dataset_expressions to None, run_after=None
[2025-04-13T20:59:09.611+0000] {logging_mixin.py:190} INFO - [2025-04-13T20:59:09.611+0000] {dag.py:4180} INFO - Setting next_dagrun for consume_1_or_2_with_dataset_expressions to None, run_after=None
[2025-04-13T20:59:09.614+0000] {logging_mixin.py:190} INFO - [2025-04-13T20:59:09.614+0000] {dag.py:4180} INFO - Setting next_dagrun for consume_1_or_both_2_and_3_with_dataset_expressions to None, run_after=None
[2025-04-13T20:59:09.618+0000] {logging_mixin.py:190} INFO - [2025-04-13T20:59:09.618+0000] {dag.py:4180} INFO - Setting next_dagrun for dataset_consumes_1 to None, run_after=None
[2025-04-13T20:59:09.623+0000] {logging_mixin.py:190} INFO - [2025-04-13T20:59:09.623+0000] {dag.py:4180} INFO - Setting next_dagrun for dataset_consumes_1_and_2 to None, run_after=None
[2025-04-13T20:59:09.626+0000] {logging_mixin.py:190} INFO - [2025-04-13T20:59:09.626+0000] {dag.py:4180} INFO - Setting next_dagrun for dataset_consumes_1_never_scheduled to None, run_after=None
[2025-04-13T20:59:09.630+0000] {logging_mixin.py:190} INFO - [2025-04-13T20:59:09.630+0000] {dag.py:4180} INFO - Setting next_dagrun for dataset_consumes_unknown_never_scheduled to None, run_after=None
[2025-04-13T20:59:09.637+0000] {logging_mixin.py:190} INFO - [2025-04-13T20:59:09.637+0000] {dag.py:4180} INFO - Setting next_dagrun for dataset_produces_1 to 2025-04-12 00:00:00+00:00, run_after=2025-04-13 00:00:00+00:00
[2025-04-13T20:59:09.640+0000] {logging_mixin.py:190} INFO - [2025-04-13T20:59:09.640+0000] {dag.py:4180} INFO - Setting next_dagrun for dataset_produces_2 to None, run_after=None
[2025-04-13T20:59:09.726+0000] {processor.py:208} INFO - Processing /home/airflow/.local/lib/python3.12/site-packages/airflow/example_dags/example_datasets.py took 1.215 seconds
[2025-04-13T20:59:39.847+0000] {processor.py:186} INFO - Started process (PID=1023) to work on /home/airflow/.local/lib/python3.12/site-packages/airflow/example_dags/example_datasets.py
[2025-04-13T20:59:39.850+0000] {processor.py:914} INFO - Processing file /home/airflow/.local/lib/python3.12/site-packages/airflow/example_dags/example_datasets.py for tasks to queue
[2025-04-13T20:59:39.854+0000] {logging_mixin.py:190} INFO - [2025-04-13T20:59:39.854+0000] {dagbag.py:588} INFO - Filling up the DagBag from /home/airflow/.local/lib/python3.12/site-packages/airflow/example_dags/example_datasets.py
[2025-04-13T20:59:41.357+0000] {processor.py:925} INFO - DAG(s) 'dataset_consumes_1_and_2', 'consume_1_or_2_with_dataset_expressions', 'conditional_dataset_and_time_based_timetable', 'dataset_consumes_1_never_scheduled', 'consume_1_and_2_with_dataset_expressions', 'dataset_consumes_unknown_never_scheduled', 'consume_1_or_both_2_and_3_with_dataset_expressions', 'dataset_produces_2', 'dataset_consumes_1', 'dataset_produces_1' retrieved from /home/airflow/.local/lib/python3.12/site-packages/airflow/example_dags/example_datasets.py
[2025-04-13T20:59:41.544+0000] {logging_mixin.py:190} INFO - [2025-04-13T20:59:41.543+0000] {dag.py:3239} INFO - Sync 10 DAGs
[2025-04-13T20:59:41.630+0000] {logging_mixin.py:190} INFO - [2025-04-13T20:59:41.630+0000] {dag.py:4180} INFO - Setting next_dagrun for conditional_dataset_and_time_based_timetable to 2025-04-09 01:00:00+00:00, run_after=2025-04-09 01:00:00+00:00
[2025-04-13T20:59:41.639+0000] {logging_mixin.py:190} INFO - [2025-04-13T20:59:41.639+0000] {dag.py:4180} INFO - Setting next_dagrun for consume_1_and_2_with_dataset_expressions to None, run_after=None
[2025-04-13T20:59:41.642+0000] {logging_mixin.py:190} INFO - [2025-04-13T20:59:41.642+0000] {dag.py:4180} INFO - Setting next_dagrun for consume_1_or_2_with_dataset_expressions to None, run_after=None
[2025-04-13T20:59:41.645+0000] {logging_mixin.py:190} INFO - [2025-04-13T20:59:41.645+0000] {dag.py:4180} INFO - Setting next_dagrun for consume_1_or_both_2_and_3_with_dataset_expressions to None, run_after=None
[2025-04-13T20:59:41.648+0000] {logging_mixin.py:190} INFO - [2025-04-13T20:59:41.647+0000] {dag.py:4180} INFO - Setting next_dagrun for dataset_consumes_1 to None, run_after=None
[2025-04-13T20:59:41.654+0000] {logging_mixin.py:190} INFO - [2025-04-13T20:59:41.653+0000] {dag.py:4180} INFO - Setting next_dagrun for dataset_consumes_1_and_2 to None, run_after=None
[2025-04-13T20:59:41.656+0000] {logging_mixin.py:190} INFO - [2025-04-13T20:59:41.656+0000] {dag.py:4180} INFO - Setting next_dagrun for dataset_consumes_1_never_scheduled to None, run_after=None
[2025-04-13T20:59:41.670+0000] {logging_mixin.py:190} INFO - [2025-04-13T20:59:41.669+0000] {dag.py:4180} INFO - Setting next_dagrun for dataset_consumes_unknown_never_scheduled to None, run_after=None
[2025-04-13T20:59:41.677+0000] {logging_mixin.py:190} INFO - [2025-04-13T20:59:41.677+0000] {dag.py:4180} INFO - Setting next_dagrun for dataset_produces_1 to 2025-04-12 00:00:00+00:00, run_after=2025-04-13 00:00:00+00:00
[2025-04-13T20:59:41.681+0000] {logging_mixin.py:190} INFO - [2025-04-13T20:59:41.681+0000] {dag.py:4180} INFO - Setting next_dagrun for dataset_produces_2 to None, run_after=None
[2025-04-13T20:59:41.887+0000] {processor.py:208} INFO - Processing /home/airflow/.local/lib/python3.12/site-packages/airflow/example_dags/example_datasets.py took 2.050 seconds
[2025-04-13T21:00:12.586+0000] {processor.py:186} INFO - Started process (PID=1090) to work on /home/airflow/.local/lib/python3.12/site-packages/airflow/example_dags/example_datasets.py
[2025-04-13T21:00:12.590+0000] {processor.py:914} INFO - Processing file /home/airflow/.local/lib/python3.12/site-packages/airflow/example_dags/example_datasets.py for tasks to queue
[2025-04-13T21:00:12.596+0000] {logging_mixin.py:190} INFO - [2025-04-13T21:00:12.595+0000] {dagbag.py:588} INFO - Filling up the DagBag from /home/airflow/.local/lib/python3.12/site-packages/airflow/example_dags/example_datasets.py
[2025-04-13T21:00:15.230+0000] {processor.py:925} INFO - DAG(s) 'dataset_consumes_1_and_2', 'dataset_consumes_unknown_never_scheduled', 'consume_1_and_2_with_dataset_expressions', 'dataset_consumes_1', 'dataset_consumes_1_never_scheduled', 'dataset_produces_1', 'conditional_dataset_and_time_based_timetable', 'consume_1_or_both_2_and_3_with_dataset_expressions', 'consume_1_or_2_with_dataset_expressions', 'dataset_produces_2' retrieved from /home/airflow/.local/lib/python3.12/site-packages/airflow/example_dags/example_datasets.py
[2025-04-13T21:00:15.482+0000] {logging_mixin.py:190} INFO - [2025-04-13T21:00:15.481+0000] {dag.py:3239} INFO - Sync 10 DAGs
[2025-04-13T21:00:15.572+0000] {logging_mixin.py:190} INFO - [2025-04-13T21:00:15.572+0000] {dag.py:4180} INFO - Setting next_dagrun for conditional_dataset_and_time_based_timetable to 2025-04-09 01:00:00+00:00, run_after=2025-04-09 01:00:00+00:00
[2025-04-13T21:00:15.579+0000] {logging_mixin.py:190} INFO - [2025-04-13T21:00:15.578+0000] {dag.py:4180} INFO - Setting next_dagrun for consume_1_and_2_with_dataset_expressions to None, run_after=None
[2025-04-13T21:00:15.582+0000] {logging_mixin.py:190} INFO - [2025-04-13T21:00:15.582+0000] {dag.py:4180} INFO - Setting next_dagrun for consume_1_or_2_with_dataset_expressions to None, run_after=None
[2025-04-13T21:00:15.585+0000] {logging_mixin.py:190} INFO - [2025-04-13T21:00:15.585+0000] {dag.py:4180} INFO - Setting next_dagrun for consume_1_or_both_2_and_3_with_dataset_expressions to None, run_after=None
[2025-04-13T21:00:15.589+0000] {logging_mixin.py:190} INFO - [2025-04-13T21:00:15.589+0000] {dag.py:4180} INFO - Setting next_dagrun for dataset_consumes_1 to None, run_after=None
[2025-04-13T21:00:15.597+0000] {logging_mixin.py:190} INFO - [2025-04-13T21:00:15.596+0000] {dag.py:4180} INFO - Setting next_dagrun for dataset_consumes_1_and_2 to None, run_after=None
[2025-04-13T21:00:15.599+0000] {logging_mixin.py:190} INFO - [2025-04-13T21:00:15.599+0000] {dag.py:4180} INFO - Setting next_dagrun for dataset_consumes_1_never_scheduled to None, run_after=None
[2025-04-13T21:00:15.614+0000] {logging_mixin.py:190} INFO - [2025-04-13T21:00:15.614+0000] {dag.py:4180} INFO - Setting next_dagrun for dataset_consumes_unknown_never_scheduled to None, run_after=None
[2025-04-13T21:00:15.625+0000] {logging_mixin.py:190} INFO - [2025-04-13T21:00:15.625+0000] {dag.py:4180} INFO - Setting next_dagrun for dataset_produces_1 to 2025-04-12 00:00:00+00:00, run_after=2025-04-13 00:00:00+00:00
[2025-04-13T21:00:15.649+0000] {logging_mixin.py:190} INFO - [2025-04-13T21:00:15.649+0000] {dag.py:4180} INFO - Setting next_dagrun for dataset_produces_2 to None, run_after=None
[2025-04-13T21:00:15.800+0000] {processor.py:208} INFO - Processing /home/airflow/.local/lib/python3.12/site-packages/airflow/example_dags/example_datasets.py took 3.229 seconds
[2025-04-13T21:00:47.184+0000] {processor.py:186} INFO - Started process (PID=1157) to work on /home/airflow/.local/lib/python3.12/site-packages/airflow/example_dags/example_datasets.py
[2025-04-13T21:00:47.192+0000] {processor.py:914} INFO - Processing file /home/airflow/.local/lib/python3.12/site-packages/airflow/example_dags/example_datasets.py for tasks to queue
[2025-04-13T21:00:47.221+0000] {logging_mixin.py:190} INFO - [2025-04-13T21:00:47.221+0000] {dagbag.py:588} INFO - Filling up the DagBag from /home/airflow/.local/lib/python3.12/site-packages/airflow/example_dags/example_datasets.py
[2025-04-13T21:00:50.739+0000] {processor.py:925} INFO - DAG(s) 'consume_1_or_both_2_and_3_with_dataset_expressions', 'dataset_produces_2', 'dataset_produces_1', 'consume_1_or_2_with_dataset_expressions', 'consume_1_and_2_with_dataset_expressions', 'dataset_consumes_1', 'dataset_consumes_1_never_scheduled', 'conditional_dataset_and_time_based_timetable', 'dataset_consumes_1_and_2', 'dataset_consumes_unknown_never_scheduled' retrieved from /home/airflow/.local/lib/python3.12/site-packages/airflow/example_dags/example_datasets.py
[2025-04-13T21:00:50.960+0000] {logging_mixin.py:190} INFO - [2025-04-13T21:00:50.960+0000] {dag.py:3239} INFO - Sync 10 DAGs
[2025-04-13T21:00:51.078+0000] {logging_mixin.py:190} INFO - [2025-04-13T21:00:51.077+0000] {dag.py:4180} INFO - Setting next_dagrun for conditional_dataset_and_time_based_timetable to 2025-04-09 01:00:00+00:00, run_after=2025-04-09 01:00:00+00:00
[2025-04-13T21:00:51.088+0000] {logging_mixin.py:190} INFO - [2025-04-13T21:00:51.087+0000] {dag.py:4180} INFO - Setting next_dagrun for consume_1_and_2_with_dataset_expressions to None, run_after=None
[2025-04-13T21:00:51.092+0000] {logging_mixin.py:190} INFO - [2025-04-13T21:00:51.091+0000] {dag.py:4180} INFO - Setting next_dagrun for consume_1_or_2_with_dataset_expressions to None, run_after=None
[2025-04-13T21:00:51.094+0000] {logging_mixin.py:190} INFO - [2025-04-13T21:00:51.094+0000] {dag.py:4180} INFO - Setting next_dagrun for consume_1_or_both_2_and_3_with_dataset_expressions to None, run_after=None
[2025-04-13T21:00:51.098+0000] {logging_mixin.py:190} INFO - [2025-04-13T21:00:51.097+0000] {dag.py:4180} INFO - Setting next_dagrun for dataset_consumes_1 to None, run_after=None
[2025-04-13T21:00:51.113+0000] {logging_mixin.py:190} INFO - [2025-04-13T21:00:51.113+0000] {dag.py:4180} INFO - Setting next_dagrun for dataset_consumes_1_and_2 to None, run_after=None
[2025-04-13T21:00:51.131+0000] {logging_mixin.py:190} INFO - [2025-04-13T21:00:51.130+0000] {dag.py:4180} INFO - Setting next_dagrun for dataset_consumes_1_never_scheduled to None, run_after=None
[2025-04-13T21:00:51.140+0000] {logging_mixin.py:190} INFO - [2025-04-13T21:00:51.139+0000] {dag.py:4180} INFO - Setting next_dagrun for dataset_consumes_unknown_never_scheduled to None, run_after=None
[2025-04-13T21:00:51.180+0000] {logging_mixin.py:190} INFO - [2025-04-13T21:00:51.179+0000] {dag.py:4180} INFO - Setting next_dagrun for dataset_produces_1 to 2025-04-12 00:00:00+00:00, run_after=2025-04-13 00:00:00+00:00
[2025-04-13T21:00:51.215+0000] {logging_mixin.py:190} INFO - [2025-04-13T21:00:51.214+0000] {dag.py:4180} INFO - Setting next_dagrun for dataset_produces_2 to None, run_after=None
[2025-04-13T21:00:51.339+0000] {processor.py:208} INFO - Processing /home/airflow/.local/lib/python3.12/site-packages/airflow/example_dags/example_datasets.py took 4.196 seconds
[2025-04-13T21:25:47.475+0000] {processor.py:186} INFO - Started process (PID=148) to work on /home/airflow/.local/lib/python3.12/site-packages/airflow/example_dags/example_datasets.py
[2025-04-13T21:25:47.478+0000] {processor.py:914} INFO - Processing file /home/airflow/.local/lib/python3.12/site-packages/airflow/example_dags/example_datasets.py for tasks to queue
[2025-04-13T21:25:47.963+0000] {logging_mixin.py:190} INFO - [2025-04-13T21:25:47.963+0000] {dagbag.py:588} INFO - Filling up the DagBag from /home/airflow/.local/lib/python3.12/site-packages/airflow/example_dags/example_datasets.py
[2025-04-13T21:26:18.322+0000] {logging_mixin.py:190} INFO - [2025-04-13T21:26:18.321+0000] {timeout.py:68} ERROR - Process timed out, PID: 148
[2025-04-13T21:26:18.427+0000] {logging_mixin.py:190} INFO - [2025-04-13T21:26:18.340+0000] {dagbag.py:387} ERROR - Failed to import: /home/airflow/.local/lib/python3.12/site-packages/airflow/example_dags/example_datasets.py
Traceback (most recent call last):
  File "/home/airflow/.local/lib/python3.12/site-packages/airflow/models/dagbag.py", line 383, in parse
    loader.exec_module(new_module)
  File "<frozen importlib._bootstrap_external>", line 999, in exec_module
  File "<frozen importlib._bootstrap>", line 488, in _call_with_frames_removed
  File "/home/airflow/.local/lib/python3.12/site-packages/airflow/example_dags/example_datasets.py", line 64, in <module>
    dag1_dataset = Dataset("s3://dag1/output_1.txt", extra={"hi": "bye"})
                   ^^^^^^^^^^^^^^^^^^^^^^^^^^^^^^^^^^^^^^^^^^^^^^^^^^^^^^
  File "<attrs generated init airflow.datasets.Dataset>", line 3, in __init__
    _setattr('uri', __attr_converter_uri(uri))
                    ^^^^^^^^^^^^^^^^^^^^^^^^^
  File "/home/airflow/.local/lib/python3.12/site-packages/airflow/datasets/__init__.py", line 108, in _sanitize_uri
    if (normalizer := _get_uri_normalizer(normalized_scheme)) is not None:
                      ^^^^^^^^^^^^^^^^^^^^^^^^^^^^^^^^^^^^^^
  File "/home/airflow/.local/lib/python3.12/site-packages/airflow/datasets/__init__.py", line 58, in _get_uri_normalizer
    return ProvidersManager().dataset_uri_handlers.get(scheme)
           ^^^^^^^^^^^^^^^^^^^^^^^^^^^^^^^^^^^^^^^
  File "/home/airflow/.local/lib/python3.12/site-packages/airflow/providers_manager.py", line 1333, in dataset_uri_handlers
    self.initialize_providers_dataset_uri_resources()
  File "/home/airflow/.local/lib/python3.12/site-packages/airflow/providers_manager.py", line 384, in wrapped_function
    func(*args, **kwargs)
  File "/home/airflow/.local/lib/python3.12/site-packages/airflow/providers_manager.py", line 532, in initialize_providers_dataset_uri_resources
    self._discover_dataset_uri_resources()
  File "/home/airflow/.local/lib/python3.12/site-packages/airflow/providers_manager.py", line 914, in _discover_dataset_uri_resources
    _safe_register_resource(
  File "/home/airflow/.local/lib/python3.12/site-packages/airflow/providers_manager.py", line 902, in _safe_register_resource
    _correctness_check(provider_package_name, resource_path, provider)
  File "/home/airflow/.local/lib/python3.12/site-packages/airflow/providers_manager.py", line 327, in _correctness_check
    imported_class = import_string(class_name)
                     ^^^^^^^^^^^^^^^^^^^^^^^^^
  File "/home/airflow/.local/lib/python3.12/site-packages/airflow/utils/module_loading.py", line 39, in import_string
    module = import_module(module_path)
             ^^^^^^^^^^^^^^^^^^^^^^^^^^
  File "/usr/local/lib/python3.12/importlib/__init__.py", line 90, in import_module
    return _bootstrap._gcd_import(name[level:], package, level)
           ^^^^^^^^^^^^^^^^^^^^^^^^^^^^^^^^^^^^^^^^^^^^^^^^^^^^
  File "<frozen importlib._bootstrap>", line 1387, in _gcd_import
  File "<frozen importlib._bootstrap>", line 1360, in _find_and_load
  File "<frozen importlib._bootstrap>", line 1331, in _find_and_load_unlocked
  File "<frozen importlib._bootstrap>", line 935, in _load_unlocked
  File "<frozen importlib._bootstrap_external>", line 999, in exec_module
  File "<frozen importlib._bootstrap>", line 488, in _call_with_frames_removed
  File "/home/airflow/.local/lib/python3.12/site-packages/airflow/providers/google/assets/gcs.py", line 21, in <module>
    from airflow.providers.google.cloud.hooks.gcs import _parse_gcs_url
  File "/home/airflow/.local/lib/python3.12/site-packages/airflow/providers/google/cloud/hooks/gcs.py", line 38, in <module>
    from google.api_core.exceptions import GoogleAPICallError, NotFound
  File "/home/airflow/.local/lib/python3.12/site-packages/google/api_core/exceptions.py", line 40, in <module>
    import grpc
  File "/home/airflow/.local/lib/python3.12/site-packages/grpc/__init__.py", line 2346, in <module>
    from grpc import aio  # pylint: disable=ungrouped-imports
    ^^^^^^^^^^^^^^^^^^^^
  File "/home/airflow/.local/lib/python3.12/site-packages/grpc/aio/__init__.py", line 44, in <module>
    from ._call import AioRpcError
  File "<frozen importlib._bootstrap>", line 1360, in _find_and_load
  File "<frozen importlib._bootstrap>", line 1331, in _find_and_load_unlocked
  File "<frozen importlib._bootstrap>", line 935, in _load_unlocked
  File "<frozen importlib._bootstrap_external>", line 995, in exec_module
  File "<frozen importlib._bootstrap_external>", line 1132, in get_code
  File "<frozen importlib._bootstrap_external>", line 1191, in get_data
  File "/home/airflow/.local/lib/python3.12/site-packages/airflow/utils/timeout.py", line 69, in handle_timeout
    raise AirflowTaskTimeout(self.error_message)
airflow.exceptions.AirflowTaskTimeout: DagBag import timeout for /home/airflow/.local/lib/python3.12/site-packages/airflow/example_dags/example_datasets.py after 30.0s.
Please take a look at these docs to improve your DAG import time:
* https://airflow.apache.org/docs/apache-airflow/2.10.5/best-practices.html#top-level-python-code
* https://airflow.apache.org/docs/apache-airflow/2.10.5/best-practices.html#reducing-dag-complexity, PID: 148
[2025-04-13T21:26:18.510+0000] {processor.py:927} WARNING - No viable dags retrieved from /home/airflow/.local/lib/python3.12/site-packages/airflow/example_dags/example_datasets.py
[2025-04-13T21:26:21.080+0000] {processor.py:208} INFO - Processing /home/airflow/.local/lib/python3.12/site-packages/airflow/example_dags/example_datasets.py took 33.734 seconds
[2025-04-13T21:30:52.877+0000] {processor.py:186} INFO - Started process (PID=264) to work on /home/airflow/.local/lib/python3.12/site-packages/airflow/example_dags/example_datasets.py
[2025-04-13T21:30:52.898+0000] {processor.py:914} INFO - Processing file /home/airflow/.local/lib/python3.12/site-packages/airflow/example_dags/example_datasets.py for tasks to queue
[2025-04-13T21:30:53.044+0000] {logging_mixin.py:190} INFO - [2025-04-13T21:30:53.043+0000] {dagbag.py:588} INFO - Filling up the DagBag from /home/airflow/.local/lib/python3.12/site-packages/airflow/example_dags/example_datasets.py
[2025-04-13T21:31:19.797+0000] {processor.py:925} INFO - DAG(s) 'dataset_consumes_1_never_scheduled', 'dataset_consumes_1', 'dataset_produces_1', 'consume_1_and_2_with_dataset_expressions', 'conditional_dataset_and_time_based_timetable', 'dataset_consumes_unknown_never_scheduled', 'consume_1_or_both_2_and_3_with_dataset_expressions', 'dataset_produces_2', 'consume_1_or_2_with_dataset_expressions', 'dataset_consumes_1_and_2' retrieved from /home/airflow/.local/lib/python3.12/site-packages/airflow/example_dags/example_datasets.py
[2025-04-13T21:31:39.064+0000] {logging_mixin.py:190} INFO - [2025-04-13T21:31:39.063+0000] {dag.py:3239} INFO - Sync 10 DAGs
[2025-04-13T21:31:40.772+0000] {logging_mixin.py:190} INFO - [2025-04-13T21:31:40.772+0000] {dag.py:4180} INFO - Setting next_dagrun for conditional_dataset_and_time_based_timetable to 2025-04-09 01:00:00+00:00, run_after=2025-04-09 01:00:00+00:00
[2025-04-13T21:31:40.947+0000] {logging_mixin.py:190} INFO - [2025-04-13T21:31:40.947+0000] {dag.py:4180} INFO - Setting next_dagrun for consume_1_and_2_with_dataset_expressions to None, run_after=None
[2025-04-13T21:31:41.005+0000] {logging_mixin.py:190} INFO - [2025-04-13T21:31:41.005+0000] {dag.py:4180} INFO - Setting next_dagrun for consume_1_or_2_with_dataset_expressions to None, run_after=None
[2025-04-13T21:31:41.034+0000] {logging_mixin.py:190} INFO - [2025-04-13T21:31:41.034+0000] {dag.py:4180} INFO - Setting next_dagrun for consume_1_or_both_2_and_3_with_dataset_expressions to None, run_after=None
[2025-04-13T21:31:41.107+0000] {logging_mixin.py:190} INFO - [2025-04-13T21:31:41.107+0000] {dag.py:4180} INFO - Setting next_dagrun for dataset_consumes_1 to None, run_after=None
[2025-04-13T21:31:41.172+0000] {logging_mixin.py:190} INFO - [2025-04-13T21:31:41.172+0000] {dag.py:4180} INFO - Setting next_dagrun for dataset_consumes_1_and_2 to None, run_after=None
[2025-04-13T21:31:41.425+0000] {logging_mixin.py:190} INFO - [2025-04-13T21:31:41.424+0000] {dag.py:4180} INFO - Setting next_dagrun for dataset_consumes_1_never_scheduled to None, run_after=None
[2025-04-13T21:31:41.705+0000] {logging_mixin.py:190} INFO - [2025-04-13T21:31:41.705+0000] {dag.py:4180} INFO - Setting next_dagrun for dataset_consumes_unknown_never_scheduled to None, run_after=None
[2025-04-13T21:31:41.880+0000] {logging_mixin.py:190} INFO - [2025-04-13T21:31:41.880+0000] {dag.py:4180} INFO - Setting next_dagrun for dataset_produces_1 to 2025-04-12 00:00:00+00:00, run_after=2025-04-13 00:00:00+00:00
[2025-04-13T21:34:55.318+0000] {processor.py:186} INFO - Started process (PID=351) to work on /home/airflow/.local/lib/python3.12/site-packages/airflow/example_dags/example_datasets.py
[2025-04-13T21:34:55.397+0000] {processor.py:914} INFO - Processing file /home/airflow/.local/lib/python3.12/site-packages/airflow/example_dags/example_datasets.py for tasks to queue
[2025-04-13T21:34:55.427+0000] {logging_mixin.py:190} INFO - [2025-04-13T21:34:55.427+0000] {dagbag.py:588} INFO - Filling up the DagBag from /home/airflow/.local/lib/python3.12/site-packages/airflow/example_dags/example_datasets.py
[2025-04-13T21:35:18.430+0000] {processor.py:925} INFO - DAG(s) 'consume_1_or_2_with_dataset_expressions', 'dataset_produces_1', 'dataset_produces_2', 'dataset_consumes_1_and_2', 'consume_1_or_both_2_and_3_with_dataset_expressions', 'dataset_consumes_1_never_scheduled', 'consume_1_and_2_with_dataset_expressions', 'dataset_consumes_1', 'conditional_dataset_and_time_based_timetable', 'dataset_consumes_unknown_never_scheduled' retrieved from /home/airflow/.local/lib/python3.12/site-packages/airflow/example_dags/example_datasets.py
[2025-04-13T21:35:33.696+0000] {logging_mixin.py:190} INFO - [2025-04-13T21:35:33.695+0000] {dag.py:3239} INFO - Sync 10 DAGs
[2025-04-13T21:35:34.362+0000] {logging_mixin.py:190} INFO - [2025-04-13T21:35:34.361+0000] {dag.py:4180} INFO - Setting next_dagrun for conditional_dataset_and_time_based_timetable to 2025-04-09 01:00:00+00:00, run_after=2025-04-09 01:00:00+00:00
[2025-04-13T21:35:34.371+0000] {logging_mixin.py:190} INFO - [2025-04-13T21:35:34.370+0000] {dag.py:4180} INFO - Setting next_dagrun for consume_1_and_2_with_dataset_expressions to None, run_after=None
[2025-04-13T21:35:34.508+0000] {logging_mixin.py:190} INFO - [2025-04-13T21:35:34.382+0000] {dag.py:4180} INFO - Setting next_dagrun for consume_1_or_2_with_dataset_expressions to None, run_after=None
[2025-04-13T21:35:34.573+0000] {logging_mixin.py:190} INFO - [2025-04-13T21:35:34.555+0000] {dag.py:4180} INFO - Setting next_dagrun for consume_1_or_both_2_and_3_with_dataset_expressions to None, run_after=None
[2025-04-13T21:35:34.605+0000] {logging_mixin.py:190} INFO - [2025-04-13T21:35:34.605+0000] {dag.py:4180} INFO - Setting next_dagrun for dataset_consumes_1 to None, run_after=None
[2025-04-13T21:35:34.737+0000] {logging_mixin.py:190} INFO - [2025-04-13T21:35:34.729+0000] {dag.py:4180} INFO - Setting next_dagrun for dataset_consumes_1_and_2 to None, run_after=None
[2025-04-13T21:35:34.845+0000] {logging_mixin.py:190} INFO - [2025-04-13T21:35:34.845+0000] {dag.py:4180} INFO - Setting next_dagrun for dataset_consumes_1_never_scheduled to None, run_after=None
[2025-04-13T21:35:34.849+0000] {logging_mixin.py:190} INFO - [2025-04-13T21:35:34.849+0000] {dag.py:4180} INFO - Setting next_dagrun for dataset_consumes_unknown_never_scheduled to None, run_after=None
[2025-04-13T21:35:34.980+0000] {logging_mixin.py:190} INFO - [2025-04-13T21:35:34.979+0000] {dag.py:4180} INFO - Setting next_dagrun for dataset_produces_1 to 2025-04-12 00:00:00+00:00, run_after=2025-04-13 00:00:00+00:00
[2025-04-13T21:35:34.993+0000] {logging_mixin.py:190} INFO - [2025-04-13T21:35:34.993+0000] {dag.py:4180} INFO - Setting next_dagrun for dataset_produces_2 to None, run_after=None
[2025-04-13T21:35:36.492+0000] {processor.py:208} INFO - Processing /home/airflow/.local/lib/python3.12/site-packages/airflow/example_dags/example_datasets.py took 41.362 seconds
[2025-04-13T21:37:55.598+0000] {processor.py:186} INFO - Started process (PID=435) to work on /home/airflow/.local/lib/python3.12/site-packages/airflow/example_dags/example_datasets.py
[2025-04-13T21:37:55.637+0000] {processor.py:914} INFO - Processing file /home/airflow/.local/lib/python3.12/site-packages/airflow/example_dags/example_datasets.py for tasks to queue
[2025-04-13T21:37:55.720+0000] {logging_mixin.py:190} INFO - [2025-04-13T21:37:55.718+0000] {dagbag.py:588} INFO - Filling up the DagBag from /home/airflow/.local/lib/python3.12/site-packages/airflow/example_dags/example_datasets.py
[2025-04-13T21:38:13.153+0000] {processor.py:925} INFO - DAG(s) 'consume_1_or_2_with_dataset_expressions', 'dataset_consumes_1_and_2', 'dataset_produces_2', 'dataset_produces_1', 'dataset_consumes_unknown_never_scheduled', 'consume_1_and_2_with_dataset_expressions', 'dataset_consumes_1_never_scheduled', 'conditional_dataset_and_time_based_timetable', 'dataset_consumes_1', 'consume_1_or_both_2_and_3_with_dataset_expressions' retrieved from /home/airflow/.local/lib/python3.12/site-packages/airflow/example_dags/example_datasets.py
[2025-04-13T21:38:15.737+0000] {logging_mixin.py:190} INFO - [2025-04-13T21:38:15.736+0000] {dag.py:3239} INFO - Sync 10 DAGs
[2025-04-13T21:38:17.830+0000] {logging_mixin.py:190} INFO - [2025-04-13T21:38:17.830+0000] {dag.py:4180} INFO - Setting next_dagrun for conditional_dataset_and_time_based_timetable to 2025-04-09 01:00:00+00:00, run_after=2025-04-09 01:00:00+00:00
[2025-04-13T21:38:18.620+0000] {logging_mixin.py:190} INFO - [2025-04-13T21:38:18.577+0000] {dag.py:4180} INFO - Setting next_dagrun for consume_1_and_2_with_dataset_expressions to None, run_after=None
[2025-04-13T21:38:18.852+0000] {logging_mixin.py:190} INFO - [2025-04-13T21:38:18.850+0000] {dag.py:4180} INFO - Setting next_dagrun for consume_1_or_2_with_dataset_expressions to None, run_after=None
[2025-04-13T21:38:19.081+0000] {logging_mixin.py:190} INFO - [2025-04-13T21:38:19.080+0000] {dag.py:4180} INFO - Setting next_dagrun for consume_1_or_both_2_and_3_with_dataset_expressions to None, run_after=None
[2025-04-13T21:38:19.587+0000] {logging_mixin.py:190} INFO - [2025-04-13T21:38:19.586+0000] {dag.py:4180} INFO - Setting next_dagrun for dataset_consumes_1 to None, run_after=None
[2025-04-13T21:38:19.930+0000] {logging_mixin.py:190} INFO - [2025-04-13T21:38:19.912+0000] {dag.py:4180} INFO - Setting next_dagrun for dataset_consumes_1_and_2 to None, run_after=None
[2025-04-13T21:38:21.531+0000] {logging_mixin.py:190} INFO - [2025-04-13T21:38:21.529+0000] {dag.py:4180} INFO - Setting next_dagrun for dataset_consumes_1_never_scheduled to None, run_after=None
[2025-04-13T21:38:22.879+0000] {logging_mixin.py:190} INFO - [2025-04-13T21:38:22.879+0000] {dag.py:4180} INFO - Setting next_dagrun for dataset_consumes_unknown_never_scheduled to None, run_after=None
[2025-04-13T21:38:24.963+0000] {logging_mixin.py:190} INFO - [2025-04-13T21:38:24.959+0000] {dag.py:4180} INFO - Setting next_dagrun for dataset_produces_1 to 2025-04-12 00:00:00+00:00, run_after=2025-04-13 00:00:00+00:00
[2025-04-13T21:38:25.281+0000] {logging_mixin.py:190} INFO - [2025-04-13T21:38:25.281+0000] {dag.py:4180} INFO - Setting next_dagrun for dataset_produces_2 to None, run_after=None
[2025-04-13T21:50:32.320+0000] {processor.py:186} INFO - Started process (PID=133) to work on /home/airflow/.local/lib/python3.12/site-packages/airflow/example_dags/example_datasets.py
[2025-04-13T21:50:32.339+0000] {processor.py:914} INFO - Processing file /home/airflow/.local/lib/python3.12/site-packages/airflow/example_dags/example_datasets.py for tasks to queue
[2025-04-13T21:50:32.410+0000] {logging_mixin.py:190} INFO - [2025-04-13T21:50:32.409+0000] {dagbag.py:588} INFO - Filling up the DagBag from /home/airflow/.local/lib/python3.12/site-packages/airflow/example_dags/example_datasets.py
[2025-04-13T21:51:01.080+0000] {processor.py:925} INFO - DAG(s) 'dataset_consumes_1_and_2', 'dataset_consumes_1', 'consume_1_or_2_with_dataset_expressions', 'consume_1_and_2_with_dataset_expressions', 'conditional_dataset_and_time_based_timetable', 'dataset_consumes_1_never_scheduled', 'dataset_produces_2', 'consume_1_or_both_2_and_3_with_dataset_expressions', 'dataset_consumes_unknown_never_scheduled', 'dataset_produces_1' retrieved from /home/airflow/.local/lib/python3.12/site-packages/airflow/example_dags/example_datasets.py
[2025-04-13T21:51:07.066+0000] {logging_mixin.py:190} INFO - [2025-04-13T21:51:07.066+0000] {dag.py:3239} INFO - Sync 10 DAGs
[2025-04-13T21:51:09.919+0000] {logging_mixin.py:190} INFO - [2025-04-13T21:51:09.918+0000] {dag.py:4180} INFO - Setting next_dagrun for conditional_dataset_and_time_based_timetable to 2025-04-09 01:00:00+00:00, run_after=2025-04-09 01:00:00+00:00
[2025-04-13T21:51:10.394+0000] {logging_mixin.py:190} INFO - [2025-04-13T21:51:10.393+0000] {dag.py:4180} INFO - Setting next_dagrun for consume_1_and_2_with_dataset_expressions to None, run_after=None
[2025-04-13T21:51:10.767+0000] {logging_mixin.py:190} INFO - [2025-04-13T21:51:10.767+0000] {dag.py:4180} INFO - Setting next_dagrun for consume_1_or_2_with_dataset_expressions to None, run_after=None
[2025-04-13T21:51:11.094+0000] {logging_mixin.py:190} INFO - [2025-04-13T21:51:11.094+0000] {dag.py:4180} INFO - Setting next_dagrun for consume_1_or_both_2_and_3_with_dataset_expressions to None, run_after=None
[2025-04-13T21:51:11.398+0000] {logging_mixin.py:190} INFO - [2025-04-13T21:51:11.398+0000] {dag.py:4180} INFO - Setting next_dagrun for dataset_consumes_1 to None, run_after=None
[2025-04-13T21:51:11.866+0000] {logging_mixin.py:190} INFO - [2025-04-13T21:51:11.866+0000] {dag.py:4180} INFO - Setting next_dagrun for dataset_consumes_1_and_2 to None, run_after=None
[2025-04-13T21:51:12.372+0000] {logging_mixin.py:190} INFO - [2025-04-13T21:51:12.371+0000] {dag.py:4180} INFO - Setting next_dagrun for dataset_consumes_1_never_scheduled to None, run_after=None
[2025-04-13T21:51:12.602+0000] {logging_mixin.py:190} INFO - [2025-04-13T21:51:12.601+0000] {dag.py:4180} INFO - Setting next_dagrun for dataset_consumes_unknown_never_scheduled to None, run_after=None
[2025-04-13T21:51:13.418+0000] {logging_mixin.py:190} INFO - [2025-04-13T21:51:13.417+0000] {dag.py:4180} INFO - Setting next_dagrun for dataset_produces_1 to 2025-04-12 00:00:00+00:00, run_after=2025-04-13 00:00:00+00:00
[2025-04-13T21:51:13.643+0000] {logging_mixin.py:190} INFO - [2025-04-13T21:51:13.642+0000] {dag.py:4180} INFO - Setting next_dagrun for dataset_produces_2 to None, run_after=None
[2025-04-13T21:51:17.460+0000] {processor.py:208} INFO - Processing /home/airflow/.local/lib/python3.12/site-packages/airflow/example_dags/example_datasets.py took 45.429 seconds
[2025-04-13T22:12:29.821+0000] {processor.py:186} INFO - Started process (PID=145) to work on /home/airflow/.local/lib/python3.12/site-packages/airflow/example_dags/example_datasets.py
[2025-04-13T22:12:30.167+0000] {processor.py:914} INFO - Processing file /home/airflow/.local/lib/python3.12/site-packages/airflow/example_dags/example_datasets.py for tasks to queue
[2025-04-13T22:12:30.303+0000] {logging_mixin.py:190} INFO - [2025-04-13T22:12:30.303+0000] {dagbag.py:588} INFO - Filling up the DagBag from /home/airflow/.local/lib/python3.12/site-packages/airflow/example_dags/example_datasets.py
[2025-04-13T22:13:01.131+0000] {logging_mixin.py:190} INFO - [2025-04-13T22:13:01.128+0000] {timeout.py:68} ERROR - Process timed out, PID: 145
[2025-04-13T22:13:01.344+0000] {logging_mixin.py:190} INFO - [2025-04-13T22:13:01.308+0000] {dagbag.py:387} ERROR - Failed to import: /home/airflow/.local/lib/python3.12/site-packages/airflow/example_dags/example_datasets.py
Traceback (most recent call last):
  File "/home/airflow/.local/lib/python3.12/site-packages/airflow/models/dagbag.py", line 383, in parse
    loader.exec_module(new_module)
  File "<frozen importlib._bootstrap_external>", line 999, in exec_module
  File "<frozen importlib._bootstrap>", line 488, in _call_with_frames_removed
  File "/home/airflow/.local/lib/python3.12/site-packages/airflow/example_dags/example_datasets.py", line 64, in <module>
    dag1_dataset = Dataset("s3://dag1/output_1.txt", extra={"hi": "bye"})
                   ^^^^^^^^^^^^^^^^^^^^^^^^^^^^^^^^^^^^^^^^^^^^^^^^^^^^^^
  File "<attrs generated init airflow.datasets.Dataset>", line 3, in __init__
    _setattr('uri', __attr_converter_uri(uri))
                    ^^^^^^^^^^^^^^^^^^^^^^^^^
  File "/home/airflow/.local/lib/python3.12/site-packages/airflow/datasets/__init__.py", line 108, in _sanitize_uri
    if (normalizer := _get_uri_normalizer(normalized_scheme)) is not None:
                      ^^^^^^^^^^^^^^^^^^^^^^^^^^^^^^^^^^^^^^
  File "/home/airflow/.local/lib/python3.12/site-packages/airflow/datasets/__init__.py", line 58, in _get_uri_normalizer
    return ProvidersManager().dataset_uri_handlers.get(scheme)
           ^^^^^^^^^^^^^^^^^^^^^^^^^^^^^^^^^^^^^^^
  File "/home/airflow/.local/lib/python3.12/site-packages/airflow/providers_manager.py", line 1333, in dataset_uri_handlers
    self.initialize_providers_dataset_uri_resources()
  File "/home/airflow/.local/lib/python3.12/site-packages/airflow/providers_manager.py", line 384, in wrapped_function
    func(*args, **kwargs)
  File "/home/airflow/.local/lib/python3.12/site-packages/airflow/providers_manager.py", line 532, in initialize_providers_dataset_uri_resources
    self._discover_dataset_uri_resources()
  File "/home/airflow/.local/lib/python3.12/site-packages/airflow/providers_manager.py", line 914, in _discover_dataset_uri_resources
    _safe_register_resource(
  File "/home/airflow/.local/lib/python3.12/site-packages/airflow/providers_manager.py", line 902, in _safe_register_resource
    _correctness_check(provider_package_name, resource_path, provider)
  File "/home/airflow/.local/lib/python3.12/site-packages/airflow/providers_manager.py", line 327, in _correctness_check
    imported_class = import_string(class_name)
                     ^^^^^^^^^^^^^^^^^^^^^^^^^
  File "/home/airflow/.local/lib/python3.12/site-packages/airflow/utils/module_loading.py", line 39, in import_string
    module = import_module(module_path)
             ^^^^^^^^^^^^^^^^^^^^^^^^^^
  File "/usr/local/lib/python3.12/importlib/__init__.py", line 90, in import_module
    return _bootstrap._gcd_import(name[level:], package, level)
           ^^^^^^^^^^^^^^^^^^^^^^^^^^^^^^^^^^^^^^^^^^^^^^^^^^^^
  File "<frozen importlib._bootstrap>", line 1387, in _gcd_import
  File "<frozen importlib._bootstrap>", line 1360, in _find_and_load
  File "<frozen importlib._bootstrap>", line 1331, in _find_and_load_unlocked
  File "<frozen importlib._bootstrap>", line 935, in _load_unlocked
  File "<frozen importlib._bootstrap_external>", line 999, in exec_module
  File "<frozen importlib._bootstrap>", line 488, in _call_with_frames_removed
  File "/home/airflow/.local/lib/python3.12/site-packages/airflow/providers/google/assets/gcs.py", line 21, in <module>
    from airflow.providers.google.cloud.hooks.gcs import _parse_gcs_url
  File "/home/airflow/.local/lib/python3.12/site-packages/airflow/providers/google/cloud/hooks/gcs.py", line 50, in <module>
    from airflow.providers.google.common.hooks.base_google import (
  File "/home/airflow/.local/lib/python3.12/site-packages/airflow/providers/google/common/hooks/base_google.py", line 54, in <module>
    from airflow.providers.google.cloud.utils.credentials_provider import (
  File "/home/airflow/.local/lib/python3.12/site-packages/airflow/providers/google/cloud/utils/credentials_provider.py", line 37, in <module>
    from airflow.providers.google.cloud._internal_client.secret_manager_client import _SecretManagerClient
  File "/home/airflow/.local/lib/python3.12/site-packages/airflow/providers/google/cloud/_internal_client/secret_manager_client.py", line 24, in <module>
    from google.cloud.secretmanager_v1 import SecretManagerServiceClient
  File "/home/airflow/.local/lib/python3.12/site-packages/google/cloud/secretmanager_v1/__init__.py", line 21, in <module>
    from .services.secret_manager_service import (
  File "/home/airflow/.local/lib/python3.12/site-packages/google/cloud/secretmanager_v1/services/secret_manager_service/__init__.py", line 16, in <module>
    from .async_client import SecretManagerServiceAsyncClient
  File "/home/airflow/.local/lib/python3.12/site-packages/google/cloud/secretmanager_v1/services/secret_manager_service/async_client.py", line 47, in <module>
    from google.iam.v1 import iam_policy_pb2  # type: ignore
    ^^^^^^^^^^^^^^^^^^^^^^^^^^^^^^^^^^^^^^^^
  File "/home/airflow/.local/lib/python3.12/site-packages/google/iam/v1/iam_policy_pb2.py", line 35, in <module>
    from google.iam.v1 import policy_pb2 as google_dot_iam_dot_v1_dot_policy__pb2
  File "<frozen importlib._bootstrap>", line 1360, in _find_and_load
  File "<frozen importlib._bootstrap>", line 1331, in _find_and_load_unlocked
  File "<frozen importlib._bootstrap>", line 935, in _load_unlocked
  File "<frozen importlib._bootstrap_external>", line 995, in exec_module
  File "<frozen importlib._bootstrap_external>", line 1091, in get_code
  File "<frozen importlib._bootstrap_external>", line 1191, in get_data
  File "/home/airflow/.local/lib/python3.12/site-packages/airflow/utils/timeout.py", line 69, in handle_timeout
    raise AirflowTaskTimeout(self.error_message)
airflow.exceptions.AirflowTaskTimeout: DagBag import timeout for /home/airflow/.local/lib/python3.12/site-packages/airflow/example_dags/example_datasets.py after 30.0s.
Please take a look at these docs to improve your DAG import time:
* https://airflow.apache.org/docs/apache-airflow/2.10.5/best-practices.html#top-level-python-code
* https://airflow.apache.org/docs/apache-airflow/2.10.5/best-practices.html#reducing-dag-complexity, PID: 145
[2025-04-13T22:13:01.706+0000] {processor.py:927} WARNING - No viable dags retrieved from /home/airflow/.local/lib/python3.12/site-packages/airflow/example_dags/example_datasets.py
[2025-04-13T22:13:04.530+0000] {processor.py:208} INFO - Processing /home/airflow/.local/lib/python3.12/site-packages/airflow/example_dags/example_datasets.py took 35.002 seconds
[2025-04-13T22:31:15.209+0000] {processor.py:186} INFO - Started process (PID=91) to work on /home/airflow/.local/lib/python3.12/site-packages/airflow/example_dags/example_datasets.py
[2025-04-13T22:31:15.228+0000] {processor.py:914} INFO - Processing file /home/airflow/.local/lib/python3.12/site-packages/airflow/example_dags/example_datasets.py for tasks to queue
[2025-04-13T22:31:15.242+0000] {logging_mixin.py:190} INFO - [2025-04-13T22:31:15.241+0000] {dagbag.py:588} INFO - Filling up the DagBag from /home/airflow/.local/lib/python3.12/site-packages/airflow/example_dags/example_datasets.py
[2025-04-13T22:31:32.643+0000] {processor.py:925} INFO - DAG(s) 'dataset_produces_1', 'consume_1_and_2_with_dataset_expressions', 'dataset_produces_2', 'conditional_dataset_and_time_based_timetable', 'dataset_consumes_1_never_scheduled', 'dataset_consumes_1', 'dataset_consumes_unknown_never_scheduled', 'dataset_consumes_1_and_2', 'consume_1_or_both_2_and_3_with_dataset_expressions', 'consume_1_or_2_with_dataset_expressions' retrieved from /home/airflow/.local/lib/python3.12/site-packages/airflow/example_dags/example_datasets.py
[2025-04-13T22:31:36.750+0000] {logging_mixin.py:190} INFO - [2025-04-13T22:31:36.749+0000] {dag.py:3239} INFO - Sync 10 DAGs
[2025-04-13T22:31:37.408+0000] {logging_mixin.py:190} INFO - [2025-04-13T22:31:37.314+0000] {dag.py:4180} INFO - Setting next_dagrun for conditional_dataset_and_time_based_timetable to 2025-04-09 01:00:00+00:00, run_after=2025-04-09 01:00:00+00:00
[2025-04-13T22:31:37.469+0000] {logging_mixin.py:190} INFO - [2025-04-13T22:31:37.469+0000] {dag.py:4180} INFO - Setting next_dagrun for consume_1_and_2_with_dataset_expressions to None, run_after=None
[2025-04-13T22:31:37.523+0000] {logging_mixin.py:190} INFO - [2025-04-13T22:31:37.521+0000] {dag.py:4180} INFO - Setting next_dagrun for consume_1_or_2_with_dataset_expressions to None, run_after=None
[2025-04-13T22:31:37.566+0000] {logging_mixin.py:190} INFO - [2025-04-13T22:31:37.554+0000] {dag.py:4180} INFO - Setting next_dagrun for consume_1_or_both_2_and_3_with_dataset_expressions to None, run_after=None
[2025-04-13T22:31:37.627+0000] {logging_mixin.py:190} INFO - [2025-04-13T22:31:37.626+0000] {dag.py:4180} INFO - Setting next_dagrun for dataset_consumes_1 to None, run_after=None
[2025-04-13T22:31:37.630+0000] {logging_mixin.py:190} INFO - [2025-04-13T22:31:37.630+0000] {dag.py:4180} INFO - Setting next_dagrun for dataset_consumes_1_and_2 to None, run_after=None
[2025-04-13T22:31:37.658+0000] {logging_mixin.py:190} INFO - [2025-04-13T22:31:37.652+0000] {dag.py:4180} INFO - Setting next_dagrun for dataset_consumes_1_never_scheduled to None, run_after=None
[2025-04-13T22:31:37.674+0000] {logging_mixin.py:190} INFO - [2025-04-13T22:31:37.674+0000] {dag.py:4180} INFO - Setting next_dagrun for dataset_consumes_unknown_never_scheduled to None, run_after=None
[2025-04-13T22:31:37.754+0000] {logging_mixin.py:190} INFO - [2025-04-13T22:31:37.754+0000] {dag.py:4180} INFO - Setting next_dagrun for dataset_produces_1 to 2025-04-12 00:00:00+00:00, run_after=2025-04-13 00:00:00+00:00
[2025-04-13T22:31:37.793+0000] {logging_mixin.py:190} INFO - [2025-04-13T22:31:37.793+0000] {dag.py:4180} INFO - Setting next_dagrun for dataset_produces_2 to None, run_after=None
[2025-04-13T22:31:38.222+0000] {processor.py:208} INFO - Processing /home/airflow/.local/lib/python3.12/site-packages/airflow/example_dags/example_datasets.py took 23.052 seconds
[2025-04-13T22:32:22.657+0000] {processor.py:186} INFO - Started process (PID=160) to work on /home/airflow/.local/lib/python3.12/site-packages/airflow/example_dags/example_datasets.py
[2025-04-13T22:32:22.669+0000] {processor.py:914} INFO - Processing file /home/airflow/.local/lib/python3.12/site-packages/airflow/example_dags/example_datasets.py for tasks to queue
[2025-04-13T22:32:22.706+0000] {logging_mixin.py:190} INFO - [2025-04-13T22:32:22.694+0000] {dagbag.py:588} INFO - Filling up the DagBag from /home/airflow/.local/lib/python3.12/site-packages/airflow/example_dags/example_datasets.py
[2025-04-13T22:32:26.795+0000] {processor.py:925} INFO - DAG(s) 'dataset_consumes_1_never_scheduled', 'dataset_consumes_unknown_never_scheduled', 'dataset_consumes_1_and_2', 'conditional_dataset_and_time_based_timetable', 'consume_1_or_2_with_dataset_expressions', 'consume_1_or_both_2_and_3_with_dataset_expressions', 'dataset_produces_2', 'consume_1_and_2_with_dataset_expressions', 'dataset_produces_1', 'dataset_consumes_1' retrieved from /home/airflow/.local/lib/python3.12/site-packages/airflow/example_dags/example_datasets.py
[2025-04-13T22:32:27.013+0000] {logging_mixin.py:190} INFO - [2025-04-13T22:32:27.012+0000] {dag.py:3239} INFO - Sync 10 DAGs
[2025-04-13T22:32:27.108+0000] {logging_mixin.py:190} INFO - [2025-04-13T22:32:27.107+0000] {dag.py:4180} INFO - Setting next_dagrun for conditional_dataset_and_time_based_timetable to 2025-04-09 01:00:00+00:00, run_after=2025-04-09 01:00:00+00:00
[2025-04-13T22:32:27.123+0000] {logging_mixin.py:190} INFO - [2025-04-13T22:32:27.122+0000] {dag.py:4180} INFO - Setting next_dagrun for consume_1_and_2_with_dataset_expressions to None, run_after=None
[2025-04-13T22:32:27.181+0000] {logging_mixin.py:190} INFO - [2025-04-13T22:32:27.179+0000] {dag.py:4180} INFO - Setting next_dagrun for consume_1_or_2_with_dataset_expressions to None, run_after=None
[2025-04-13T22:32:27.299+0000] {logging_mixin.py:190} INFO - [2025-04-13T22:32:27.297+0000] {dag.py:4180} INFO - Setting next_dagrun for consume_1_or_both_2_and_3_with_dataset_expressions to None, run_after=None
[2025-04-13T22:32:27.342+0000] {logging_mixin.py:190} INFO - [2025-04-13T22:32:27.341+0000] {dag.py:4180} INFO - Setting next_dagrun for dataset_consumes_1 to None, run_after=None
[2025-04-13T22:32:27.352+0000] {logging_mixin.py:190} INFO - [2025-04-13T22:32:27.352+0000] {dag.py:4180} INFO - Setting next_dagrun for dataset_consumes_1_and_2 to None, run_after=None
[2025-04-13T22:32:27.363+0000] {logging_mixin.py:190} INFO - [2025-04-13T22:32:27.363+0000] {dag.py:4180} INFO - Setting next_dagrun for dataset_consumes_1_never_scheduled to None, run_after=None
[2025-04-13T22:32:27.371+0000] {logging_mixin.py:190} INFO - [2025-04-13T22:32:27.371+0000] {dag.py:4180} INFO - Setting next_dagrun for dataset_consumes_unknown_never_scheduled to None, run_after=None
[2025-04-13T22:32:27.381+0000] {logging_mixin.py:190} INFO - [2025-04-13T22:32:27.380+0000] {dag.py:4180} INFO - Setting next_dagrun for dataset_produces_1 to 2025-04-12 00:00:00+00:00, run_after=2025-04-13 00:00:00+00:00
[2025-04-13T22:32:27.389+0000] {logging_mixin.py:190} INFO - [2025-04-13T22:32:27.388+0000] {dag.py:4180} INFO - Setting next_dagrun for dataset_produces_2 to None, run_after=None
[2025-04-13T22:32:27.681+0000] {processor.py:208} INFO - Processing /home/airflow/.local/lib/python3.12/site-packages/airflow/example_dags/example_datasets.py took 5.118 seconds
[2025-04-13T22:32:59.948+0000] {processor.py:186} INFO - Started process (PID=235) to work on /home/airflow/.local/lib/python3.12/site-packages/airflow/example_dags/example_datasets.py
[2025-04-13T22:32:59.956+0000] {processor.py:914} INFO - Processing file /home/airflow/.local/lib/python3.12/site-packages/airflow/example_dags/example_datasets.py for tasks to queue
[2025-04-13T22:32:59.976+0000] {logging_mixin.py:190} INFO - [2025-04-13T22:32:59.975+0000] {dagbag.py:588} INFO - Filling up the DagBag from /home/airflow/.local/lib/python3.12/site-packages/airflow/example_dags/example_datasets.py
[2025-04-13T22:33:03.934+0000] {processor.py:925} INFO - DAG(s) 'consume_1_and_2_with_dataset_expressions', 'dataset_consumes_1', 'dataset_produces_2', 'consume_1_or_both_2_and_3_with_dataset_expressions', 'conditional_dataset_and_time_based_timetable', 'dataset_consumes_1_never_scheduled', 'dataset_consumes_1_and_2', 'dataset_consumes_unknown_never_scheduled', 'dataset_produces_1', 'consume_1_or_2_with_dataset_expressions' retrieved from /home/airflow/.local/lib/python3.12/site-packages/airflow/example_dags/example_datasets.py
[2025-04-13T22:33:04.739+0000] {logging_mixin.py:190} INFO - [2025-04-13T22:33:04.739+0000] {dag.py:3239} INFO - Sync 10 DAGs
[2025-04-13T22:33:05.116+0000] {logging_mixin.py:190} INFO - [2025-04-13T22:33:05.116+0000] {dag.py:4180} INFO - Setting next_dagrun for conditional_dataset_and_time_based_timetable to 2025-04-09 01:00:00+00:00, run_after=2025-04-09 01:00:00+00:00
[2025-04-13T22:33:05.130+0000] {logging_mixin.py:190} INFO - [2025-04-13T22:33:05.129+0000] {dag.py:4180} INFO - Setting next_dagrun for consume_1_and_2_with_dataset_expressions to None, run_after=None
[2025-04-13T22:33:05.319+0000] {logging_mixin.py:190} INFO - [2025-04-13T22:33:05.318+0000] {dag.py:4180} INFO - Setting next_dagrun for consume_1_or_2_with_dataset_expressions to None, run_after=None
[2025-04-13T22:33:05.322+0000] {logging_mixin.py:190} INFO - [2025-04-13T22:33:05.321+0000] {dag.py:4180} INFO - Setting next_dagrun for consume_1_or_both_2_and_3_with_dataset_expressions to None, run_after=None
[2025-04-13T22:33:05.354+0000] {logging_mixin.py:190} INFO - [2025-04-13T22:33:05.352+0000] {dag.py:4180} INFO - Setting next_dagrun for dataset_consumes_1 to None, run_after=None
[2025-04-13T22:33:05.395+0000] {logging_mixin.py:190} INFO - [2025-04-13T22:33:05.395+0000] {dag.py:4180} INFO - Setting next_dagrun for dataset_consumes_1_and_2 to None, run_after=None
[2025-04-13T22:33:05.419+0000] {logging_mixin.py:190} INFO - [2025-04-13T22:33:05.418+0000] {dag.py:4180} INFO - Setting next_dagrun for dataset_consumes_1_never_scheduled to None, run_after=None
[2025-04-13T22:33:05.452+0000] {logging_mixin.py:190} INFO - [2025-04-13T22:33:05.452+0000] {dag.py:4180} INFO - Setting next_dagrun for dataset_consumes_unknown_never_scheduled to None, run_after=None
[2025-04-13T22:33:05.547+0000] {logging_mixin.py:190} INFO - [2025-04-13T22:33:05.546+0000] {dag.py:4180} INFO - Setting next_dagrun for dataset_produces_1 to 2025-04-12 00:00:00+00:00, run_after=2025-04-13 00:00:00+00:00
[2025-04-13T22:33:05.563+0000] {logging_mixin.py:190} INFO - [2025-04-13T22:33:05.563+0000] {dag.py:4180} INFO - Setting next_dagrun for dataset_produces_2 to None, run_after=None
[2025-04-13T22:33:05.969+0000] {processor.py:208} INFO - Processing /home/airflow/.local/lib/python3.12/site-packages/airflow/example_dags/example_datasets.py took 6.067 seconds
[2025-04-13T22:33:36.314+0000] {processor.py:186} INFO - Started process (PID=302) to work on /home/airflow/.local/lib/python3.12/site-packages/airflow/example_dags/example_datasets.py
[2025-04-13T22:33:36.317+0000] {processor.py:914} INFO - Processing file /home/airflow/.local/lib/python3.12/site-packages/airflow/example_dags/example_datasets.py for tasks to queue
[2025-04-13T22:33:36.325+0000] {logging_mixin.py:190} INFO - [2025-04-13T22:33:36.324+0000] {dagbag.py:588} INFO - Filling up the DagBag from /home/airflow/.local/lib/python3.12/site-packages/airflow/example_dags/example_datasets.py
[2025-04-13T22:33:39.889+0000] {processor.py:925} INFO - DAG(s) 'conditional_dataset_and_time_based_timetable', 'dataset_consumes_unknown_never_scheduled', 'dataset_consumes_1', 'consume_1_or_both_2_and_3_with_dataset_expressions', 'dataset_produces_2', 'dataset_consumes_1_never_scheduled', 'consume_1_or_2_with_dataset_expressions', 'consume_1_and_2_with_dataset_expressions', 'dataset_consumes_1_and_2', 'dataset_produces_1' retrieved from /home/airflow/.local/lib/python3.12/site-packages/airflow/example_dags/example_datasets.py
[2025-04-13T22:33:40.340+0000] {logging_mixin.py:190} INFO - [2025-04-13T22:33:40.339+0000] {dag.py:3239} INFO - Sync 10 DAGs
[2025-04-13T22:33:40.558+0000] {logging_mixin.py:190} INFO - [2025-04-13T22:33:40.558+0000] {dag.py:4180} INFO - Setting next_dagrun for conditional_dataset_and_time_based_timetable to 2025-04-09 01:00:00+00:00, run_after=2025-04-09 01:00:00+00:00
[2025-04-13T22:33:40.575+0000] {logging_mixin.py:190} INFO - [2025-04-13T22:33:40.575+0000] {dag.py:4180} INFO - Setting next_dagrun for consume_1_and_2_with_dataset_expressions to None, run_after=None
[2025-04-13T22:33:40.608+0000] {logging_mixin.py:190} INFO - [2025-04-13T22:33:40.607+0000] {dag.py:4180} INFO - Setting next_dagrun for consume_1_or_2_with_dataset_expressions to None, run_after=None
[2025-04-13T22:33:40.614+0000] {logging_mixin.py:190} INFO - [2025-04-13T22:33:40.613+0000] {dag.py:4180} INFO - Setting next_dagrun for consume_1_or_both_2_and_3_with_dataset_expressions to None, run_after=None
[2025-04-13T22:33:40.633+0000] {logging_mixin.py:190} INFO - [2025-04-13T22:33:40.632+0000] {dag.py:4180} INFO - Setting next_dagrun for dataset_consumes_1 to None, run_after=None
[2025-04-13T22:33:40.651+0000] {logging_mixin.py:190} INFO - [2025-04-13T22:33:40.650+0000] {dag.py:4180} INFO - Setting next_dagrun for dataset_consumes_1_and_2 to None, run_after=None
[2025-04-13T22:33:40.679+0000] {logging_mixin.py:190} INFO - [2025-04-13T22:33:40.679+0000] {dag.py:4180} INFO - Setting next_dagrun for dataset_consumes_1_never_scheduled to None, run_after=None
[2025-04-13T22:33:40.694+0000] {logging_mixin.py:190} INFO - [2025-04-13T22:33:40.694+0000] {dag.py:4180} INFO - Setting next_dagrun for dataset_consumes_unknown_never_scheduled to None, run_after=None
[2025-04-13T22:33:40.706+0000] {logging_mixin.py:190} INFO - [2025-04-13T22:33:40.705+0000] {dag.py:4180} INFO - Setting next_dagrun for dataset_produces_1 to 2025-04-12 00:00:00+00:00, run_after=2025-04-13 00:00:00+00:00
[2025-04-13T22:33:40.711+0000] {logging_mixin.py:190} INFO - [2025-04-13T22:33:40.710+0000] {dag.py:4180} INFO - Setting next_dagrun for dataset_produces_2 to None, run_after=None
[2025-04-13T22:33:40.872+0000] {processor.py:208} INFO - Processing /home/airflow/.local/lib/python3.12/site-packages/airflow/example_dags/example_datasets.py took 4.606 seconds
[2025-04-13T22:34:11.011+0000] {processor.py:186} INFO - Started process (PID=370) to work on /home/airflow/.local/lib/python3.12/site-packages/airflow/example_dags/example_datasets.py
[2025-04-13T22:34:11.015+0000] {processor.py:914} INFO - Processing file /home/airflow/.local/lib/python3.12/site-packages/airflow/example_dags/example_datasets.py for tasks to queue
[2025-04-13T22:34:11.043+0000] {logging_mixin.py:190} INFO - [2025-04-13T22:34:11.034+0000] {dagbag.py:588} INFO - Filling up the DagBag from /home/airflow/.local/lib/python3.12/site-packages/airflow/example_dags/example_datasets.py
[2025-04-13T22:34:14.161+0000] {processor.py:925} INFO - DAG(s) 'conditional_dataset_and_time_based_timetable', 'dataset_consumes_1', 'dataset_produces_2', 'dataset_consumes_1_and_2', 'dataset_produces_1', 'consume_1_and_2_with_dataset_expressions', 'dataset_consumes_1_never_scheduled', 'consume_1_or_both_2_and_3_with_dataset_expressions', 'dataset_consumes_unknown_never_scheduled', 'consume_1_or_2_with_dataset_expressions' retrieved from /home/airflow/.local/lib/python3.12/site-packages/airflow/example_dags/example_datasets.py
[2025-04-13T22:34:14.513+0000] {logging_mixin.py:190} INFO - [2025-04-13T22:34:14.512+0000] {dag.py:3239} INFO - Sync 10 DAGs
[2025-04-13T22:34:14.728+0000] {logging_mixin.py:190} INFO - [2025-04-13T22:34:14.727+0000] {dag.py:4180} INFO - Setting next_dagrun for conditional_dataset_and_time_based_timetable to 2025-04-09 01:00:00+00:00, run_after=2025-04-09 01:00:00+00:00
[2025-04-13T22:34:14.754+0000] {logging_mixin.py:190} INFO - [2025-04-13T22:34:14.754+0000] {dag.py:4180} INFO - Setting next_dagrun for consume_1_and_2_with_dataset_expressions to None, run_after=None
[2025-04-13T22:34:14.761+0000] {logging_mixin.py:190} INFO - [2025-04-13T22:34:14.761+0000] {dag.py:4180} INFO - Setting next_dagrun for consume_1_or_2_with_dataset_expressions to None, run_after=None
[2025-04-13T22:34:14.787+0000] {logging_mixin.py:190} INFO - [2025-04-13T22:34:14.786+0000] {dag.py:4180} INFO - Setting next_dagrun for consume_1_or_both_2_and_3_with_dataset_expressions to None, run_after=None
[2025-04-13T22:34:14.799+0000] {logging_mixin.py:190} INFO - [2025-04-13T22:34:14.799+0000] {dag.py:4180} INFO - Setting next_dagrun for dataset_consumes_1 to None, run_after=None
[2025-04-13T22:34:14.818+0000] {logging_mixin.py:190} INFO - [2025-04-13T22:34:14.817+0000] {dag.py:4180} INFO - Setting next_dagrun for dataset_consumes_1_and_2 to None, run_after=None
[2025-04-13T22:34:14.851+0000] {logging_mixin.py:190} INFO - [2025-04-13T22:34:14.847+0000] {dag.py:4180} INFO - Setting next_dagrun for dataset_consumes_1_never_scheduled to None, run_after=None
[2025-04-13T22:34:14.854+0000] {logging_mixin.py:190} INFO - [2025-04-13T22:34:14.854+0000] {dag.py:4180} INFO - Setting next_dagrun for dataset_consumes_unknown_never_scheduled to None, run_after=None
[2025-04-13T22:34:14.863+0000] {logging_mixin.py:190} INFO - [2025-04-13T22:34:14.861+0000] {dag.py:4180} INFO - Setting next_dagrun for dataset_produces_1 to 2025-04-12 00:00:00+00:00, run_after=2025-04-13 00:00:00+00:00
[2025-04-13T22:34:14.876+0000] {logging_mixin.py:190} INFO - [2025-04-13T22:34:14.875+0000] {dag.py:4180} INFO - Setting next_dagrun for dataset_produces_2 to None, run_after=None
[2025-04-13T22:34:15.047+0000] {processor.py:208} INFO - Processing /home/airflow/.local/lib/python3.12/site-packages/airflow/example_dags/example_datasets.py took 4.049 seconds
[2025-04-13T22:34:45.337+0000] {processor.py:186} INFO - Started process (PID=437) to work on /home/airflow/.local/lib/python3.12/site-packages/airflow/example_dags/example_datasets.py
[2025-04-13T22:34:45.338+0000] {processor.py:914} INFO - Processing file /home/airflow/.local/lib/python3.12/site-packages/airflow/example_dags/example_datasets.py for tasks to queue
[2025-04-13T22:34:45.354+0000] {logging_mixin.py:190} INFO - [2025-04-13T22:34:45.353+0000] {dagbag.py:588} INFO - Filling up the DagBag from /home/airflow/.local/lib/python3.12/site-packages/airflow/example_dags/example_datasets.py
[2025-04-13T22:34:53.894+0000] {processor.py:925} INFO - DAG(s) 'consume_1_or_2_with_dataset_expressions', 'dataset_consumes_1_never_scheduled', 'dataset_consumes_1_and_2', 'dataset_produces_2', 'dataset_produces_1', 'dataset_consumes_unknown_never_scheduled', 'consume_1_or_both_2_and_3_with_dataset_expressions', 'conditional_dataset_and_time_based_timetable', 'dataset_consumes_1', 'consume_1_and_2_with_dataset_expressions' retrieved from /home/airflow/.local/lib/python3.12/site-packages/airflow/example_dags/example_datasets.py
[2025-04-13T22:34:54.473+0000] {logging_mixin.py:190} INFO - [2025-04-13T22:34:54.467+0000] {dag.py:3239} INFO - Sync 10 DAGs
[2025-04-13T22:34:55.195+0000] {logging_mixin.py:190} INFO - [2025-04-13T22:34:55.194+0000] {dag.py:4180} INFO - Setting next_dagrun for conditional_dataset_and_time_based_timetable to 2025-04-09 01:00:00+00:00, run_after=2025-04-09 01:00:00+00:00
[2025-04-13T22:34:55.309+0000] {logging_mixin.py:190} INFO - [2025-04-13T22:34:55.308+0000] {dag.py:4180} INFO - Setting next_dagrun for consume_1_and_2_with_dataset_expressions to None, run_after=None
[2025-04-13T22:34:55.373+0000] {logging_mixin.py:190} INFO - [2025-04-13T22:34:55.362+0000] {dag.py:4180} INFO - Setting next_dagrun for consume_1_or_2_with_dataset_expressions to None, run_after=None
[2025-04-13T22:34:55.403+0000] {logging_mixin.py:190} INFO - [2025-04-13T22:34:55.402+0000] {dag.py:4180} INFO - Setting next_dagrun for consume_1_or_both_2_and_3_with_dataset_expressions to None, run_after=None
[2025-04-13T22:34:55.447+0000] {logging_mixin.py:190} INFO - [2025-04-13T22:34:55.446+0000] {dag.py:4180} INFO - Setting next_dagrun for dataset_consumes_1 to None, run_after=None
[2025-04-13T22:34:55.480+0000] {logging_mixin.py:190} INFO - [2025-04-13T22:34:55.479+0000] {dag.py:4180} INFO - Setting next_dagrun for dataset_consumes_1_and_2 to None, run_after=None
[2025-04-13T22:34:55.510+0000] {logging_mixin.py:190} INFO - [2025-04-13T22:34:55.508+0000] {dag.py:4180} INFO - Setting next_dagrun for dataset_consumes_1_never_scheduled to None, run_after=None
[2025-04-13T22:34:55.515+0000] {logging_mixin.py:190} INFO - [2025-04-13T22:34:55.515+0000] {dag.py:4180} INFO - Setting next_dagrun for dataset_consumes_unknown_never_scheduled to None, run_after=None
[2025-04-13T22:34:55.535+0000] {logging_mixin.py:190} INFO - [2025-04-13T22:34:55.534+0000] {dag.py:4180} INFO - Setting next_dagrun for dataset_produces_1 to 2025-04-12 00:00:00+00:00, run_after=2025-04-13 00:00:00+00:00
[2025-04-13T22:34:55.550+0000] {logging_mixin.py:190} INFO - [2025-04-13T22:34:55.550+0000] {dag.py:4180} INFO - Setting next_dagrun for dataset_produces_2 to None, run_after=None
[2025-04-13T22:34:56.431+0000] {processor.py:208} INFO - Processing /home/airflow/.local/lib/python3.12/site-packages/airflow/example_dags/example_datasets.py took 11.147 seconds
[2025-04-13T22:35:29.685+0000] {processor.py:186} INFO - Started process (PID=502) to work on /home/airflow/.local/lib/python3.12/site-packages/airflow/example_dags/example_datasets.py
[2025-04-13T22:35:29.702+0000] {processor.py:914} INFO - Processing file /home/airflow/.local/lib/python3.12/site-packages/airflow/example_dags/example_datasets.py for tasks to queue
[2025-04-13T22:35:29.760+0000] {logging_mixin.py:190} INFO - [2025-04-13T22:35:29.759+0000] {dagbag.py:588} INFO - Filling up the DagBag from /home/airflow/.local/lib/python3.12/site-packages/airflow/example_dags/example_datasets.py
[2025-04-13T22:35:34.951+0000] {processor.py:925} INFO - DAG(s) 'dataset_consumes_unknown_never_scheduled', 'conditional_dataset_and_time_based_timetable', 'dataset_produces_2', 'consume_1_and_2_with_dataset_expressions', 'dataset_consumes_1_never_scheduled', 'dataset_consumes_1_and_2', 'consume_1_or_both_2_and_3_with_dataset_expressions', 'consume_1_or_2_with_dataset_expressions', 'dataset_produces_1', 'dataset_consumes_1' retrieved from /home/airflow/.local/lib/python3.12/site-packages/airflow/example_dags/example_datasets.py
[2025-04-13T22:35:35.208+0000] {logging_mixin.py:190} INFO - [2025-04-13T22:35:35.208+0000] {dag.py:3239} INFO - Sync 10 DAGs
[2025-04-13T22:35:35.586+0000] {logging_mixin.py:190} INFO - [2025-04-13T22:35:35.585+0000] {dag.py:4180} INFO - Setting next_dagrun for conditional_dataset_and_time_based_timetable to 2025-04-09 01:00:00+00:00, run_after=2025-04-09 01:00:00+00:00
[2025-04-13T22:35:35.648+0000] {logging_mixin.py:190} INFO - [2025-04-13T22:35:35.648+0000] {dag.py:4180} INFO - Setting next_dagrun for consume_1_and_2_with_dataset_expressions to None, run_after=None
[2025-04-13T22:35:35.676+0000] {logging_mixin.py:190} INFO - [2025-04-13T22:35:35.674+0000] {dag.py:4180} INFO - Setting next_dagrun for consume_1_or_2_with_dataset_expressions to None, run_after=None
[2025-04-13T22:35:35.720+0000] {logging_mixin.py:190} INFO - [2025-04-13T22:35:35.719+0000] {dag.py:4180} INFO - Setting next_dagrun for consume_1_or_both_2_and_3_with_dataset_expressions to None, run_after=None
[2025-04-13T22:35:35.739+0000] {logging_mixin.py:190} INFO - [2025-04-13T22:35:35.736+0000] {dag.py:4180} INFO - Setting next_dagrun for dataset_consumes_1 to None, run_after=None
[2025-04-13T22:35:35.751+0000] {logging_mixin.py:190} INFO - [2025-04-13T22:35:35.751+0000] {dag.py:4180} INFO - Setting next_dagrun for dataset_consumes_1_and_2 to None, run_after=None
[2025-04-13T22:35:35.766+0000] {logging_mixin.py:190} INFO - [2025-04-13T22:35:35.765+0000] {dag.py:4180} INFO - Setting next_dagrun for dataset_consumes_1_never_scheduled to None, run_after=None
[2025-04-13T22:35:35.811+0000] {logging_mixin.py:190} INFO - [2025-04-13T22:35:35.784+0000] {dag.py:4180} INFO - Setting next_dagrun for dataset_consumes_unknown_never_scheduled to None, run_after=None
[2025-04-13T22:35:35.907+0000] {logging_mixin.py:190} INFO - [2025-04-13T22:35:35.889+0000] {dag.py:4180} INFO - Setting next_dagrun for dataset_produces_1 to 2025-04-12 00:00:00+00:00, run_after=2025-04-13 00:00:00+00:00
[2025-04-13T22:35:35.932+0000] {logging_mixin.py:190} INFO - [2025-04-13T22:35:35.931+0000] {dag.py:4180} INFO - Setting next_dagrun for dataset_produces_2 to None, run_after=None
[2025-04-13T22:35:36.242+0000] {processor.py:208} INFO - Processing /home/airflow/.local/lib/python3.12/site-packages/airflow/example_dags/example_datasets.py took 6.635 seconds
[2025-04-13T22:36:07.058+0000] {processor.py:186} INFO - Started process (PID=571) to work on /home/airflow/.local/lib/python3.12/site-packages/airflow/example_dags/example_datasets.py
[2025-04-13T22:36:07.062+0000] {processor.py:914} INFO - Processing file /home/airflow/.local/lib/python3.12/site-packages/airflow/example_dags/example_datasets.py for tasks to queue
[2025-04-13T22:36:07.072+0000] {logging_mixin.py:190} INFO - [2025-04-13T22:36:07.071+0000] {dagbag.py:588} INFO - Filling up the DagBag from /home/airflow/.local/lib/python3.12/site-packages/airflow/example_dags/example_datasets.py
[2025-04-13T22:36:11.958+0000] {processor.py:925} INFO - DAG(s) 'dataset_consumes_1_and_2', 'consume_1_and_2_with_dataset_expressions', 'consume_1_or_both_2_and_3_with_dataset_expressions', 'dataset_produces_2', 'dataset_consumes_1', 'consume_1_or_2_with_dataset_expressions', 'dataset_consumes_unknown_never_scheduled', 'dataset_produces_1', 'dataset_consumes_1_never_scheduled', 'conditional_dataset_and_time_based_timetable' retrieved from /home/airflow/.local/lib/python3.12/site-packages/airflow/example_dags/example_datasets.py
[2025-04-13T22:36:12.283+0000] {logging_mixin.py:190} INFO - [2025-04-13T22:36:12.272+0000] {dag.py:3239} INFO - Sync 10 DAGs
[2025-04-13T22:36:12.515+0000] {logging_mixin.py:190} INFO - [2025-04-13T22:36:12.515+0000] {dag.py:4180} INFO - Setting next_dagrun for conditional_dataset_and_time_based_timetable to 2025-04-09 01:00:00+00:00, run_after=2025-04-09 01:00:00+00:00
[2025-04-13T22:36:12.547+0000] {logging_mixin.py:190} INFO - [2025-04-13T22:36:12.547+0000] {dag.py:4180} INFO - Setting next_dagrun for consume_1_and_2_with_dataset_expressions to None, run_after=None
[2025-04-13T22:36:12.599+0000] {logging_mixin.py:190} INFO - [2025-04-13T22:36:12.585+0000] {dag.py:4180} INFO - Setting next_dagrun for consume_1_or_2_with_dataset_expressions to None, run_after=None
[2025-04-13T22:36:12.645+0000] {logging_mixin.py:190} INFO - [2025-04-13T22:36:12.629+0000] {dag.py:4180} INFO - Setting next_dagrun for consume_1_or_both_2_and_3_with_dataset_expressions to None, run_after=None
[2025-04-13T22:36:12.670+0000] {logging_mixin.py:190} INFO - [2025-04-13T22:36:12.669+0000] {dag.py:4180} INFO - Setting next_dagrun for dataset_consumes_1 to None, run_after=None
[2025-04-13T22:36:12.743+0000] {logging_mixin.py:190} INFO - [2025-04-13T22:36:12.696+0000] {dag.py:4180} INFO - Setting next_dagrun for dataset_consumes_1_and_2 to None, run_after=None
[2025-04-13T22:36:12.773+0000] {logging_mixin.py:190} INFO - [2025-04-13T22:36:12.773+0000] {dag.py:4180} INFO - Setting next_dagrun for dataset_consumes_1_never_scheduled to None, run_after=None
[2025-04-13T22:36:12.778+0000] {logging_mixin.py:190} INFO - [2025-04-13T22:36:12.777+0000] {dag.py:4180} INFO - Setting next_dagrun for dataset_consumes_unknown_never_scheduled to None, run_after=None
[2025-04-13T22:36:12.923+0000] {logging_mixin.py:190} INFO - [2025-04-13T22:36:12.902+0000] {dag.py:4180} INFO - Setting next_dagrun for dataset_produces_1 to 2025-04-12 00:00:00+00:00, run_after=2025-04-13 00:00:00+00:00
[2025-04-13T22:36:12.939+0000] {logging_mixin.py:190} INFO - [2025-04-13T22:36:12.938+0000] {dag.py:4180} INFO - Setting next_dagrun for dataset_produces_2 to None, run_after=None
[2025-04-13T22:36:13.633+0000] {processor.py:208} INFO - Processing /home/airflow/.local/lib/python3.12/site-packages/airflow/example_dags/example_datasets.py took 6.599 seconds
[2025-04-13T22:36:44.714+0000] {processor.py:186} INFO - Started process (PID=635) to work on /home/airflow/.local/lib/python3.12/site-packages/airflow/example_dags/example_datasets.py
[2025-04-13T22:36:44.733+0000] {processor.py:914} INFO - Processing file /home/airflow/.local/lib/python3.12/site-packages/airflow/example_dags/example_datasets.py for tasks to queue
[2025-04-13T22:36:44.742+0000] {logging_mixin.py:190} INFO - [2025-04-13T22:36:44.740+0000] {dagbag.py:588} INFO - Filling up the DagBag from /home/airflow/.local/lib/python3.12/site-packages/airflow/example_dags/example_datasets.py
[2025-04-13T22:36:49.211+0000] {processor.py:925} INFO - DAG(s) 'dataset_consumes_1_never_scheduled', 'dataset_produces_1', 'conditional_dataset_and_time_based_timetable', 'dataset_consumes_1_and_2', 'consume_1_or_both_2_and_3_with_dataset_expressions', 'consume_1_or_2_with_dataset_expressions', 'consume_1_and_2_with_dataset_expressions', 'dataset_produces_2', 'dataset_consumes_1', 'dataset_consumes_unknown_never_scheduled' retrieved from /home/airflow/.local/lib/python3.12/site-packages/airflow/example_dags/example_datasets.py
[2025-04-13T22:36:49.870+0000] {logging_mixin.py:190} INFO - [2025-04-13T22:36:49.870+0000] {dag.py:3239} INFO - Sync 10 DAGs
[2025-04-13T22:36:50.255+0000] {logging_mixin.py:190} INFO - [2025-04-13T22:36:50.254+0000] {dag.py:4180} INFO - Setting next_dagrun for conditional_dataset_and_time_based_timetable to 2025-04-09 01:00:00+00:00, run_after=2025-04-09 01:00:00+00:00
[2025-04-13T22:36:50.340+0000] {logging_mixin.py:190} INFO - [2025-04-13T22:36:50.339+0000] {dag.py:4180} INFO - Setting next_dagrun for consume_1_and_2_with_dataset_expressions to None, run_after=None
[2025-04-13T22:36:50.479+0000] {logging_mixin.py:190} INFO - [2025-04-13T22:36:50.465+0000] {dag.py:4180} INFO - Setting next_dagrun for consume_1_or_2_with_dataset_expressions to None, run_after=None
[2025-04-13T22:36:50.559+0000] {logging_mixin.py:190} INFO - [2025-04-13T22:36:50.558+0000] {dag.py:4180} INFO - Setting next_dagrun for consume_1_or_both_2_and_3_with_dataset_expressions to None, run_after=None
[2025-04-13T22:36:50.576+0000] {logging_mixin.py:190} INFO - [2025-04-13T22:36:50.568+0000] {dag.py:4180} INFO - Setting next_dagrun for dataset_consumes_1 to None, run_after=None
[2025-04-13T22:36:50.664+0000] {logging_mixin.py:190} INFO - [2025-04-13T22:36:50.663+0000] {dag.py:4180} INFO - Setting next_dagrun for dataset_consumes_1_and_2 to None, run_after=None
[2025-04-13T22:36:50.717+0000] {logging_mixin.py:190} INFO - [2025-04-13T22:36:50.716+0000] {dag.py:4180} INFO - Setting next_dagrun for dataset_consumes_1_never_scheduled to None, run_after=None
[2025-04-13T22:36:50.778+0000] {logging_mixin.py:190} INFO - [2025-04-13T22:36:50.778+0000] {dag.py:4180} INFO - Setting next_dagrun for dataset_consumes_unknown_never_scheduled to None, run_after=None
[2025-04-13T22:36:50.807+0000] {logging_mixin.py:190} INFO - [2025-04-13T22:36:50.807+0000] {dag.py:4180} INFO - Setting next_dagrun for dataset_produces_1 to 2025-04-12 00:00:00+00:00, run_after=2025-04-13 00:00:00+00:00
[2025-04-13T22:36:50.866+0000] {logging_mixin.py:190} INFO - [2025-04-13T22:36:50.866+0000] {dag.py:4180} INFO - Setting next_dagrun for dataset_produces_2 to None, run_after=None
[2025-04-13T22:36:51.393+0000] {processor.py:208} INFO - Processing /home/airflow/.local/lib/python3.12/site-packages/airflow/example_dags/example_datasets.py took 6.706 seconds
[2025-04-13T22:37:28.115+0000] {processor.py:186} INFO - Started process (PID=682) to work on /home/airflow/.local/lib/python3.12/site-packages/airflow/example_dags/example_datasets.py
[2025-04-13T22:37:28.120+0000] {processor.py:914} INFO - Processing file /home/airflow/.local/lib/python3.12/site-packages/airflow/example_dags/example_datasets.py for tasks to queue
[2025-04-13T22:37:28.127+0000] {logging_mixin.py:190} INFO - [2025-04-13T22:37:28.126+0000] {dagbag.py:588} INFO - Filling up the DagBag from /home/airflow/.local/lib/python3.12/site-packages/airflow/example_dags/example_datasets.py
[2025-04-13T22:37:36.031+0000] {processor.py:925} INFO - DAG(s) 'consume_1_or_both_2_and_3_with_dataset_expressions', 'dataset_consumes_1_never_scheduled', 'consume_1_and_2_with_dataset_expressions', 'dataset_consumes_unknown_never_scheduled', 'dataset_produces_2', 'dataset_produces_1', 'consume_1_or_2_with_dataset_expressions', 'dataset_consumes_1_and_2', 'dataset_consumes_1', 'conditional_dataset_and_time_based_timetable' retrieved from /home/airflow/.local/lib/python3.12/site-packages/airflow/example_dags/example_datasets.py
[2025-04-13T22:37:36.685+0000] {logging_mixin.py:190} INFO - [2025-04-13T22:37:36.684+0000] {dag.py:3239} INFO - Sync 10 DAGs
[2025-04-13T22:37:36.992+0000] {logging_mixin.py:190} INFO - [2025-04-13T22:37:36.990+0000] {dag.py:4180} INFO - Setting next_dagrun for conditional_dataset_and_time_based_timetable to 2025-04-09 01:00:00+00:00, run_after=2025-04-09 01:00:00+00:00
[2025-04-13T22:37:37.013+0000] {logging_mixin.py:190} INFO - [2025-04-13T22:37:37.012+0000] {dag.py:4180} INFO - Setting next_dagrun for consume_1_and_2_with_dataset_expressions to None, run_after=None
[2025-04-13T22:37:37.055+0000] {logging_mixin.py:190} INFO - [2025-04-13T22:37:37.055+0000] {dag.py:4180} INFO - Setting next_dagrun for consume_1_or_2_with_dataset_expressions to None, run_after=None
[2025-04-13T22:37:37.062+0000] {logging_mixin.py:190} INFO - [2025-04-13T22:37:37.062+0000] {dag.py:4180} INFO - Setting next_dagrun for consume_1_or_both_2_and_3_with_dataset_expressions to None, run_after=None
[2025-04-13T22:37:37.085+0000] {logging_mixin.py:190} INFO - [2025-04-13T22:37:37.085+0000] {dag.py:4180} INFO - Setting next_dagrun for dataset_consumes_1 to None, run_after=None
[2025-04-13T22:37:37.114+0000] {logging_mixin.py:190} INFO - [2025-04-13T22:37:37.108+0000] {dag.py:4180} INFO - Setting next_dagrun for dataset_consumes_1_and_2 to None, run_after=None
[2025-04-13T22:37:37.123+0000] {logging_mixin.py:190} INFO - [2025-04-13T22:37:37.123+0000] {dag.py:4180} INFO - Setting next_dagrun for dataset_consumes_1_never_scheduled to None, run_after=None
[2025-04-13T22:37:37.135+0000] {logging_mixin.py:190} INFO - [2025-04-13T22:37:37.134+0000] {dag.py:4180} INFO - Setting next_dagrun for dataset_consumes_unknown_never_scheduled to None, run_after=None
[2025-04-13T22:37:37.240+0000] {logging_mixin.py:190} INFO - [2025-04-13T22:37:37.240+0000] {dag.py:4180} INFO - Setting next_dagrun for dataset_produces_1 to 2025-04-12 00:00:00+00:00, run_after=2025-04-13 00:00:00+00:00
[2025-04-13T22:37:37.306+0000] {logging_mixin.py:190} INFO - [2025-04-13T22:37:37.306+0000] {dag.py:4180} INFO - Setting next_dagrun for dataset_produces_2 to None, run_after=None
[2025-04-13T22:37:37.766+0000] {processor.py:208} INFO - Processing /home/airflow/.local/lib/python3.12/site-packages/airflow/example_dags/example_datasets.py took 9.745 seconds
[2025-04-13T22:38:08.965+0000] {processor.py:186} INFO - Started process (PID=752) to work on /home/airflow/.local/lib/python3.12/site-packages/airflow/example_dags/example_datasets.py
[2025-04-13T22:38:08.972+0000] {processor.py:914} INFO - Processing file /home/airflow/.local/lib/python3.12/site-packages/airflow/example_dags/example_datasets.py for tasks to queue
[2025-04-13T22:38:08.998+0000] {logging_mixin.py:190} INFO - [2025-04-13T22:38:08.998+0000] {dagbag.py:588} INFO - Filling up the DagBag from /home/airflow/.local/lib/python3.12/site-packages/airflow/example_dags/example_datasets.py
[2025-04-13T22:38:15.405+0000] {processor.py:925} INFO - DAG(s) 'dataset_consumes_1', 'conditional_dataset_and_time_based_timetable', 'consume_1_and_2_with_dataset_expressions', 'dataset_produces_1', 'consume_1_or_2_with_dataset_expressions', 'dataset_consumes_unknown_never_scheduled', 'dataset_consumes_1_and_2', 'consume_1_or_both_2_and_3_with_dataset_expressions', 'dataset_produces_2', 'dataset_consumes_1_never_scheduled' retrieved from /home/airflow/.local/lib/python3.12/site-packages/airflow/example_dags/example_datasets.py
[2025-04-13T22:38:15.940+0000] {logging_mixin.py:190} INFO - [2025-04-13T22:38:15.940+0000] {dag.py:3239} INFO - Sync 10 DAGs
[2025-04-13T22:38:16.212+0000] {logging_mixin.py:190} INFO - [2025-04-13T22:38:16.211+0000] {dag.py:4180} INFO - Setting next_dagrun for conditional_dataset_and_time_based_timetable to 2025-04-09 01:00:00+00:00, run_after=2025-04-09 01:00:00+00:00
[2025-04-13T22:38:16.271+0000] {logging_mixin.py:190} INFO - [2025-04-13T22:38:16.270+0000] {dag.py:4180} INFO - Setting next_dagrun for consume_1_and_2_with_dataset_expressions to None, run_after=None
[2025-04-13T22:38:16.312+0000] {logging_mixin.py:190} INFO - [2025-04-13T22:38:16.311+0000] {dag.py:4180} INFO - Setting next_dagrun for consume_1_or_2_with_dataset_expressions to None, run_after=None
[2025-04-13T22:38:16.328+0000] {logging_mixin.py:190} INFO - [2025-04-13T22:38:16.328+0000] {dag.py:4180} INFO - Setting next_dagrun for consume_1_or_both_2_and_3_with_dataset_expressions to None, run_after=None
[2025-04-13T22:38:16.349+0000] {logging_mixin.py:190} INFO - [2025-04-13T22:38:16.349+0000] {dag.py:4180} INFO - Setting next_dagrun for dataset_consumes_1 to None, run_after=None
[2025-04-13T22:38:16.358+0000] {logging_mixin.py:190} INFO - [2025-04-13T22:38:16.358+0000] {dag.py:4180} INFO - Setting next_dagrun for dataset_consumes_1_and_2 to None, run_after=None
[2025-04-13T22:38:16.368+0000] {logging_mixin.py:190} INFO - [2025-04-13T22:38:16.365+0000] {dag.py:4180} INFO - Setting next_dagrun for dataset_consumes_1_never_scheduled to None, run_after=None
[2025-04-13T22:38:16.376+0000] {logging_mixin.py:190} INFO - [2025-04-13T22:38:16.371+0000] {dag.py:4180} INFO - Setting next_dagrun for dataset_consumes_unknown_never_scheduled to None, run_after=None
[2025-04-13T22:38:16.449+0000] {logging_mixin.py:190} INFO - [2025-04-13T22:38:16.449+0000] {dag.py:4180} INFO - Setting next_dagrun for dataset_produces_1 to 2025-04-12 00:00:00+00:00, run_after=2025-04-13 00:00:00+00:00
[2025-04-13T22:38:16.479+0000] {logging_mixin.py:190} INFO - [2025-04-13T22:38:16.473+0000] {dag.py:4180} INFO - Setting next_dagrun for dataset_produces_2 to None, run_after=None
[2025-04-13T22:38:17.002+0000] {processor.py:208} INFO - Processing /home/airflow/.local/lib/python3.12/site-packages/airflow/example_dags/example_datasets.py took 8.116 seconds
[2025-04-13T22:38:51.117+0000] {processor.py:186} INFO - Started process (PID=817) to work on /home/airflow/.local/lib/python3.12/site-packages/airflow/example_dags/example_datasets.py
[2025-04-13T22:38:51.120+0000] {processor.py:914} INFO - Processing file /home/airflow/.local/lib/python3.12/site-packages/airflow/example_dags/example_datasets.py for tasks to queue
[2025-04-13T22:38:51.131+0000] {logging_mixin.py:190} INFO - [2025-04-13T22:38:51.131+0000] {dagbag.py:588} INFO - Filling up the DagBag from /home/airflow/.local/lib/python3.12/site-packages/airflow/example_dags/example_datasets.py
[2025-04-13T22:38:55.855+0000] {processor.py:925} INFO - DAG(s) 'dataset_consumes_unknown_never_scheduled', 'dataset_produces_2', 'dataset_consumes_1', 'dataset_consumes_1_and_2', 'dataset_produces_1', 'consume_1_or_both_2_and_3_with_dataset_expressions', 'conditional_dataset_and_time_based_timetable', 'consume_1_and_2_with_dataset_expressions', 'dataset_consumes_1_never_scheduled', 'consume_1_or_2_with_dataset_expressions' retrieved from /home/airflow/.local/lib/python3.12/site-packages/airflow/example_dags/example_datasets.py
[2025-04-13T22:38:56.367+0000] {logging_mixin.py:190} INFO - [2025-04-13T22:38:56.366+0000] {dag.py:3239} INFO - Sync 10 DAGs
[2025-04-13T22:38:56.659+0000] {logging_mixin.py:190} INFO - [2025-04-13T22:38:56.658+0000] {dag.py:4180} INFO - Setting next_dagrun for conditional_dataset_and_time_based_timetable to 2025-04-09 01:00:00+00:00, run_after=2025-04-09 01:00:00+00:00
[2025-04-13T22:38:56.711+0000] {logging_mixin.py:190} INFO - [2025-04-13T22:38:56.710+0000] {dag.py:4180} INFO - Setting next_dagrun for consume_1_and_2_with_dataset_expressions to None, run_after=None
[2025-04-13T22:38:56.755+0000] {logging_mixin.py:190} INFO - [2025-04-13T22:38:56.755+0000] {dag.py:4180} INFO - Setting next_dagrun for consume_1_or_2_with_dataset_expressions to None, run_after=None
[2025-04-13T22:38:56.799+0000] {logging_mixin.py:190} INFO - [2025-04-13T22:38:56.798+0000] {dag.py:4180} INFO - Setting next_dagrun for consume_1_or_both_2_and_3_with_dataset_expressions to None, run_after=None
[2025-04-13T22:38:56.820+0000] {logging_mixin.py:190} INFO - [2025-04-13T22:38:56.820+0000] {dag.py:4180} INFO - Setting next_dagrun for dataset_consumes_1 to None, run_after=None
[2025-04-13T22:38:56.827+0000] {logging_mixin.py:190} INFO - [2025-04-13T22:38:56.823+0000] {dag.py:4180} INFO - Setting next_dagrun for dataset_consumes_1_and_2 to None, run_after=None
[2025-04-13T22:38:56.857+0000] {logging_mixin.py:190} INFO - [2025-04-13T22:38:56.856+0000] {dag.py:4180} INFO - Setting next_dagrun for dataset_consumes_1_never_scheduled to None, run_after=None
[2025-04-13T22:38:56.864+0000] {logging_mixin.py:190} INFO - [2025-04-13T22:38:56.863+0000] {dag.py:4180} INFO - Setting next_dagrun for dataset_consumes_unknown_never_scheduled to None, run_after=None
[2025-04-13T22:38:56.890+0000] {logging_mixin.py:190} INFO - [2025-04-13T22:38:56.889+0000] {dag.py:4180} INFO - Setting next_dagrun for dataset_produces_1 to 2025-04-12 00:00:00+00:00, run_after=2025-04-13 00:00:00+00:00
[2025-04-13T22:38:56.896+0000] {logging_mixin.py:190} INFO - [2025-04-13T22:38:56.895+0000] {dag.py:4180} INFO - Setting next_dagrun for dataset_produces_2 to None, run_after=None
[2025-04-13T22:38:57.084+0000] {processor.py:208} INFO - Processing /home/airflow/.local/lib/python3.12/site-packages/airflow/example_dags/example_datasets.py took 6.007 seconds
[2025-04-13T22:39:27.476+0000] {processor.py:186} INFO - Started process (PID=885) to work on /home/airflow/.local/lib/python3.12/site-packages/airflow/example_dags/example_datasets.py
[2025-04-13T22:39:27.479+0000] {processor.py:914} INFO - Processing file /home/airflow/.local/lib/python3.12/site-packages/airflow/example_dags/example_datasets.py for tasks to queue
[2025-04-13T22:39:27.494+0000] {logging_mixin.py:190} INFO - [2025-04-13T22:39:27.494+0000] {dagbag.py:588} INFO - Filling up the DagBag from /home/airflow/.local/lib/python3.12/site-packages/airflow/example_dags/example_datasets.py
[2025-04-13T22:39:33.122+0000] {processor.py:925} INFO - DAG(s) 'dataset_produces_2', 'dataset_consumes_1', 'dataset_consumes_unknown_never_scheduled', 'dataset_produces_1', 'conditional_dataset_and_time_based_timetable', 'consume_1_or_2_with_dataset_expressions', 'dataset_consumes_1_never_scheduled', 'dataset_consumes_1_and_2', 'consume_1_or_both_2_and_3_with_dataset_expressions', 'consume_1_and_2_with_dataset_expressions' retrieved from /home/airflow/.local/lib/python3.12/site-packages/airflow/example_dags/example_datasets.py
[2025-04-13T22:39:34.311+0000] {logging_mixin.py:190} INFO - [2025-04-13T22:39:34.310+0000] {dag.py:3239} INFO - Sync 10 DAGs
[2025-04-13T22:39:34.510+0000] {logging_mixin.py:190} INFO - [2025-04-13T22:39:34.509+0000] {dag.py:4180} INFO - Setting next_dagrun for conditional_dataset_and_time_based_timetable to 2025-04-09 01:00:00+00:00, run_after=2025-04-09 01:00:00+00:00
[2025-04-13T22:39:34.554+0000] {logging_mixin.py:190} INFO - [2025-04-13T22:39:34.554+0000] {dag.py:4180} INFO - Setting next_dagrun for consume_1_and_2_with_dataset_expressions to None, run_after=None
[2025-04-13T22:39:34.564+0000] {logging_mixin.py:190} INFO - [2025-04-13T22:39:34.560+0000] {dag.py:4180} INFO - Setting next_dagrun for consume_1_or_2_with_dataset_expressions to None, run_after=None
[2025-04-13T22:39:34.578+0000] {logging_mixin.py:190} INFO - [2025-04-13T22:39:34.578+0000] {dag.py:4180} INFO - Setting next_dagrun for consume_1_or_both_2_and_3_with_dataset_expressions to None, run_after=None
[2025-04-13T22:39:34.619+0000] {logging_mixin.py:190} INFO - [2025-04-13T22:39:34.618+0000] {dag.py:4180} INFO - Setting next_dagrun for dataset_consumes_1 to None, run_after=None
[2025-04-13T22:39:34.666+0000] {logging_mixin.py:190} INFO - [2025-04-13T22:39:34.666+0000] {dag.py:4180} INFO - Setting next_dagrun for dataset_consumes_1_and_2 to None, run_after=None
[2025-04-13T22:39:34.670+0000] {logging_mixin.py:190} INFO - [2025-04-13T22:39:34.670+0000] {dag.py:4180} INFO - Setting next_dagrun for dataset_consumes_1_never_scheduled to None, run_after=None
[2025-04-13T22:39:34.720+0000] {logging_mixin.py:190} INFO - [2025-04-13T22:39:34.720+0000] {dag.py:4180} INFO - Setting next_dagrun for dataset_consumes_unknown_never_scheduled to None, run_after=None
[2025-04-13T22:39:34.798+0000] {logging_mixin.py:190} INFO - [2025-04-13T22:39:34.795+0000] {dag.py:4180} INFO - Setting next_dagrun for dataset_produces_1 to 2025-04-12 00:00:00+00:00, run_after=2025-04-13 00:00:00+00:00
[2025-04-13T22:39:34.812+0000] {logging_mixin.py:190} INFO - [2025-04-13T22:39:34.811+0000] {dag.py:4180} INFO - Setting next_dagrun for dataset_produces_2 to None, run_after=None
[2025-04-13T22:39:35.746+0000] {processor.py:208} INFO - Processing /home/airflow/.local/lib/python3.12/site-packages/airflow/example_dags/example_datasets.py took 8.285 seconds
[2025-04-13T22:40:19.492+0000] {processor.py:186} INFO - Started process (PID=923) to work on /home/airflow/.local/lib/python3.12/site-packages/airflow/example_dags/example_datasets.py
[2025-04-13T22:40:19.690+0000] {processor.py:914} INFO - Processing file /home/airflow/.local/lib/python3.12/site-packages/airflow/example_dags/example_datasets.py for tasks to queue
[2025-04-13T22:40:19.729+0000] {logging_mixin.py:190} INFO - [2025-04-13T22:40:19.728+0000] {dagbag.py:588} INFO - Filling up the DagBag from /home/airflow/.local/lib/python3.12/site-packages/airflow/example_dags/example_datasets.py
[2025-04-13T22:40:27.846+0000] {processor.py:925} INFO - DAG(s) 'consume_1_or_2_with_dataset_expressions', 'dataset_consumes_1_and_2', 'dataset_produces_2', 'dataset_consumes_unknown_never_scheduled', 'consume_1_and_2_with_dataset_expressions', 'dataset_produces_1', 'conditional_dataset_and_time_based_timetable', 'dataset_consumes_1', 'consume_1_or_both_2_and_3_with_dataset_expressions', 'dataset_consumes_1_never_scheduled' retrieved from /home/airflow/.local/lib/python3.12/site-packages/airflow/example_dags/example_datasets.py
[2025-04-13T22:40:28.312+0000] {logging_mixin.py:190} INFO - [2025-04-13T22:40:28.280+0000] {dag.py:3239} INFO - Sync 10 DAGs
[2025-04-13T22:40:28.534+0000] {logging_mixin.py:190} INFO - [2025-04-13T22:40:28.533+0000] {dag.py:4180} INFO - Setting next_dagrun for conditional_dataset_and_time_based_timetable to 2025-04-09 01:00:00+00:00, run_after=2025-04-09 01:00:00+00:00
[2025-04-13T22:40:28.619+0000] {logging_mixin.py:190} INFO - [2025-04-13T22:40:28.619+0000] {dag.py:4180} INFO - Setting next_dagrun for consume_1_and_2_with_dataset_expressions to None, run_after=None
[2025-04-13T22:40:28.864+0000] {logging_mixin.py:190} INFO - [2025-04-13T22:40:28.864+0000] {dag.py:4180} INFO - Setting next_dagrun for consume_1_or_2_with_dataset_expressions to None, run_after=None
[2025-04-13T22:40:28.869+0000] {logging_mixin.py:190} INFO - [2025-04-13T22:40:28.868+0000] {dag.py:4180} INFO - Setting next_dagrun for consume_1_or_both_2_and_3_with_dataset_expressions to None, run_after=None
[2025-04-13T22:40:28.879+0000] {logging_mixin.py:190} INFO - [2025-04-13T22:40:28.878+0000] {dag.py:4180} INFO - Setting next_dagrun for dataset_consumes_1 to None, run_after=None
[2025-04-13T22:40:28.914+0000] {logging_mixin.py:190} INFO - [2025-04-13T22:40:28.914+0000] {dag.py:4180} INFO - Setting next_dagrun for dataset_consumes_1_and_2 to None, run_after=None
[2025-04-13T22:40:28.927+0000] {logging_mixin.py:190} INFO - [2025-04-13T22:40:28.926+0000] {dag.py:4180} INFO - Setting next_dagrun for dataset_consumes_1_never_scheduled to None, run_after=None
[2025-04-13T22:40:28.948+0000] {logging_mixin.py:190} INFO - [2025-04-13T22:40:28.947+0000] {dag.py:4180} INFO - Setting next_dagrun for dataset_consumes_unknown_never_scheduled to None, run_after=None
[2025-04-13T22:40:29.024+0000] {logging_mixin.py:190} INFO - [2025-04-13T22:40:29.024+0000] {dag.py:4180} INFO - Setting next_dagrun for dataset_produces_1 to 2025-04-12 00:00:00+00:00, run_after=2025-04-13 00:00:00+00:00
[2025-04-13T22:40:29.047+0000] {logging_mixin.py:190} INFO - [2025-04-13T22:40:29.046+0000] {dag.py:4180} INFO - Setting next_dagrun for dataset_produces_2 to None, run_after=None
[2025-04-13T22:40:29.720+0000] {processor.py:208} INFO - Processing /home/airflow/.local/lib/python3.12/site-packages/airflow/example_dags/example_datasets.py took 10.417 seconds
[2025-04-13T22:41:31.511+0000] {processor.py:186} INFO - Started process (PID=978) to work on /home/airflow/.local/lib/python3.12/site-packages/airflow/example_dags/example_datasets.py
[2025-04-13T22:41:31.520+0000] {processor.py:914} INFO - Processing file /home/airflow/.local/lib/python3.12/site-packages/airflow/example_dags/example_datasets.py for tasks to queue
[2025-04-13T22:41:31.603+0000] {logging_mixin.py:190} INFO - [2025-04-13T22:41:31.545+0000] {dagbag.py:588} INFO - Filling up the DagBag from /home/airflow/.local/lib/python3.12/site-packages/airflow/example_dags/example_datasets.py
[2025-04-13T22:41:46.627+0000] {processor.py:925} INFO - DAG(s) 'consume_1_or_both_2_and_3_with_dataset_expressions', 'dataset_consumes_1', 'dataset_consumes_unknown_never_scheduled', 'conditional_dataset_and_time_based_timetable', 'consume_1_and_2_with_dataset_expressions', 'dataset_produces_2', 'dataset_consumes_1_and_2', 'dataset_consumes_1_never_scheduled', 'dataset_produces_1', 'consume_1_or_2_with_dataset_expressions' retrieved from /home/airflow/.local/lib/python3.12/site-packages/airflow/example_dags/example_datasets.py
[2025-04-13T22:41:48.463+0000] {logging_mixin.py:190} INFO - [2025-04-13T22:41:48.463+0000] {dag.py:3239} INFO - Sync 10 DAGs
[2025-04-13T22:41:49.085+0000] {logging_mixin.py:190} INFO - [2025-04-13T22:41:49.076+0000] {dag.py:4180} INFO - Setting next_dagrun for conditional_dataset_and_time_based_timetable to 2025-04-09 01:00:00+00:00, run_after=2025-04-09 01:00:00+00:00
[2025-04-13T22:41:49.344+0000] {logging_mixin.py:190} INFO - [2025-04-13T22:41:49.344+0000] {dag.py:4180} INFO - Setting next_dagrun for consume_1_and_2_with_dataset_expressions to None, run_after=None
[2025-04-13T22:41:49.365+0000] {logging_mixin.py:190} INFO - [2025-04-13T22:41:49.364+0000] {dag.py:4180} INFO - Setting next_dagrun for consume_1_or_2_with_dataset_expressions to None, run_after=None
[2025-04-13T22:41:49.460+0000] {logging_mixin.py:190} INFO - [2025-04-13T22:41:49.460+0000] {dag.py:4180} INFO - Setting next_dagrun for consume_1_or_both_2_and_3_with_dataset_expressions to None, run_after=None
[2025-04-13T22:41:49.481+0000] {logging_mixin.py:190} INFO - [2025-04-13T22:41:49.481+0000] {dag.py:4180} INFO - Setting next_dagrun for dataset_consumes_1 to None, run_after=None
[2025-04-13T22:41:49.497+0000] {logging_mixin.py:190} INFO - [2025-04-13T22:41:49.496+0000] {dag.py:4180} INFO - Setting next_dagrun for dataset_consumes_1_and_2 to None, run_after=None
[2025-04-13T22:41:49.509+0000] {logging_mixin.py:190} INFO - [2025-04-13T22:41:49.509+0000] {dag.py:4180} INFO - Setting next_dagrun for dataset_consumes_1_never_scheduled to None, run_after=None
[2025-04-13T22:41:49.606+0000] {logging_mixin.py:190} INFO - [2025-04-13T22:41:49.573+0000] {dag.py:4180} INFO - Setting next_dagrun for dataset_consumes_unknown_never_scheduled to None, run_after=None
[2025-04-13T22:41:49.687+0000] {logging_mixin.py:190} INFO - [2025-04-13T22:41:49.685+0000] {dag.py:4180} INFO - Setting next_dagrun for dataset_produces_1 to 2025-04-12 00:00:00+00:00, run_after=2025-04-13 00:00:00+00:00
[2025-04-13T22:41:49.741+0000] {logging_mixin.py:190} INFO - [2025-04-13T22:41:49.740+0000] {dag.py:4180} INFO - Setting next_dagrun for dataset_produces_2 to None, run_after=None
[2025-04-13T22:41:50.361+0000] {processor.py:208} INFO - Processing /home/airflow/.local/lib/python3.12/site-packages/airflow/example_dags/example_datasets.py took 18.951 seconds
[2025-04-13T22:42:28.184+0000] {processor.py:186} INFO - Started process (PID=1050) to work on /home/airflow/.local/lib/python3.12/site-packages/airflow/example_dags/example_datasets.py
[2025-04-13T22:42:28.196+0000] {processor.py:914} INFO - Processing file /home/airflow/.local/lib/python3.12/site-packages/airflow/example_dags/example_datasets.py for tasks to queue
[2025-04-13T22:42:28.259+0000] {logging_mixin.py:190} INFO - [2025-04-13T22:42:28.258+0000] {dagbag.py:588} INFO - Filling up the DagBag from /home/airflow/.local/lib/python3.12/site-packages/airflow/example_dags/example_datasets.py
[2025-04-13T22:42:32.132+0000] {processor.py:925} INFO - DAG(s) 'dataset_consumes_1_never_scheduled', 'dataset_consumes_unknown_never_scheduled', 'consume_1_or_2_with_dataset_expressions', 'dataset_consumes_1', 'dataset_consumes_1_and_2', 'conditional_dataset_and_time_based_timetable', 'dataset_produces_1', 'dataset_produces_2', 'consume_1_and_2_with_dataset_expressions', 'consume_1_or_both_2_and_3_with_dataset_expressions' retrieved from /home/airflow/.local/lib/python3.12/site-packages/airflow/example_dags/example_datasets.py
[2025-04-13T22:42:32.682+0000] {logging_mixin.py:190} INFO - [2025-04-13T22:42:32.681+0000] {dag.py:3239} INFO - Sync 10 DAGs
[2025-04-13T22:42:32.880+0000] {logging_mixin.py:190} INFO - [2025-04-13T22:42:32.880+0000] {dag.py:4180} INFO - Setting next_dagrun for conditional_dataset_and_time_based_timetable to 2025-04-09 01:00:00+00:00, run_after=2025-04-09 01:00:00+00:00
[2025-04-13T22:42:32.915+0000] {logging_mixin.py:190} INFO - [2025-04-13T22:42:32.914+0000] {dag.py:4180} INFO - Setting next_dagrun for consume_1_and_2_with_dataset_expressions to None, run_after=None
[2025-04-13T22:42:32.926+0000] {logging_mixin.py:190} INFO - [2025-04-13T22:42:32.923+0000] {dag.py:4180} INFO - Setting next_dagrun for consume_1_or_2_with_dataset_expressions to None, run_after=None
[2025-04-13T22:42:32.942+0000] {logging_mixin.py:190} INFO - [2025-04-13T22:42:32.941+0000] {dag.py:4180} INFO - Setting next_dagrun for consume_1_or_both_2_and_3_with_dataset_expressions to None, run_after=None
[2025-04-13T22:42:32.950+0000] {logging_mixin.py:190} INFO - [2025-04-13T22:42:32.949+0000] {dag.py:4180} INFO - Setting next_dagrun for dataset_consumes_1 to None, run_after=None
[2025-04-13T22:42:32.959+0000] {logging_mixin.py:190} INFO - [2025-04-13T22:42:32.958+0000] {dag.py:4180} INFO - Setting next_dagrun for dataset_consumes_1_and_2 to None, run_after=None
[2025-04-13T22:42:32.963+0000] {logging_mixin.py:190} INFO - [2025-04-13T22:42:32.962+0000] {dag.py:4180} INFO - Setting next_dagrun for dataset_consumes_1_never_scheduled to None, run_after=None
[2025-04-13T22:42:32.973+0000] {logging_mixin.py:190} INFO - [2025-04-13T22:42:32.972+0000] {dag.py:4180} INFO - Setting next_dagrun for dataset_consumes_unknown_never_scheduled to None, run_after=None
[2025-04-13T22:42:32.988+0000] {logging_mixin.py:190} INFO - [2025-04-13T22:42:32.987+0000] {dag.py:4180} INFO - Setting next_dagrun for dataset_produces_1 to 2025-04-12 00:00:00+00:00, run_after=2025-04-13 00:00:00+00:00
[2025-04-13T22:42:33.011+0000] {logging_mixin.py:190} INFO - [2025-04-13T22:42:33.010+0000] {dag.py:4180} INFO - Setting next_dagrun for dataset_produces_2 to None, run_after=None
[2025-04-13T22:42:33.249+0000] {processor.py:208} INFO - Processing /home/airflow/.local/lib/python3.12/site-packages/airflow/example_dags/example_datasets.py took 5.122 seconds
[2025-04-13T22:43:05.609+0000] {processor.py:186} INFO - Started process (PID=1106) to work on /home/airflow/.local/lib/python3.12/site-packages/airflow/example_dags/example_datasets.py
[2025-04-13T22:43:05.624+0000] {processor.py:914} INFO - Processing file /home/airflow/.local/lib/python3.12/site-packages/airflow/example_dags/example_datasets.py for tasks to queue
[2025-04-13T22:43:05.650+0000] {logging_mixin.py:190} INFO - [2025-04-13T22:43:05.649+0000] {dagbag.py:588} INFO - Filling up the DagBag from /home/airflow/.local/lib/python3.12/site-packages/airflow/example_dags/example_datasets.py
[2025-04-13T22:43:10.529+0000] {processor.py:925} INFO - DAG(s) 'dataset_produces_2', 'conditional_dataset_and_time_based_timetable', 'consume_1_and_2_with_dataset_expressions', 'dataset_consumes_1_and_2', 'consume_1_or_both_2_and_3_with_dataset_expressions', 'consume_1_or_2_with_dataset_expressions', 'dataset_produces_1', 'dataset_consumes_1', 'dataset_consumes_1_never_scheduled', 'dataset_consumes_unknown_never_scheduled' retrieved from /home/airflow/.local/lib/python3.12/site-packages/airflow/example_dags/example_datasets.py
[2025-04-13T22:43:10.996+0000] {logging_mixin.py:190} INFO - [2025-04-13T22:43:10.996+0000] {dag.py:3239} INFO - Sync 10 DAGs
[2025-04-13T22:43:11.179+0000] {logging_mixin.py:190} INFO - [2025-04-13T22:43:11.179+0000] {dag.py:4180} INFO - Setting next_dagrun for conditional_dataset_and_time_based_timetable to 2025-04-09 01:00:00+00:00, run_after=2025-04-09 01:00:00+00:00
[2025-04-13T22:43:11.234+0000] {logging_mixin.py:190} INFO - [2025-04-13T22:43:11.234+0000] {dag.py:4180} INFO - Setting next_dagrun for consume_1_and_2_with_dataset_expressions to None, run_after=None
[2025-04-13T22:43:11.249+0000] {logging_mixin.py:190} INFO - [2025-04-13T22:43:11.248+0000] {dag.py:4180} INFO - Setting next_dagrun for consume_1_or_2_with_dataset_expressions to None, run_after=None
[2025-04-13T22:43:11.328+0000] {logging_mixin.py:190} INFO - [2025-04-13T22:43:11.328+0000] {dag.py:4180} INFO - Setting next_dagrun for consume_1_or_both_2_and_3_with_dataset_expressions to None, run_after=None
[2025-04-13T22:43:11.382+0000] {logging_mixin.py:190} INFO - [2025-04-13T22:43:11.382+0000] {dag.py:4180} INFO - Setting next_dagrun for dataset_consumes_1 to None, run_after=None
[2025-04-13T22:43:11.404+0000] {logging_mixin.py:190} INFO - [2025-04-13T22:43:11.403+0000] {dag.py:4180} INFO - Setting next_dagrun for dataset_consumes_1_and_2 to None, run_after=None
[2025-04-13T22:43:11.414+0000] {logging_mixin.py:190} INFO - [2025-04-13T22:43:11.413+0000] {dag.py:4180} INFO - Setting next_dagrun for dataset_consumes_1_never_scheduled to None, run_after=None
[2025-04-13T22:43:11.422+0000] {logging_mixin.py:190} INFO - [2025-04-13T22:43:11.421+0000] {dag.py:4180} INFO - Setting next_dagrun for dataset_consumes_unknown_never_scheduled to None, run_after=None
[2025-04-13T22:43:11.471+0000] {logging_mixin.py:190} INFO - [2025-04-13T22:43:11.471+0000] {dag.py:4180} INFO - Setting next_dagrun for dataset_produces_1 to 2025-04-12 00:00:00+00:00, run_after=2025-04-13 00:00:00+00:00
[2025-04-13T22:43:11.481+0000] {logging_mixin.py:190} INFO - [2025-04-13T22:43:11.481+0000] {dag.py:4180} INFO - Setting next_dagrun for dataset_produces_2 to None, run_after=None
[2025-04-13T22:43:12.206+0000] {processor.py:208} INFO - Processing /home/airflow/.local/lib/python3.12/site-packages/airflow/example_dags/example_datasets.py took 6.661 seconds
[2025-04-13T22:44:22.701+0000] {processor.py:186} INFO - Started process (PID=1177) to work on /home/airflow/.local/lib/python3.12/site-packages/airflow/example_dags/example_datasets.py
[2025-04-13T22:44:22.718+0000] {processor.py:914} INFO - Processing file /home/airflow/.local/lib/python3.12/site-packages/airflow/example_dags/example_datasets.py for tasks to queue
[2025-04-13T22:44:22.753+0000] {logging_mixin.py:190} INFO - [2025-04-13T22:44:22.747+0000] {dagbag.py:588} INFO - Filling up the DagBag from /home/airflow/.local/lib/python3.12/site-packages/airflow/example_dags/example_datasets.py
[2025-04-13T22:44:32.578+0000] {processor.py:925} INFO - DAG(s) 'consume_1_or_2_with_dataset_expressions', 'dataset_produces_2', 'consume_1_or_both_2_and_3_with_dataset_expressions', 'dataset_consumes_unknown_never_scheduled', 'dataset_produces_1', 'consume_1_and_2_with_dataset_expressions', 'dataset_consumes_1_never_scheduled', 'dataset_consumes_1', 'dataset_consumes_1_and_2', 'conditional_dataset_and_time_based_timetable' retrieved from /home/airflow/.local/lib/python3.12/site-packages/airflow/example_dags/example_datasets.py
[2025-04-13T22:44:33.592+0000] {logging_mixin.py:190} INFO - [2025-04-13T22:44:33.591+0000] {dag.py:3239} INFO - Sync 10 DAGs
[2025-04-13T22:44:34.275+0000] {logging_mixin.py:190} INFO - [2025-04-13T22:44:34.274+0000] {dag.py:4180} INFO - Setting next_dagrun for conditional_dataset_and_time_based_timetable to 2025-04-09 01:00:00+00:00, run_after=2025-04-09 01:00:00+00:00
[2025-04-13T22:44:34.340+0000] {logging_mixin.py:190} INFO - [2025-04-13T22:44:34.340+0000] {dag.py:4180} INFO - Setting next_dagrun for consume_1_and_2_with_dataset_expressions to None, run_after=None
[2025-04-13T22:44:34.379+0000] {logging_mixin.py:190} INFO - [2025-04-13T22:44:34.378+0000] {dag.py:4180} INFO - Setting next_dagrun for consume_1_or_2_with_dataset_expressions to None, run_after=None
[2025-04-13T22:44:34.505+0000] {logging_mixin.py:190} INFO - [2025-04-13T22:44:34.505+0000] {dag.py:4180} INFO - Setting next_dagrun for consume_1_or_both_2_and_3_with_dataset_expressions to None, run_after=None
[2025-04-13T22:44:34.533+0000] {logging_mixin.py:190} INFO - [2025-04-13T22:44:34.530+0000] {dag.py:4180} INFO - Setting next_dagrun for dataset_consumes_1 to None, run_after=None
[2025-04-13T22:44:34.678+0000] {logging_mixin.py:190} INFO - [2025-04-13T22:44:34.678+0000] {dag.py:4180} INFO - Setting next_dagrun for dataset_consumes_1_and_2 to None, run_after=None
[2025-04-13T22:44:34.723+0000] {logging_mixin.py:190} INFO - [2025-04-13T22:44:34.722+0000] {dag.py:4180} INFO - Setting next_dagrun for dataset_consumes_1_never_scheduled to None, run_after=None
[2025-04-13T22:44:34.749+0000] {logging_mixin.py:190} INFO - [2025-04-13T22:44:34.749+0000] {dag.py:4180} INFO - Setting next_dagrun for dataset_consumes_unknown_never_scheduled to None, run_after=None
[2025-04-13T22:44:34.757+0000] {logging_mixin.py:190} INFO - [2025-04-13T22:44:34.756+0000] {dag.py:4180} INFO - Setting next_dagrun for dataset_produces_1 to 2025-04-12 00:00:00+00:00, run_after=2025-04-13 00:00:00+00:00
[2025-04-13T22:44:34.770+0000] {logging_mixin.py:190} INFO - [2025-04-13T22:44:34.769+0000] {dag.py:4180} INFO - Setting next_dagrun for dataset_produces_2 to None, run_after=None
[2025-04-13T22:44:35.684+0000] {processor.py:208} INFO - Processing /home/airflow/.local/lib/python3.12/site-packages/airflow/example_dags/example_datasets.py took 13.288 seconds
