[2025-04-13T16:49:23.102+0000] {processor.py:186} INFO - Started process (PID=137) to work on /home/airflow/.local/lib/python3.12/site-packages/airflow/example_dags/example_inlet_event_extra.py
[2025-04-13T16:49:23.115+0000] {processor.py:914} INFO - Processing file /home/airflow/.local/lib/python3.12/site-packages/airflow/example_dags/example_inlet_event_extra.py for tasks to queue
[2025-04-13T16:49:23.198+0000] {logging_mixin.py:190} INFO - [2025-04-13T16:49:23.197+0000] {dagbag.py:588} INFO - Filling up the DagBag from /home/airflow/.local/lib/python3.12/site-packages/airflow/example_dags/example_inlet_event_extra.py
[2025-04-13T16:49:36.482+0000] {processor.py:925} INFO - DAG(s) 'read_dataset_event_from_classic', 'read_dataset_event' retrieved from /home/airflow/.local/lib/python3.12/site-packages/airflow/example_dags/example_inlet_event_extra.py
[2025-04-13T16:49:37.435+0000] {logging_mixin.py:190} INFO - [2025-04-13T16:49:37.433+0000] {override.py:1912} INFO - Created Permission View: can read on DAG:read_dataset_event_from_classic
[2025-04-13T16:49:37.593+0000] {logging_mixin.py:190} INFO - [2025-04-13T16:49:37.592+0000] {override.py:1912} INFO - Created Permission View: can edit on DAG:read_dataset_event_from_classic
[2025-04-13T16:49:37.626+0000] {logging_mixin.py:190} INFO - [2025-04-13T16:49:37.626+0000] {override.py:1912} INFO - Created Permission View: can delete on DAG:read_dataset_event_from_classic
[2025-04-13T16:49:37.749+0000] {logging_mixin.py:190} INFO - [2025-04-13T16:49:37.746+0000] {override.py:1912} INFO - Created Permission View: can read on DAG Run:read_dataset_event_from_classic
[2025-04-13T16:49:37.956+0000] {logging_mixin.py:190} INFO - [2025-04-13T16:49:37.956+0000] {override.py:1912} INFO - Created Permission View: menu access on DAG Run:read_dataset_event_from_classic
[2025-04-13T16:49:38.672+0000] {logging_mixin.py:190} INFO - [2025-04-13T16:49:38.670+0000] {override.py:1912} INFO - Created Permission View: can create on DAG Run:read_dataset_event_from_classic
[2025-04-13T16:49:38.779+0000] {logging_mixin.py:190} INFO - [2025-04-13T16:49:38.778+0000] {override.py:1912} INFO - Created Permission View: can delete on DAG Run:read_dataset_event_from_classic
[2025-04-13T16:49:38.895+0000] {logging_mixin.py:190} INFO - [2025-04-13T16:49:38.894+0000] {override.py:1912} INFO - Created Permission View: can read on DAG:read_dataset_event
[2025-04-13T16:49:38.937+0000] {logging_mixin.py:190} INFO - [2025-04-13T16:49:38.936+0000] {override.py:1912} INFO - Created Permission View: can edit on DAG:read_dataset_event
[2025-04-13T16:49:38.975+0000] {logging_mixin.py:190} INFO - [2025-04-13T16:49:38.974+0000] {override.py:1912} INFO - Created Permission View: can delete on DAG:read_dataset_event
[2025-04-13T16:49:39.042+0000] {logging_mixin.py:190} INFO - [2025-04-13T16:49:39.041+0000] {override.py:1912} INFO - Created Permission View: can read on DAG Run:read_dataset_event
[2025-04-13T16:49:39.072+0000] {logging_mixin.py:190} INFO - [2025-04-13T16:49:39.071+0000] {override.py:1912} INFO - Created Permission View: menu access on DAG Run:read_dataset_event
[2025-04-13T16:49:39.096+0000] {logging_mixin.py:190} INFO - [2025-04-13T16:49:39.096+0000] {override.py:1912} INFO - Created Permission View: can create on DAG Run:read_dataset_event
[2025-04-13T16:49:39.148+0000] {logging_mixin.py:190} INFO - [2025-04-13T16:49:39.147+0000] {override.py:1912} INFO - Created Permission View: can delete on DAG Run:read_dataset_event
[2025-04-13T16:49:39.163+0000] {logging_mixin.py:190} INFO - [2025-04-13T16:49:39.158+0000] {dag.py:3239} INFO - Sync 2 DAGs
[2025-04-13T16:49:39.274+0000] {logging_mixin.py:190} INFO - [2025-04-13T16:49:39.270+0000] {dag.py:3262} INFO - Creating ORM DAG for read_dataset_event
[2025-04-13T16:49:39.283+0000] {logging_mixin.py:190} INFO - [2025-04-13T16:49:39.280+0000] {dag.py:3262} INFO - Creating ORM DAG for read_dataset_event_from_classic
[2025-04-13T16:49:39.423+0000] {logging_mixin.py:190} INFO - [2025-04-13T16:49:39.415+0000] {dag.py:4180} INFO - Setting next_dagrun for read_dataset_event to 2025-04-12 00:00:00+00:00, run_after=2025-04-13 00:00:00+00:00
[2025-04-13T16:49:39.441+0000] {logging_mixin.py:190} INFO - [2025-04-13T16:49:39.441+0000] {dag.py:4180} INFO - Setting next_dagrun for read_dataset_event_from_classic to 2025-04-12 00:00:00+00:00, run_after=2025-04-13 00:00:00+00:00
[2025-04-13T16:49:39.583+0000] {processor.py:208} INFO - Processing /home/airflow/.local/lib/python3.12/site-packages/airflow/example_dags/example_inlet_event_extra.py took 16.708 seconds
[2025-04-13T16:50:56.071+0000] {processor.py:186} INFO - Started process (PID=213) to work on /home/airflow/.local/lib/python3.12/site-packages/airflow/example_dags/example_inlet_event_extra.py
[2025-04-13T16:50:56.081+0000] {processor.py:914} INFO - Processing file /home/airflow/.local/lib/python3.12/site-packages/airflow/example_dags/example_inlet_event_extra.py for tasks to queue
[2025-04-13T16:50:56.169+0000] {logging_mixin.py:190} INFO - [2025-04-13T16:50:56.168+0000] {dagbag.py:588} INFO - Filling up the DagBag from /home/airflow/.local/lib/python3.12/site-packages/airflow/example_dags/example_inlet_event_extra.py
[2025-04-13T16:51:03.717+0000] {processor.py:925} INFO - DAG(s) 'read_dataset_event', 'read_dataset_event_from_classic' retrieved from /home/airflow/.local/lib/python3.12/site-packages/airflow/example_dags/example_inlet_event_extra.py
[2025-04-13T16:51:04.281+0000] {logging_mixin.py:190} INFO - [2025-04-13T16:51:04.272+0000] {dag.py:3239} INFO - Sync 2 DAGs
[2025-04-13T16:51:04.504+0000] {logging_mixin.py:190} INFO - [2025-04-13T16:51:04.504+0000] {dag.py:4180} INFO - Setting next_dagrun for read_dataset_event to 2025-04-12 00:00:00+00:00, run_after=2025-04-13 00:00:00+00:00
[2025-04-13T16:51:04.537+0000] {logging_mixin.py:190} INFO - [2025-04-13T16:51:04.536+0000] {dag.py:4180} INFO - Setting next_dagrun for read_dataset_event_from_classic to 2025-04-12 00:00:00+00:00, run_after=2025-04-13 00:00:00+00:00
[2025-04-13T16:51:04.819+0000] {processor.py:208} INFO - Processing /home/airflow/.local/lib/python3.12/site-packages/airflow/example_dags/example_inlet_event_extra.py took 8.835 seconds
[2025-04-13T16:51:35.226+0000] {processor.py:186} INFO - Started process (PID=277) to work on /home/airflow/.local/lib/python3.12/site-packages/airflow/example_dags/example_inlet_event_extra.py
[2025-04-13T16:51:35.234+0000] {processor.py:914} INFO - Processing file /home/airflow/.local/lib/python3.12/site-packages/airflow/example_dags/example_inlet_event_extra.py for tasks to queue
[2025-04-13T16:51:35.293+0000] {logging_mixin.py:190} INFO - [2025-04-13T16:51:35.276+0000] {dagbag.py:588} INFO - Filling up the DagBag from /home/airflow/.local/lib/python3.12/site-packages/airflow/example_dags/example_inlet_event_extra.py
[2025-04-13T16:51:39.074+0000] {processor.py:925} INFO - DAG(s) 'read_dataset_event', 'read_dataset_event_from_classic' retrieved from /home/airflow/.local/lib/python3.12/site-packages/airflow/example_dags/example_inlet_event_extra.py
[2025-04-13T16:51:39.166+0000] {logging_mixin.py:190} INFO - [2025-04-13T16:51:39.166+0000] {dag.py:3239} INFO - Sync 2 DAGs
[2025-04-13T16:51:39.283+0000] {logging_mixin.py:190} INFO - [2025-04-13T16:51:39.281+0000] {dag.py:4180} INFO - Setting next_dagrun for read_dataset_event to 2025-04-12 00:00:00+00:00, run_after=2025-04-13 00:00:00+00:00
[2025-04-13T16:51:39.335+0000] {logging_mixin.py:190} INFO - [2025-04-13T16:51:39.335+0000] {dag.py:4180} INFO - Setting next_dagrun for read_dataset_event_from_classic to 2025-04-12 00:00:00+00:00, run_after=2025-04-13 00:00:00+00:00
[2025-04-13T16:51:39.495+0000] {processor.py:208} INFO - Processing /home/airflow/.local/lib/python3.12/site-packages/airflow/example_dags/example_inlet_event_extra.py took 4.283 seconds
[2025-04-13T16:52:09.689+0000] {processor.py:186} INFO - Started process (PID=340) to work on /home/airflow/.local/lib/python3.12/site-packages/airflow/example_dags/example_inlet_event_extra.py
[2025-04-13T16:52:09.692+0000] {processor.py:914} INFO - Processing file /home/airflow/.local/lib/python3.12/site-packages/airflow/example_dags/example_inlet_event_extra.py for tasks to queue
[2025-04-13T16:52:09.718+0000] {logging_mixin.py:190} INFO - [2025-04-13T16:52:09.717+0000] {dagbag.py:588} INFO - Filling up the DagBag from /home/airflow/.local/lib/python3.12/site-packages/airflow/example_dags/example_inlet_event_extra.py
[2025-04-13T16:52:12.863+0000] {processor.py:925} INFO - DAG(s) 'read_dataset_event', 'read_dataset_event_from_classic' retrieved from /home/airflow/.local/lib/python3.12/site-packages/airflow/example_dags/example_inlet_event_extra.py
[2025-04-13T16:52:13.031+0000] {logging_mixin.py:190} INFO - [2025-04-13T16:52:13.028+0000] {dag.py:3239} INFO - Sync 2 DAGs
[2025-04-13T16:52:13.296+0000] {logging_mixin.py:190} INFO - [2025-04-13T16:52:13.296+0000] {dag.py:4180} INFO - Setting next_dagrun for read_dataset_event to 2025-04-12 00:00:00+00:00, run_after=2025-04-13 00:00:00+00:00
[2025-04-13T16:52:13.339+0000] {logging_mixin.py:190} INFO - [2025-04-13T16:52:13.339+0000] {dag.py:4180} INFO - Setting next_dagrun for read_dataset_event_from_classic to 2025-04-12 00:00:00+00:00, run_after=2025-04-13 00:00:00+00:00
[2025-04-13T16:52:13.414+0000] {processor.py:208} INFO - Processing /home/airflow/.local/lib/python3.12/site-packages/airflow/example_dags/example_inlet_event_extra.py took 3.748 seconds
[2025-04-13T16:52:44.184+0000] {processor.py:186} INFO - Started process (PID=406) to work on /home/airflow/.local/lib/python3.12/site-packages/airflow/example_dags/example_inlet_event_extra.py
[2025-04-13T16:52:44.227+0000] {processor.py:914} INFO - Processing file /home/airflow/.local/lib/python3.12/site-packages/airflow/example_dags/example_inlet_event_extra.py for tasks to queue
[2025-04-13T16:52:44.278+0000] {logging_mixin.py:190} INFO - [2025-04-13T16:52:44.278+0000] {dagbag.py:588} INFO - Filling up the DagBag from /home/airflow/.local/lib/python3.12/site-packages/airflow/example_dags/example_inlet_event_extra.py
[2025-04-13T16:52:47.358+0000] {processor.py:925} INFO - DAG(s) 'read_dataset_event_from_classic', 'read_dataset_event' retrieved from /home/airflow/.local/lib/python3.12/site-packages/airflow/example_dags/example_inlet_event_extra.py
[2025-04-13T16:52:47.690+0000] {logging_mixin.py:190} INFO - [2025-04-13T16:52:47.677+0000] {dag.py:3239} INFO - Sync 2 DAGs
[2025-04-13T16:52:47.889+0000] {logging_mixin.py:190} INFO - [2025-04-13T16:52:47.888+0000] {dag.py:4180} INFO - Setting next_dagrun for read_dataset_event to 2025-04-12 00:00:00+00:00, run_after=2025-04-13 00:00:00+00:00
[2025-04-13T16:52:47.921+0000] {logging_mixin.py:190} INFO - [2025-04-13T16:52:47.920+0000] {dag.py:4180} INFO - Setting next_dagrun for read_dataset_event_from_classic to 2025-04-12 00:00:00+00:00, run_after=2025-04-13 00:00:00+00:00
[2025-04-13T16:52:47.990+0000] {processor.py:208} INFO - Processing /home/airflow/.local/lib/python3.12/site-packages/airflow/example_dags/example_inlet_event_extra.py took 3.853 seconds
[2025-04-13T16:53:39.094+0000] {processor.py:186} INFO - Started process (PID=485) to work on /home/airflow/.local/lib/python3.12/site-packages/airflow/example_dags/example_inlet_event_extra.py
[2025-04-13T16:53:39.096+0000] {processor.py:914} INFO - Processing file /home/airflow/.local/lib/python3.12/site-packages/airflow/example_dags/example_inlet_event_extra.py for tasks to queue
[2025-04-13T16:53:39.168+0000] {logging_mixin.py:190} INFO - [2025-04-13T16:53:39.142+0000] {dagbag.py:588} INFO - Filling up the DagBag from /home/airflow/.local/lib/python3.12/site-packages/airflow/example_dags/example_inlet_event_extra.py
[2025-04-13T16:53:43.730+0000] {processor.py:925} INFO - DAG(s) 'read_dataset_event_from_classic', 'read_dataset_event' retrieved from /home/airflow/.local/lib/python3.12/site-packages/airflow/example_dags/example_inlet_event_extra.py
[2025-04-13T16:53:43.898+0000] {logging_mixin.py:190} INFO - [2025-04-13T16:53:43.897+0000] {dag.py:3239} INFO - Sync 2 DAGs
[2025-04-13T16:53:44.062+0000] {logging_mixin.py:190} INFO - [2025-04-13T16:53:44.062+0000] {dag.py:4180} INFO - Setting next_dagrun for read_dataset_event to 2025-04-12 00:00:00+00:00, run_after=2025-04-13 00:00:00+00:00
[2025-04-13T16:53:44.089+0000] {logging_mixin.py:190} INFO - [2025-04-13T16:53:44.088+0000] {dag.py:4180} INFO - Setting next_dagrun for read_dataset_event_from_classic to 2025-04-12 00:00:00+00:00, run_after=2025-04-13 00:00:00+00:00
[2025-04-13T16:53:44.138+0000] {processor.py:208} INFO - Processing /home/airflow/.local/lib/python3.12/site-packages/airflow/example_dags/example_inlet_event_extra.py took 5.075 seconds
[2025-04-13T16:54:14.501+0000] {processor.py:186} INFO - Started process (PID=549) to work on /home/airflow/.local/lib/python3.12/site-packages/airflow/example_dags/example_inlet_event_extra.py
[2025-04-13T16:54:14.516+0000] {processor.py:914} INFO - Processing file /home/airflow/.local/lib/python3.12/site-packages/airflow/example_dags/example_inlet_event_extra.py for tasks to queue
[2025-04-13T16:54:14.521+0000] {logging_mixin.py:190} INFO - [2025-04-13T16:54:14.520+0000] {dagbag.py:588} INFO - Filling up the DagBag from /home/airflow/.local/lib/python3.12/site-packages/airflow/example_dags/example_inlet_event_extra.py
[2025-04-13T16:54:22.362+0000] {processor.py:925} INFO - DAG(s) 'read_dataset_event', 'read_dataset_event_from_classic' retrieved from /home/airflow/.local/lib/python3.12/site-packages/airflow/example_dags/example_inlet_event_extra.py
[2025-04-13T16:54:22.529+0000] {logging_mixin.py:190} INFO - [2025-04-13T16:54:22.528+0000] {dag.py:3239} INFO - Sync 2 DAGs
[2025-04-13T16:54:22.822+0000] {logging_mixin.py:190} INFO - [2025-04-13T16:54:22.821+0000] {dag.py:4180} INFO - Setting next_dagrun for read_dataset_event to 2025-04-12 00:00:00+00:00, run_after=2025-04-13 00:00:00+00:00
[2025-04-13T16:54:22.959+0000] {logging_mixin.py:190} INFO - [2025-04-13T16:54:22.958+0000] {dag.py:4180} INFO - Setting next_dagrun for read_dataset_event_from_classic to 2025-04-12 00:00:00+00:00, run_after=2025-04-13 00:00:00+00:00
[2025-04-13T16:54:23.138+0000] {processor.py:208} INFO - Processing /home/airflow/.local/lib/python3.12/site-packages/airflow/example_dags/example_inlet_event_extra.py took 8.677 seconds
[2025-04-13T16:55:27.590+0000] {processor.py:186} INFO - Started process (PID=635) to work on /home/airflow/.local/lib/python3.12/site-packages/airflow/example_dags/example_inlet_event_extra.py
[2025-04-13T16:55:27.593+0000] {processor.py:914} INFO - Processing file /home/airflow/.local/lib/python3.12/site-packages/airflow/example_dags/example_inlet_event_extra.py for tasks to queue
[2025-04-13T16:55:27.629+0000] {logging_mixin.py:190} INFO - [2025-04-13T16:55:27.628+0000] {dagbag.py:588} INFO - Filling up the DagBag from /home/airflow/.local/lib/python3.12/site-packages/airflow/example_dags/example_inlet_event_extra.py
[2025-04-13T17:04:06.080+0000] {processor.py:186} INFO - Started process (PID=146) to work on /home/airflow/.local/lib/python3.12/site-packages/airflow/example_dags/example_inlet_event_extra.py
[2025-04-13T17:04:06.094+0000] {processor.py:914} INFO - Processing file /home/airflow/.local/lib/python3.12/site-packages/airflow/example_dags/example_inlet_event_extra.py for tasks to queue
[2025-04-13T17:04:06.169+0000] {logging_mixin.py:190} INFO - [2025-04-13T17:04:06.169+0000] {dagbag.py:588} INFO - Filling up the DagBag from /home/airflow/.local/lib/python3.12/site-packages/airflow/example_dags/example_inlet_event_extra.py
[2025-04-13T17:04:18.254+0000] {processor.py:925} INFO - DAG(s) 'read_dataset_event_from_classic', 'read_dataset_event' retrieved from /home/airflow/.local/lib/python3.12/site-packages/airflow/example_dags/example_inlet_event_extra.py
[2025-04-13T17:04:21.093+0000] {logging_mixin.py:190} INFO - [2025-04-13T17:04:21.093+0000] {dag.py:3239} INFO - Sync 2 DAGs
[2025-04-13T17:04:21.793+0000] {logging_mixin.py:190} INFO - [2025-04-13T17:04:21.793+0000] {dag.py:4180} INFO - Setting next_dagrun for read_dataset_event to 2025-04-12 00:00:00+00:00, run_after=2025-04-13 00:00:00+00:00
[2025-04-13T17:04:22.095+0000] {logging_mixin.py:190} INFO - [2025-04-13T17:04:22.094+0000] {dag.py:4180} INFO - Setting next_dagrun for read_dataset_event_from_classic to 2025-04-12 00:00:00+00:00, run_after=2025-04-13 00:00:00+00:00
[2025-04-13T17:04:22.671+0000] {processor.py:208} INFO - Processing /home/airflow/.local/lib/python3.12/site-packages/airflow/example_dags/example_inlet_event_extra.py took 16.701 seconds
[2025-04-13T17:06:32.624+0000] {processor.py:186} INFO - Started process (PID=227) to work on /home/airflow/.local/lib/python3.12/site-packages/airflow/example_dags/example_inlet_event_extra.py
[2025-04-13T17:06:32.772+0000] {processor.py:914} INFO - Processing file /home/airflow/.local/lib/python3.12/site-packages/airflow/example_dags/example_inlet_event_extra.py for tasks to queue
[2025-04-13T17:06:32.923+0000] {logging_mixin.py:190} INFO - [2025-04-13T17:06:32.851+0000] {dagbag.py:588} INFO - Filling up the DagBag from /home/airflow/.local/lib/python3.12/site-packages/airflow/example_dags/example_inlet_event_extra.py
[2025-04-13T17:07:09.900+0000] {logging_mixin.py:190} INFO - [2025-04-13T17:07:09.899+0000] {timeout.py:68} ERROR - Process timed out, PID: 227
[2025-04-13T17:07:09.923+0000] {logging_mixin.py:190} WARNING - Exception ignored in: <function WeakKeyDictionary.__init__.<locals>.remove at 0x7fe8a0d71260>
[2025-04-13T17:07:10.048+0000] {logging_mixin.py:190} WARNING - Traceback (most recent call last):
[2025-04-13T17:07:10.049+0000] {logging_mixin.py:190} WARNING -   File "/usr/local/lib/python3.12/weakref.py", line 369, in remove
[2025-04-13T17:07:10.174+0000] {logging_mixin.py:190} WARNING -     def remove(k, selfref=ref(self)):
[2025-04-13T17:07:10.182+0000] {logging_mixin.py:190} WARNING -   File "/home/airflow/.local/lib/python3.12/site-packages/airflow/utils/timeout.py", line 69, in handle_timeout
[2025-04-13T17:07:10.234+0000] {logging_mixin.py:190} WARNING -     raise AirflowTaskTimeout(self.error_message)
[2025-04-13T17:07:10.243+0000] {logging_mixin.py:190} WARNING - airflow.exceptions.AirflowTaskTimeout: DagBag import timeout for /home/airflow/.local/lib/python3.12/site-packages/airflow/example_dags/example_inlet_event_extra.py after 30.0s.
Please take a look at these docs to improve your DAG import time:
* https://airflow.apache.org/docs/apache-airflow/2.10.5/best-practices.html#top-level-python-code
* https://airflow.apache.org/docs/apache-airflow/2.10.5/best-practices.html#reducing-dag-complexity, PID: 227
[2025-04-13T17:07:11.564+0000] {processor.py:925} INFO - DAG(s) 'read_dataset_event_from_classic', 'read_dataset_event' retrieved from /home/airflow/.local/lib/python3.12/site-packages/airflow/example_dags/example_inlet_event_extra.py
[2025-04-13T17:07:12.968+0000] {logging_mixin.py:190} INFO - [2025-04-13T17:07:12.967+0000] {dag.py:3239} INFO - Sync 2 DAGs
[2025-04-13T17:26:06.511+0000] {processor.py:186} INFO - Started process (PID=212) to work on /home/airflow/.local/lib/python3.12/site-packages/airflow/example_dags/example_inlet_event_extra.py
[2025-04-13T17:26:06.515+0000] {processor.py:914} INFO - Processing file /home/airflow/.local/lib/python3.12/site-packages/airflow/example_dags/example_inlet_event_extra.py for tasks to queue
[2025-04-13T17:26:06.568+0000] {logging_mixin.py:190} INFO - [2025-04-13T17:26:06.567+0000] {dagbag.py:588} INFO - Filling up the DagBag from /home/airflow/.local/lib/python3.12/site-packages/airflow/example_dags/example_inlet_event_extra.py
[2025-04-13T17:26:38.716+0000] {logging_mixin.py:190} INFO - [2025-04-13T17:26:38.715+0000] {timeout.py:68} ERROR - Process timed out, PID: 212
[2025-04-13T17:26:38.727+0000] {logging_mixin.py:190} WARNING - Exception ignored in: <function WeakKeyDictionary.__init__.<locals>.remove at 0x7f1e5c885260>
[2025-04-13T17:26:38.729+0000] {logging_mixin.py:190} WARNING - Traceback (most recent call last):
[2025-04-13T17:26:38.787+0000] {logging_mixin.py:190} WARNING -   File "/usr/local/lib/python3.12/weakref.py", line 369, in remove
[2025-04-13T17:26:38.915+0000] {logging_mixin.py:190} WARNING -     def remove(k, selfref=ref(self)):
[2025-04-13T17:26:39.186+0000] {logging_mixin.py:190} WARNING -   File "/home/airflow/.local/lib/python3.12/site-packages/airflow/utils/timeout.py", line 69, in handle_timeout
[2025-04-13T17:26:39.396+0000] {logging_mixin.py:190} WARNING -     raise AirflowTaskTimeout(self.error_message)
[2025-04-13T17:26:39.411+0000] {logging_mixin.py:190} WARNING - airflow.exceptions.AirflowTaskTimeout: DagBag import timeout for /home/airflow/.local/lib/python3.12/site-packages/airflow/example_dags/example_inlet_event_extra.py after 30.0s.
Please take a look at these docs to improve your DAG import time:
* https://airflow.apache.org/docs/apache-airflow/2.10.5/best-practices.html#top-level-python-code
* https://airflow.apache.org/docs/apache-airflow/2.10.5/best-practices.html#reducing-dag-complexity, PID: 212
[2025-04-13T17:26:42.107+0000] {processor.py:925} INFO - DAG(s) 'read_dataset_event_from_classic', 'read_dataset_event' retrieved from /home/airflow/.local/lib/python3.12/site-packages/airflow/example_dags/example_inlet_event_extra.py
[2025-04-13T17:26:45.804+0000] {logging_mixin.py:190} INFO - [2025-04-13T17:26:45.804+0000] {dag.py:3239} INFO - Sync 2 DAGs
[2025-04-13T17:26:47.553+0000] {logging_mixin.py:190} INFO - [2025-04-13T17:26:47.552+0000] {dag.py:4180} INFO - Setting next_dagrun for read_dataset_event to 2025-04-12 00:00:00+00:00, run_after=2025-04-13 00:00:00+00:00
[2025-04-13T17:26:48.115+0000] {logging_mixin.py:190} INFO - [2025-04-13T17:26:48.115+0000] {dag.py:4180} INFO - Setting next_dagrun for read_dataset_event_from_classic to 2025-04-12 00:00:00+00:00, run_after=2025-04-13 00:00:00+00:00
[2025-04-13T17:26:49.766+0000] {processor.py:208} INFO - Processing /home/airflow/.local/lib/python3.12/site-packages/airflow/example_dags/example_inlet_event_extra.py took 43.806 seconds
[2025-04-13T18:13:09.376+0000] {processor.py:186} INFO - Started process (PID=309) to work on /home/airflow/.local/lib/python3.12/site-packages/airflow/example_dags/example_inlet_event_extra.py
[2025-04-13T18:13:09.392+0000] {processor.py:914} INFO - Processing file /home/airflow/.local/lib/python3.12/site-packages/airflow/example_dags/example_inlet_event_extra.py for tasks to queue
[2025-04-13T18:13:09.580+0000] {logging_mixin.py:190} INFO - [2025-04-13T18:13:09.568+0000] {dagbag.py:588} INFO - Filling up the DagBag from /home/airflow/.local/lib/python3.12/site-packages/airflow/example_dags/example_inlet_event_extra.py
[2025-04-13T18:13:39.960+0000] {logging_mixin.py:190} INFO - [2025-04-13T18:13:39.958+0000] {timeout.py:68} ERROR - Process timed out, PID: 309
[2025-04-13T18:13:42.548+0000] {logging_mixin.py:190} INFO - [2025-04-13T18:13:39.995+0000] {dagbag.py:387} ERROR - Failed to import: /home/airflow/.local/lib/python3.12/site-packages/airflow/example_dags/example_inlet_event_extra.py
Traceback (most recent call last):
  File "/home/airflow/.local/lib/python3.12/site-packages/airflow/models/dagbag.py", line 383, in parse
    loader.exec_module(new_module)
  File "<frozen importlib._bootstrap_external>", line 999, in exec_module
  File "<frozen importlib._bootstrap>", line 488, in _call_with_frames_removed
  File "/home/airflow/.local/lib/python3.12/site-packages/airflow/example_dags/example_inlet_event_extra.py", line 33, in <module>
    ds = Dataset("s3://output/1.txt")
         ^^^^^^^^^^^^^^^^^^^^^^^^^^^^
  File "<attrs generated init airflow.datasets.Dataset>", line 3, in __init__
    _setattr('uri', __attr_converter_uri(uri))
                    ^^^^^^^^^^^^^^^^^^^^^^^^^
  File "/home/airflow/.local/lib/python3.12/site-packages/airflow/datasets/__init__.py", line 108, in _sanitize_uri
    if (normalizer := _get_uri_normalizer(normalized_scheme)) is not None:
                      ^^^^^^^^^^^^^^^^^^^^^^^^^^^^^^^^^^^^^^
  File "/home/airflow/.local/lib/python3.12/site-packages/airflow/datasets/__init__.py", line 58, in _get_uri_normalizer
    return ProvidersManager().dataset_uri_handlers.get(scheme)
           ^^^^^^^^^^^^^^^^^^^^^^^^^^^^^^^^^^^^^^^
  File "/home/airflow/.local/lib/python3.12/site-packages/airflow/providers_manager.py", line 1333, in dataset_uri_handlers
    self.initialize_providers_dataset_uri_resources()
  File "/home/airflow/.local/lib/python3.12/site-packages/airflow/providers_manager.py", line 384, in wrapped_function
    func(*args, **kwargs)
  File "/home/airflow/.local/lib/python3.12/site-packages/airflow/providers_manager.py", line 532, in initialize_providers_dataset_uri_resources
    self._discover_dataset_uri_resources()
  File "/home/airflow/.local/lib/python3.12/site-packages/airflow/providers_manager.py", line 914, in _discover_dataset_uri_resources
    _safe_register_resource(
  File "/home/airflow/.local/lib/python3.12/site-packages/airflow/providers_manager.py", line 902, in _safe_register_resource
    _correctness_check(provider_package_name, resource_path, provider)
  File "/home/airflow/.local/lib/python3.12/site-packages/airflow/providers_manager.py", line 327, in _correctness_check
    imported_class = import_string(class_name)
                     ^^^^^^^^^^^^^^^^^^^^^^^^^
  File "/home/airflow/.local/lib/python3.12/site-packages/airflow/utils/module_loading.py", line 39, in import_string
    module = import_module(module_path)
             ^^^^^^^^^^^^^^^^^^^^^^^^^^
  File "/usr/local/lib/python3.12/importlib/__init__.py", line 90, in import_module
    return _bootstrap._gcd_import(name[level:], package, level)
           ^^^^^^^^^^^^^^^^^^^^^^^^^^^^^^^^^^^^^^^^^^^^^^^^^^^^
  File "<frozen importlib._bootstrap>", line 1387, in _gcd_import
  File "<frozen importlib._bootstrap>", line 1360, in _find_and_load
  File "<frozen importlib._bootstrap>", line 1331, in _find_and_load_unlocked
  File "<frozen importlib._bootstrap>", line 935, in _load_unlocked
  File "<frozen importlib._bootstrap_external>", line 999, in exec_module
  File "<frozen importlib._bootstrap>", line 488, in _call_with_frames_removed
  File "/home/airflow/.local/lib/python3.12/site-packages/airflow/providers/google/assets/gcs.py", line 21, in <module>
    from airflow.providers.google.cloud.hooks.gcs import _parse_gcs_url
  File "/home/airflow/.local/lib/python3.12/site-packages/airflow/providers/google/cloud/hooks/gcs.py", line 41, in <module>
    from google.cloud import storage  # type: ignore[attr-defined]
    ^^^^^^^^^^^^^^^^^^^^^^^^^^^^^^^^
  File "/home/airflow/.local/lib/python3.12/site-packages/google/cloud/storage/__init__.py", line 35, in <module>
    from google.cloud.storage.batch import Batch
  File "/home/airflow/.local/lib/python3.12/site-packages/google/cloud/storage/batch.py", line 44, in <module>
    from google.cloud.storage._http import Connection
  File "/home/airflow/.local/lib/python3.12/site-packages/google/cloud/storage/_http.py", line 21, in <module>
    from google.cloud.storage._opentelemetry_tracing import create_trace_span
  File "/home/airflow/.local/lib/python3.12/site-packages/google/cloud/storage/_opentelemetry_tracing.py", line 37, in <module>
    from opentelemetry import trace
  File "/home/airflow/.local/lib/python3.12/site-packages/opentelemetry/trace/__init__.py", line 86, in <module>
    from opentelemetry import context as context_api
  File "/home/airflow/.local/lib/python3.12/site-packages/opentelemetry/context/__init__.py", line 23, in <module>
    from opentelemetry.util._importlib_metadata import entry_points
  File "/home/airflow/.local/lib/python3.12/site-packages/opentelemetry/util/_importlib_metadata.py", line 17, in <module>
    from importlib_metadata import (  # type: ignore
  File "/home/airflow/.local/lib/python3.12/site-packages/importlib_metadata/__init__.py", line 20, in <module>
    from . import _adapters, _meta, _py39compat
  File "<frozen importlib._bootstrap>", line 1360, in _find_and_load
  File "<frozen importlib._bootstrap>", line 1331, in _find_and_load_unlocked
  File "<frozen importlib._bootstrap>", line 935, in _load_unlocked
  File "<frozen importlib._bootstrap_external>", line 995, in exec_module
  File "<frozen importlib._bootstrap_external>", line 1091, in get_code
  File "<frozen importlib._bootstrap_external>", line 1191, in get_data
  File "/home/airflow/.local/lib/python3.12/site-packages/airflow/utils/timeout.py", line 69, in handle_timeout
    raise AirflowTaskTimeout(self.error_message)
airflow.exceptions.AirflowTaskTimeout: DagBag import timeout for /home/airflow/.local/lib/python3.12/site-packages/airflow/example_dags/example_inlet_event_extra.py after 30.0s.
Please take a look at these docs to improve your DAG import time:
* https://airflow.apache.org/docs/apache-airflow/2.10.5/best-practices.html#top-level-python-code
* https://airflow.apache.org/docs/apache-airflow/2.10.5/best-practices.html#reducing-dag-complexity, PID: 309
[2025-04-13T18:13:43.338+0000] {processor.py:927} WARNING - No viable dags retrieved from /home/airflow/.local/lib/python3.12/site-packages/airflow/example_dags/example_inlet_event_extra.py
[2025-04-13T18:13:45.351+0000] {processor.py:208} INFO - Processing /home/airflow/.local/lib/python3.12/site-packages/airflow/example_dags/example_inlet_event_extra.py took 36.137 seconds
[2025-04-13T18:21:37.992+0000] {processor.py:186} INFO - Started process (PID=448) to work on /home/airflow/.local/lib/python3.12/site-packages/airflow/example_dags/example_inlet_event_extra.py
[2025-04-13T18:21:38.088+0000] {processor.py:914} INFO - Processing file /home/airflow/.local/lib/python3.12/site-packages/airflow/example_dags/example_inlet_event_extra.py for tasks to queue
[2025-04-13T18:21:38.463+0000] {logging_mixin.py:190} INFO - [2025-04-13T18:21:38.463+0000] {dagbag.py:588} INFO - Filling up the DagBag from /home/airflow/.local/lib/python3.12/site-packages/airflow/example_dags/example_inlet_event_extra.py
[2025-04-13T18:22:08.853+0000] {logging_mixin.py:190} INFO - [2025-04-13T18:22:08.839+0000] {timeout.py:68} ERROR - Process timed out, PID: 448
[2025-04-13T18:22:09.758+0000] {logging_mixin.py:190} INFO - [2025-04-13T18:22:09.080+0000] {dagbag.py:387} ERROR - Failed to import: /home/airflow/.local/lib/python3.12/site-packages/airflow/example_dags/example_inlet_event_extra.py
Traceback (most recent call last):
  File "/home/airflow/.local/lib/python3.12/site-packages/airflow/models/dagbag.py", line 383, in parse
    loader.exec_module(new_module)
  File "<frozen importlib._bootstrap_external>", line 999, in exec_module
  File "<frozen importlib._bootstrap>", line 488, in _call_with_frames_removed
  File "/home/airflow/.local/lib/python3.12/site-packages/airflow/example_dags/example_inlet_event_extra.py", line 33, in <module>
    ds = Dataset("s3://output/1.txt")
         ^^^^^^^^^^^^^^^^^^^^^^^^^^^^
  File "<attrs generated init airflow.datasets.Dataset>", line 3, in __init__
    _setattr('uri', __attr_converter_uri(uri))
                    ^^^^^^^^^^^^^^^^^^^^^^^^^
  File "/home/airflow/.local/lib/python3.12/site-packages/airflow/datasets/__init__.py", line 108, in _sanitize_uri
    if (normalizer := _get_uri_normalizer(normalized_scheme)) is not None:
                      ^^^^^^^^^^^^^^^^^^^^^^^^^^^^^^^^^^^^^^
  File "/home/airflow/.local/lib/python3.12/site-packages/airflow/datasets/__init__.py", line 58, in _get_uri_normalizer
    return ProvidersManager().dataset_uri_handlers.get(scheme)
           ^^^^^^^^^^^^^^^^^^^^^^^^^^^^^^^^^^^^^^^
  File "/home/airflow/.local/lib/python3.12/site-packages/airflow/providers_manager.py", line 1333, in dataset_uri_handlers
    self.initialize_providers_dataset_uri_resources()
  File "/home/airflow/.local/lib/python3.12/site-packages/airflow/providers_manager.py", line 384, in wrapped_function
    func(*args, **kwargs)
  File "/home/airflow/.local/lib/python3.12/site-packages/airflow/providers_manager.py", line 532, in initialize_providers_dataset_uri_resources
    self._discover_dataset_uri_resources()
  File "/home/airflow/.local/lib/python3.12/site-packages/airflow/providers_manager.py", line 914, in _discover_dataset_uri_resources
    _safe_register_resource(
  File "/home/airflow/.local/lib/python3.12/site-packages/airflow/providers_manager.py", line 902, in _safe_register_resource
    _correctness_check(provider_package_name, resource_path, provider)
  File "/home/airflow/.local/lib/python3.12/site-packages/airflow/providers_manager.py", line 327, in _correctness_check
    imported_class = import_string(class_name)
                     ^^^^^^^^^^^^^^^^^^^^^^^^^
  File "/home/airflow/.local/lib/python3.12/site-packages/airflow/utils/module_loading.py", line 39, in import_string
    module = import_module(module_path)
             ^^^^^^^^^^^^^^^^^^^^^^^^^^
  File "/usr/local/lib/python3.12/importlib/__init__.py", line 90, in import_module
    return _bootstrap._gcd_import(name[level:], package, level)
           ^^^^^^^^^^^^^^^^^^^^^^^^^^^^^^^^^^^^^^^^^^^^^^^^^^^^
  File "<frozen importlib._bootstrap>", line 1387, in _gcd_import
  File "<frozen importlib._bootstrap>", line 1360, in _find_and_load
  File "<frozen importlib._bootstrap>", line 1331, in _find_and_load_unlocked
  File "<frozen importlib._bootstrap>", line 935, in _load_unlocked
  File "<frozen importlib._bootstrap_external>", line 999, in exec_module
  File "<frozen importlib._bootstrap>", line 488, in _call_with_frames_removed
  File "/home/airflow/.local/lib/python3.12/site-packages/airflow/providers/google/assets/gcs.py", line 21, in <module>
    from airflow.providers.google.cloud.hooks.gcs import _parse_gcs_url
  File "/home/airflow/.local/lib/python3.12/site-packages/airflow/providers/google/cloud/hooks/gcs.py", line 41, in <module>
    from google.cloud import storage  # type: ignore[attr-defined]
    ^^^^^^^^^^^^^^^^^^^^^^^^^^^^^^^^
  File "/home/airflow/.local/lib/python3.12/site-packages/google/cloud/storage/__init__.py", line 35, in <module>
    from google.cloud.storage.batch import Batch
  File "/home/airflow/.local/lib/python3.12/site-packages/google/cloud/storage/batch.py", line 44, in <module>
    from google.cloud.storage._http import Connection
  File "/home/airflow/.local/lib/python3.12/site-packages/google/cloud/storage/_http.py", line 21, in <module>
    from google.cloud.storage._opentelemetry_tracing import create_trace_span
  File "/home/airflow/.local/lib/python3.12/site-packages/google/cloud/storage/_opentelemetry_tracing.py", line 37, in <module>
    from opentelemetry import trace
  File "/home/airflow/.local/lib/python3.12/site-packages/opentelemetry/trace/__init__.py", line 86, in <module>
    from opentelemetry import context as context_api
  File "/home/airflow/.local/lib/python3.12/site-packages/opentelemetry/context/__init__.py", line 69, in <module>
    _RUNTIME_CONTEXT = _load_runtime_context()
                       ^^^^^^^^^^^^^^^^^^^^^^^
  File "/home/airflow/.local/lib/python3.12/site-packages/opentelemetry/context/__init__.py", line 47, in _load_runtime_context
    entry_points(  # type: ignore
  File "/home/airflow/.local/lib/python3.12/site-packages/importlib_metadata/__init__.py", line 952, in entry_points
    return EntryPoints(eps).select(**params)
           ^^^^^^^^^^^^^^^^
  File "/home/airflow/.local/lib/python3.12/site-packages/importlib_metadata/__init__.py", line 950, in <genexpr>
    dist.entry_points for dist in _unique(distributions())
    ^^^^^^^^^^^^^^^^^
  File "/home/airflow/.local/lib/python3.12/site-packages/importlib_metadata/__init__.py", line 491, in entry_points
    return EntryPoints._from_text_for(self.read_text('entry_points.txt'), self)
           ^^^^^^^^^^^^^^^^^^^^^^^^^^^^^^^^^^^^^^^^^^^^^^^^^^^^^^^^^^^^^^^^^^^^
  File "/home/airflow/.local/lib/python3.12/site-packages/importlib_metadata/__init__.py", line 328, in _from_text_for
    return cls(ep._for(dist) for ep in cls._from_text(text))
           ^^^^^^^^^^^^^^^^^^^^^^^^^^^^^^^^^^^^^^^^^^^^^^^^^
  File "/home/airflow/.local/lib/python3.12/site-packages/airflow/utils/timeout.py", line 69, in handle_timeout
    raise AirflowTaskTimeout(self.error_message)
airflow.exceptions.AirflowTaskTimeout: DagBag import timeout for /home/airflow/.local/lib/python3.12/site-packages/airflow/example_dags/example_inlet_event_extra.py after 30.0s.
Please take a look at these docs to improve your DAG import time:
* https://airflow.apache.org/docs/apache-airflow/2.10.5/best-practices.html#top-level-python-code
* https://airflow.apache.org/docs/apache-airflow/2.10.5/best-practices.html#reducing-dag-complexity, PID: 448
[2025-04-13T18:22:10.027+0000] {processor.py:927} WARNING - No viable dags retrieved from /home/airflow/.local/lib/python3.12/site-packages/airflow/example_dags/example_inlet_event_extra.py
[2025-04-13T18:22:12.183+0000] {processor.py:208} INFO - Processing /home/airflow/.local/lib/python3.12/site-packages/airflow/example_dags/example_inlet_event_extra.py took 34.559 seconds
[2025-04-13T20:52:03.142+0000] {processor.py:186} INFO - Started process (PID=120) to work on /home/airflow/.local/lib/python3.12/site-packages/airflow/example_dags/example_inlet_event_extra.py
[2025-04-13T20:52:03.155+0000] {processor.py:914} INFO - Processing file /home/airflow/.local/lib/python3.12/site-packages/airflow/example_dags/example_inlet_event_extra.py for tasks to queue
[2025-04-13T20:52:03.169+0000] {logging_mixin.py:190} INFO - [2025-04-13T20:52:03.169+0000] {dagbag.py:588} INFO - Filling up the DagBag from /home/airflow/.local/lib/python3.12/site-packages/airflow/example_dags/example_inlet_event_extra.py
[2025-04-13T20:52:06.496+0000] {processor.py:925} INFO - DAG(s) 'read_dataset_event', 'read_dataset_event_from_classic' retrieved from /home/airflow/.local/lib/python3.12/site-packages/airflow/example_dags/example_inlet_event_extra.py
[2025-04-13T20:52:07.843+0000] {logging_mixin.py:190} INFO - [2025-04-13T20:52:07.839+0000] {dag.py:3239} INFO - Sync 2 DAGs
[2025-04-13T20:52:08.180+0000] {logging_mixin.py:190} INFO - [2025-04-13T20:52:08.180+0000] {dag.py:4180} INFO - Setting next_dagrun for read_dataset_event to 2025-04-12 00:00:00+00:00, run_after=2025-04-13 00:00:00+00:00
[2025-04-13T20:52:08.260+0000] {logging_mixin.py:190} INFO - [2025-04-13T20:52:08.248+0000] {dag.py:4180} INFO - Setting next_dagrun for read_dataset_event_from_classic to 2025-04-12 00:00:00+00:00, run_after=2025-04-13 00:00:00+00:00
[2025-04-13T20:52:08.393+0000] {processor.py:208} INFO - Processing /home/airflow/.local/lib/python3.12/site-packages/airflow/example_dags/example_inlet_event_extra.py took 5.252 seconds
[2025-04-13T20:52:38.772+0000] {processor.py:186} INFO - Started process (PID=184) to work on /home/airflow/.local/lib/python3.12/site-packages/airflow/example_dags/example_inlet_event_extra.py
[2025-04-13T20:52:38.774+0000] {processor.py:914} INFO - Processing file /home/airflow/.local/lib/python3.12/site-packages/airflow/example_dags/example_inlet_event_extra.py for tasks to queue
[2025-04-13T20:52:38.779+0000] {logging_mixin.py:190} INFO - [2025-04-13T20:52:38.778+0000] {dagbag.py:588} INFO - Filling up the DagBag from /home/airflow/.local/lib/python3.12/site-packages/airflow/example_dags/example_inlet_event_extra.py
[2025-04-13T20:52:40.427+0000] {processor.py:925} INFO - DAG(s) 'read_dataset_event_from_classic', 'read_dataset_event' retrieved from /home/airflow/.local/lib/python3.12/site-packages/airflow/example_dags/example_inlet_event_extra.py
[2025-04-13T20:52:40.464+0000] {logging_mixin.py:190} INFO - [2025-04-13T20:52:40.463+0000] {dag.py:3239} INFO - Sync 2 DAGs
[2025-04-13T20:52:40.529+0000] {logging_mixin.py:190} INFO - [2025-04-13T20:52:40.529+0000] {dag.py:4180} INFO - Setting next_dagrun for read_dataset_event to 2025-04-12 00:00:00+00:00, run_after=2025-04-13 00:00:00+00:00
[2025-04-13T20:52:40.542+0000] {logging_mixin.py:190} INFO - [2025-04-13T20:52:40.542+0000] {dag.py:4180} INFO - Setting next_dagrun for read_dataset_event_from_classic to 2025-04-12 00:00:00+00:00, run_after=2025-04-13 00:00:00+00:00
[2025-04-13T20:52:40.578+0000] {processor.py:208} INFO - Processing /home/airflow/.local/lib/python3.12/site-packages/airflow/example_dags/example_inlet_event_extra.py took 1.823 seconds
[2025-04-13T20:53:11.072+0000] {processor.py:186} INFO - Started process (PID=247) to work on /home/airflow/.local/lib/python3.12/site-packages/airflow/example_dags/example_inlet_event_extra.py
[2025-04-13T20:53:11.076+0000] {processor.py:914} INFO - Processing file /home/airflow/.local/lib/python3.12/site-packages/airflow/example_dags/example_inlet_event_extra.py for tasks to queue
[2025-04-13T20:53:11.084+0000] {logging_mixin.py:190} INFO - [2025-04-13T20:53:11.083+0000] {dagbag.py:588} INFO - Filling up the DagBag from /home/airflow/.local/lib/python3.12/site-packages/airflow/example_dags/example_inlet_event_extra.py
[2025-04-13T20:53:12.459+0000] {processor.py:925} INFO - DAG(s) 'read_dataset_event_from_classic', 'read_dataset_event' retrieved from /home/airflow/.local/lib/python3.12/site-packages/airflow/example_dags/example_inlet_event_extra.py
[2025-04-13T20:53:12.528+0000] {logging_mixin.py:190} INFO - [2025-04-13T20:53:12.528+0000] {dag.py:3239} INFO - Sync 2 DAGs
[2025-04-13T20:53:12.600+0000] {logging_mixin.py:190} INFO - [2025-04-13T20:53:12.600+0000] {dag.py:4180} INFO - Setting next_dagrun for read_dataset_event to 2025-04-12 00:00:00+00:00, run_after=2025-04-13 00:00:00+00:00
[2025-04-13T20:53:12.615+0000] {logging_mixin.py:190} INFO - [2025-04-13T20:53:12.615+0000] {dag.py:4180} INFO - Setting next_dagrun for read_dataset_event_from_classic to 2025-04-12 00:00:00+00:00, run_after=2025-04-13 00:00:00+00:00
[2025-04-13T20:53:12.680+0000] {processor.py:208} INFO - Processing /home/airflow/.local/lib/python3.12/site-packages/airflow/example_dags/example_inlet_event_extra.py took 1.621 seconds
[2025-04-13T20:53:44.833+0000] {processor.py:186} INFO - Started process (PID=311) to work on /home/airflow/.local/lib/python3.12/site-packages/airflow/example_dags/example_inlet_event_extra.py
[2025-04-13T20:53:44.836+0000] {processor.py:914} INFO - Processing file /home/airflow/.local/lib/python3.12/site-packages/airflow/example_dags/example_inlet_event_extra.py for tasks to queue
[2025-04-13T20:53:44.843+0000] {logging_mixin.py:190} INFO - [2025-04-13T20:53:44.842+0000] {dagbag.py:588} INFO - Filling up the DagBag from /home/airflow/.local/lib/python3.12/site-packages/airflow/example_dags/example_inlet_event_extra.py
[2025-04-13T20:53:47.028+0000] {processor.py:925} INFO - DAG(s) 'read_dataset_event_from_classic', 'read_dataset_event' retrieved from /home/airflow/.local/lib/python3.12/site-packages/airflow/example_dags/example_inlet_event_extra.py
[2025-04-13T20:53:47.086+0000] {logging_mixin.py:190} INFO - [2025-04-13T20:53:47.085+0000] {dag.py:3239} INFO - Sync 2 DAGs
[2025-04-13T20:53:47.182+0000] {logging_mixin.py:190} INFO - [2025-04-13T20:53:47.182+0000] {dag.py:4180} INFO - Setting next_dagrun for read_dataset_event to 2025-04-12 00:00:00+00:00, run_after=2025-04-13 00:00:00+00:00
[2025-04-13T20:53:47.209+0000] {logging_mixin.py:190} INFO - [2025-04-13T20:53:47.209+0000] {dag.py:4180} INFO - Setting next_dagrun for read_dataset_event_from_classic to 2025-04-12 00:00:00+00:00, run_after=2025-04-13 00:00:00+00:00
[2025-04-13T20:53:47.285+0000] {processor.py:208} INFO - Processing /home/airflow/.local/lib/python3.12/site-packages/airflow/example_dags/example_inlet_event_extra.py took 2.462 seconds
[2025-04-13T20:54:20.857+0000] {processor.py:186} INFO - Started process (PID=384) to work on /home/airflow/.local/lib/python3.12/site-packages/airflow/example_dags/example_inlet_event_extra.py
[2025-04-13T20:54:20.870+0000] {processor.py:914} INFO - Processing file /home/airflow/.local/lib/python3.12/site-packages/airflow/example_dags/example_inlet_event_extra.py for tasks to queue
[2025-04-13T20:54:20.904+0000] {logging_mixin.py:190} INFO - [2025-04-13T20:54:20.904+0000] {dagbag.py:588} INFO - Filling up the DagBag from /home/airflow/.local/lib/python3.12/site-packages/airflow/example_dags/example_inlet_event_extra.py
[2025-04-13T20:54:24.990+0000] {processor.py:925} INFO - DAG(s) 'read_dataset_event_from_classic', 'read_dataset_event' retrieved from /home/airflow/.local/lib/python3.12/site-packages/airflow/example_dags/example_inlet_event_extra.py
[2025-04-13T20:54:25.178+0000] {logging_mixin.py:190} INFO - [2025-04-13T20:54:25.177+0000] {dag.py:3239} INFO - Sync 2 DAGs
[2025-04-13T20:54:25.303+0000] {logging_mixin.py:190} INFO - [2025-04-13T20:54:25.303+0000] {dag.py:4180} INFO - Setting next_dagrun for read_dataset_event to 2025-04-12 00:00:00+00:00, run_after=2025-04-13 00:00:00+00:00
[2025-04-13T20:54:25.334+0000] {logging_mixin.py:190} INFO - [2025-04-13T20:54:25.333+0000] {dag.py:4180} INFO - Setting next_dagrun for read_dataset_event_from_classic to 2025-04-12 00:00:00+00:00, run_after=2025-04-13 00:00:00+00:00
[2025-04-13T20:54:25.443+0000] {processor.py:208} INFO - Processing /home/airflow/.local/lib/python3.12/site-packages/airflow/example_dags/example_inlet_event_extra.py took 4.595 seconds
[2025-04-13T20:54:56.124+0000] {processor.py:186} INFO - Started process (PID=451) to work on /home/airflow/.local/lib/python3.12/site-packages/airflow/example_dags/example_inlet_event_extra.py
[2025-04-13T20:54:56.127+0000] {processor.py:914} INFO - Processing file /home/airflow/.local/lib/python3.12/site-packages/airflow/example_dags/example_inlet_event_extra.py for tasks to queue
[2025-04-13T20:54:56.133+0000] {logging_mixin.py:190} INFO - [2025-04-13T20:54:56.132+0000] {dagbag.py:588} INFO - Filling up the DagBag from /home/airflow/.local/lib/python3.12/site-packages/airflow/example_dags/example_inlet_event_extra.py
[2025-04-13T20:54:58.333+0000] {processor.py:925} INFO - DAG(s) 'read_dataset_event_from_classic', 'read_dataset_event' retrieved from /home/airflow/.local/lib/python3.12/site-packages/airflow/example_dags/example_inlet_event_extra.py
[2025-04-13T20:54:58.386+0000] {logging_mixin.py:190} INFO - [2025-04-13T20:54:58.386+0000] {dag.py:3239} INFO - Sync 2 DAGs
[2025-04-13T20:54:58.449+0000] {logging_mixin.py:190} INFO - [2025-04-13T20:54:58.449+0000] {dag.py:4180} INFO - Setting next_dagrun for read_dataset_event to 2025-04-12 00:00:00+00:00, run_after=2025-04-13 00:00:00+00:00
[2025-04-13T20:54:58.464+0000] {logging_mixin.py:190} INFO - [2025-04-13T20:54:58.463+0000] {dag.py:4180} INFO - Setting next_dagrun for read_dataset_event_from_classic to 2025-04-12 00:00:00+00:00, run_after=2025-04-13 00:00:00+00:00
[2025-04-13T20:54:58.554+0000] {processor.py:208} INFO - Processing /home/airflow/.local/lib/python3.12/site-packages/airflow/example_dags/example_inlet_event_extra.py took 2.440 seconds
[2025-04-13T20:55:28.689+0000] {processor.py:186} INFO - Started process (PID=520) to work on /home/airflow/.local/lib/python3.12/site-packages/airflow/example_dags/example_inlet_event_extra.py
[2025-04-13T20:55:28.692+0000] {processor.py:914} INFO - Processing file /home/airflow/.local/lib/python3.12/site-packages/airflow/example_dags/example_inlet_event_extra.py for tasks to queue
[2025-04-13T20:55:28.697+0000] {logging_mixin.py:190} INFO - [2025-04-13T20:55:28.697+0000] {dagbag.py:588} INFO - Filling up the DagBag from /home/airflow/.local/lib/python3.12/site-packages/airflow/example_dags/example_inlet_event_extra.py
[2025-04-13T20:55:30.254+0000] {processor.py:925} INFO - DAG(s) 'read_dataset_event_from_classic', 'read_dataset_event' retrieved from /home/airflow/.local/lib/python3.12/site-packages/airflow/example_dags/example_inlet_event_extra.py
[2025-04-13T20:55:30.322+0000] {logging_mixin.py:190} INFO - [2025-04-13T20:55:30.321+0000] {dag.py:3239} INFO - Sync 2 DAGs
[2025-04-13T20:55:30.384+0000] {logging_mixin.py:190} INFO - [2025-04-13T20:55:30.384+0000] {dag.py:4180} INFO - Setting next_dagrun for read_dataset_event to 2025-04-12 00:00:00+00:00, run_after=2025-04-13 00:00:00+00:00
[2025-04-13T20:55:30.395+0000] {logging_mixin.py:190} INFO - [2025-04-13T20:55:30.395+0000] {dag.py:4180} INFO - Setting next_dagrun for read_dataset_event_from_classic to 2025-04-12 00:00:00+00:00, run_after=2025-04-13 00:00:00+00:00
[2025-04-13T20:55:30.450+0000] {processor.py:208} INFO - Processing /home/airflow/.local/lib/python3.12/site-packages/airflow/example_dags/example_inlet_event_extra.py took 1.775 seconds
[2025-04-13T20:56:01.010+0000] {processor.py:186} INFO - Started process (PID=585) to work on /home/airflow/.local/lib/python3.12/site-packages/airflow/example_dags/example_inlet_event_extra.py
[2025-04-13T20:56:01.013+0000] {processor.py:914} INFO - Processing file /home/airflow/.local/lib/python3.12/site-packages/airflow/example_dags/example_inlet_event_extra.py for tasks to queue
[2025-04-13T20:56:01.019+0000] {logging_mixin.py:190} INFO - [2025-04-13T20:56:01.018+0000] {dagbag.py:588} INFO - Filling up the DagBag from /home/airflow/.local/lib/python3.12/site-packages/airflow/example_dags/example_inlet_event_extra.py
[2025-04-13T20:56:02.397+0000] {processor.py:925} INFO - DAG(s) 'read_dataset_event', 'read_dataset_event_from_classic' retrieved from /home/airflow/.local/lib/python3.12/site-packages/airflow/example_dags/example_inlet_event_extra.py
[2025-04-13T20:56:02.443+0000] {logging_mixin.py:190} INFO - [2025-04-13T20:56:02.442+0000] {dag.py:3239} INFO - Sync 2 DAGs
[2025-04-13T20:56:02.515+0000] {logging_mixin.py:190} INFO - [2025-04-13T20:56:02.514+0000] {dag.py:4180} INFO - Setting next_dagrun for read_dataset_event to 2025-04-12 00:00:00+00:00, run_after=2025-04-13 00:00:00+00:00
[2025-04-13T20:56:02.530+0000] {logging_mixin.py:190} INFO - [2025-04-13T20:56:02.530+0000] {dag.py:4180} INFO - Setting next_dagrun for read_dataset_event_from_classic to 2025-04-12 00:00:00+00:00, run_after=2025-04-13 00:00:00+00:00
[2025-04-13T20:56:02.578+0000] {processor.py:208} INFO - Processing /home/airflow/.local/lib/python3.12/site-packages/airflow/example_dags/example_inlet_event_extra.py took 1.582 seconds
[2025-04-13T20:56:32.717+0000] {processor.py:186} INFO - Started process (PID=652) to work on /home/airflow/.local/lib/python3.12/site-packages/airflow/example_dags/example_inlet_event_extra.py
[2025-04-13T20:56:32.718+0000] {processor.py:914} INFO - Processing file /home/airflow/.local/lib/python3.12/site-packages/airflow/example_dags/example_inlet_event_extra.py for tasks to queue
[2025-04-13T20:56:32.723+0000] {logging_mixin.py:190} INFO - [2025-04-13T20:56:32.722+0000] {dagbag.py:588} INFO - Filling up the DagBag from /home/airflow/.local/lib/python3.12/site-packages/airflow/example_dags/example_inlet_event_extra.py
[2025-04-13T20:56:34.946+0000] {processor.py:925} INFO - DAG(s) 'read_dataset_event', 'read_dataset_event_from_classic' retrieved from /home/airflow/.local/lib/python3.12/site-packages/airflow/example_dags/example_inlet_event_extra.py
[2025-04-13T20:56:35.020+0000] {logging_mixin.py:190} INFO - [2025-04-13T20:56:35.020+0000] {dag.py:3239} INFO - Sync 2 DAGs
[2025-04-13T20:56:35.077+0000] {logging_mixin.py:190} INFO - [2025-04-13T20:56:35.076+0000] {dag.py:4180} INFO - Setting next_dagrun for read_dataset_event to 2025-04-12 00:00:00+00:00, run_after=2025-04-13 00:00:00+00:00
[2025-04-13T20:56:35.088+0000] {logging_mixin.py:190} INFO - [2025-04-13T20:56:35.088+0000] {dag.py:4180} INFO - Setting next_dagrun for read_dataset_event_from_classic to 2025-04-12 00:00:00+00:00, run_after=2025-04-13 00:00:00+00:00
[2025-04-13T20:56:35.254+0000] {processor.py:208} INFO - Processing /home/airflow/.local/lib/python3.12/site-packages/airflow/example_dags/example_inlet_event_extra.py took 2.546 seconds
[2025-04-13T20:57:06.220+0000] {processor.py:186} INFO - Started process (PID=722) to work on /home/airflow/.local/lib/python3.12/site-packages/airflow/example_dags/example_inlet_event_extra.py
[2025-04-13T20:57:06.243+0000] {processor.py:914} INFO - Processing file /home/airflow/.local/lib/python3.12/site-packages/airflow/example_dags/example_inlet_event_extra.py for tasks to queue
[2025-04-13T20:57:06.253+0000] {logging_mixin.py:190} INFO - [2025-04-13T20:57:06.250+0000] {dagbag.py:588} INFO - Filling up the DagBag from /home/airflow/.local/lib/python3.12/site-packages/airflow/example_dags/example_inlet_event_extra.py
[2025-04-13T20:57:07.362+0000] {processor.py:925} INFO - DAG(s) 'read_dataset_event_from_classic', 'read_dataset_event' retrieved from /home/airflow/.local/lib/python3.12/site-packages/airflow/example_dags/example_inlet_event_extra.py
[2025-04-13T20:57:07.425+0000] {logging_mixin.py:190} INFO - [2025-04-13T20:57:07.425+0000] {dag.py:3239} INFO - Sync 2 DAGs
[2025-04-13T20:57:07.488+0000] {logging_mixin.py:190} INFO - [2025-04-13T20:57:07.488+0000] {dag.py:4180} INFO - Setting next_dagrun for read_dataset_event to 2025-04-12 00:00:00+00:00, run_after=2025-04-13 00:00:00+00:00
[2025-04-13T20:57:07.519+0000] {logging_mixin.py:190} INFO - [2025-04-13T20:57:07.519+0000] {dag.py:4180} INFO - Setting next_dagrun for read_dataset_event_from_classic to 2025-04-12 00:00:00+00:00, run_after=2025-04-13 00:00:00+00:00
[2025-04-13T20:57:07.558+0000] {processor.py:208} INFO - Processing /home/airflow/.local/lib/python3.12/site-packages/airflow/example_dags/example_inlet_event_extra.py took 1.366 seconds
[2025-04-13T20:57:37.935+0000] {processor.py:186} INFO - Started process (PID=787) to work on /home/airflow/.local/lib/python3.12/site-packages/airflow/example_dags/example_inlet_event_extra.py
[2025-04-13T20:57:37.937+0000] {processor.py:914} INFO - Processing file /home/airflow/.local/lib/python3.12/site-packages/airflow/example_dags/example_inlet_event_extra.py for tasks to queue
[2025-04-13T20:57:37.943+0000] {logging_mixin.py:190} INFO - [2025-04-13T20:57:37.941+0000] {dagbag.py:588} INFO - Filling up the DagBag from /home/airflow/.local/lib/python3.12/site-packages/airflow/example_dags/example_inlet_event_extra.py
[2025-04-13T20:57:39.432+0000] {processor.py:925} INFO - DAG(s) 'read_dataset_event', 'read_dataset_event_from_classic' retrieved from /home/airflow/.local/lib/python3.12/site-packages/airflow/example_dags/example_inlet_event_extra.py
[2025-04-13T20:57:39.480+0000] {logging_mixin.py:190} INFO - [2025-04-13T20:57:39.480+0000] {dag.py:3239} INFO - Sync 2 DAGs
[2025-04-13T20:57:39.529+0000] {logging_mixin.py:190} INFO - [2025-04-13T20:57:39.529+0000] {dag.py:4180} INFO - Setting next_dagrun for read_dataset_event to 2025-04-12 00:00:00+00:00, run_after=2025-04-13 00:00:00+00:00
[2025-04-13T20:57:39.538+0000] {logging_mixin.py:190} INFO - [2025-04-13T20:57:39.538+0000] {dag.py:4180} INFO - Setting next_dagrun for read_dataset_event_from_classic to 2025-04-12 00:00:00+00:00, run_after=2025-04-13 00:00:00+00:00
[2025-04-13T20:57:39.572+0000] {processor.py:208} INFO - Processing /home/airflow/.local/lib/python3.12/site-packages/airflow/example_dags/example_inlet_event_extra.py took 1.647 seconds
[2025-04-13T20:58:10.566+0000] {processor.py:186} INFO - Started process (PID=840) to work on /home/airflow/.local/lib/python3.12/site-packages/airflow/example_dags/example_inlet_event_extra.py
[2025-04-13T20:58:10.580+0000] {processor.py:914} INFO - Processing file /home/airflow/.local/lib/python3.12/site-packages/airflow/example_dags/example_inlet_event_extra.py for tasks to queue
[2025-04-13T20:58:10.596+0000] {logging_mixin.py:190} INFO - [2025-04-13T20:58:10.593+0000] {dagbag.py:588} INFO - Filling up the DagBag from /home/airflow/.local/lib/python3.12/site-packages/airflow/example_dags/example_inlet_event_extra.py
[2025-04-13T20:58:14.656+0000] {processor.py:925} INFO - DAG(s) 'read_dataset_event_from_classic', 'read_dataset_event' retrieved from /home/airflow/.local/lib/python3.12/site-packages/airflow/example_dags/example_inlet_event_extra.py
[2025-04-13T20:58:14.732+0000] {logging_mixin.py:190} INFO - [2025-04-13T20:58:14.732+0000] {dag.py:3239} INFO - Sync 2 DAGs
[2025-04-13T20:58:14.842+0000] {logging_mixin.py:190} INFO - [2025-04-13T20:58:14.842+0000] {dag.py:4180} INFO - Setting next_dagrun for read_dataset_event to 2025-04-12 00:00:00+00:00, run_after=2025-04-13 00:00:00+00:00
[2025-04-13T20:58:14.864+0000] {logging_mixin.py:190} INFO - [2025-04-13T20:58:14.864+0000] {dag.py:4180} INFO - Setting next_dagrun for read_dataset_event_from_classic to 2025-04-12 00:00:00+00:00, run_after=2025-04-13 00:00:00+00:00
[2025-04-13T20:58:14.923+0000] {processor.py:208} INFO - Processing /home/airflow/.local/lib/python3.12/site-packages/airflow/example_dags/example_inlet_event_extra.py took 4.705 seconds
[2025-04-13T20:58:45.544+0000] {processor.py:186} INFO - Started process (PID=908) to work on /home/airflow/.local/lib/python3.12/site-packages/airflow/example_dags/example_inlet_event_extra.py
[2025-04-13T20:58:45.545+0000] {processor.py:914} INFO - Processing file /home/airflow/.local/lib/python3.12/site-packages/airflow/example_dags/example_inlet_event_extra.py for tasks to queue
[2025-04-13T20:58:45.550+0000] {logging_mixin.py:190} INFO - [2025-04-13T20:58:45.550+0000] {dagbag.py:588} INFO - Filling up the DagBag from /home/airflow/.local/lib/python3.12/site-packages/airflow/example_dags/example_inlet_event_extra.py
[2025-04-13T20:58:47.630+0000] {processor.py:925} INFO - DAG(s) 'read_dataset_event_from_classic', 'read_dataset_event' retrieved from /home/airflow/.local/lib/python3.12/site-packages/airflow/example_dags/example_inlet_event_extra.py
[2025-04-13T20:58:47.710+0000] {logging_mixin.py:190} INFO - [2025-04-13T20:58:47.709+0000] {dag.py:3239} INFO - Sync 2 DAGs
[2025-04-13T20:58:47.927+0000] {logging_mixin.py:190} INFO - [2025-04-13T20:58:47.927+0000] {dag.py:4180} INFO - Setting next_dagrun for read_dataset_event to 2025-04-12 00:00:00+00:00, run_after=2025-04-13 00:00:00+00:00
[2025-04-13T20:58:47.966+0000] {logging_mixin.py:190} INFO - [2025-04-13T20:58:47.963+0000] {dag.py:4180} INFO - Setting next_dagrun for read_dataset_event_from_classic to 2025-04-12 00:00:00+00:00, run_after=2025-04-13 00:00:00+00:00
[2025-04-13T20:58:48.155+0000] {processor.py:208} INFO - Processing /home/airflow/.local/lib/python3.12/site-packages/airflow/example_dags/example_inlet_event_extra.py took 2.634 seconds
[2025-04-13T20:59:18.548+0000] {processor.py:186} INFO - Started process (PID=979) to work on /home/airflow/.local/lib/python3.12/site-packages/airflow/example_dags/example_inlet_event_extra.py
[2025-04-13T20:59:18.551+0000] {processor.py:914} INFO - Processing file /home/airflow/.local/lib/python3.12/site-packages/airflow/example_dags/example_inlet_event_extra.py for tasks to queue
[2025-04-13T20:59:18.566+0000] {logging_mixin.py:190} INFO - [2025-04-13T20:59:18.565+0000] {dagbag.py:588} INFO - Filling up the DagBag from /home/airflow/.local/lib/python3.12/site-packages/airflow/example_dags/example_inlet_event_extra.py
[2025-04-13T20:59:20.320+0000] {processor.py:925} INFO - DAG(s) 'read_dataset_event_from_classic', 'read_dataset_event' retrieved from /home/airflow/.local/lib/python3.12/site-packages/airflow/example_dags/example_inlet_event_extra.py
[2025-04-13T20:59:20.390+0000] {logging_mixin.py:190} INFO - [2025-04-13T20:59:20.390+0000] {dag.py:3239} INFO - Sync 2 DAGs
[2025-04-13T20:59:20.447+0000] {logging_mixin.py:190} INFO - [2025-04-13T20:59:20.447+0000] {dag.py:4180} INFO - Setting next_dagrun for read_dataset_event to 2025-04-12 00:00:00+00:00, run_after=2025-04-13 00:00:00+00:00
[2025-04-13T20:59:20.486+0000] {logging_mixin.py:190} INFO - [2025-04-13T20:59:20.486+0000] {dag.py:4180} INFO - Setting next_dagrun for read_dataset_event_from_classic to 2025-04-12 00:00:00+00:00, run_after=2025-04-13 00:00:00+00:00
[2025-04-13T20:59:20.536+0000] {processor.py:208} INFO - Processing /home/airflow/.local/lib/python3.12/site-packages/airflow/example_dags/example_inlet_event_extra.py took 2.011 seconds
[2025-04-13T20:59:51.700+0000] {processor.py:186} INFO - Started process (PID=1053) to work on /home/airflow/.local/lib/python3.12/site-packages/airflow/example_dags/example_inlet_event_extra.py
[2025-04-13T20:59:51.703+0000] {processor.py:914} INFO - Processing file /home/airflow/.local/lib/python3.12/site-packages/airflow/example_dags/example_inlet_event_extra.py for tasks to queue
[2025-04-13T20:59:51.721+0000] {logging_mixin.py:190} INFO - [2025-04-13T20:59:51.720+0000] {dagbag.py:588} INFO - Filling up the DagBag from /home/airflow/.local/lib/python3.12/site-packages/airflow/example_dags/example_inlet_event_extra.py
[2025-04-13T20:59:53.494+0000] {processor.py:925} INFO - DAG(s) 'read_dataset_event', 'read_dataset_event_from_classic' retrieved from /home/airflow/.local/lib/python3.12/site-packages/airflow/example_dags/example_inlet_event_extra.py
[2025-04-13T20:59:53.612+0000] {logging_mixin.py:190} INFO - [2025-04-13T20:59:53.612+0000] {dag.py:3239} INFO - Sync 2 DAGs
[2025-04-13T20:59:53.692+0000] {logging_mixin.py:190} INFO - [2025-04-13T20:59:53.692+0000] {dag.py:4180} INFO - Setting next_dagrun for read_dataset_event to 2025-04-12 00:00:00+00:00, run_after=2025-04-13 00:00:00+00:00
[2025-04-13T20:59:53.715+0000] {logging_mixin.py:190} INFO - [2025-04-13T20:59:53.704+0000] {dag.py:4180} INFO - Setting next_dagrun for read_dataset_event_from_classic to 2025-04-12 00:00:00+00:00, run_after=2025-04-13 00:00:00+00:00
[2025-04-13T20:59:53.755+0000] {processor.py:208} INFO - Processing /home/airflow/.local/lib/python3.12/site-packages/airflow/example_dags/example_inlet_event_extra.py took 2.068 seconds
[2025-04-13T21:00:26.691+0000] {processor.py:186} INFO - Started process (PID=1125) to work on /home/airflow/.local/lib/python3.12/site-packages/airflow/example_dags/example_inlet_event_extra.py
[2025-04-13T21:00:26.693+0000] {processor.py:914} INFO - Processing file /home/airflow/.local/lib/python3.12/site-packages/airflow/example_dags/example_inlet_event_extra.py for tasks to queue
[2025-04-13T21:00:26.713+0000] {logging_mixin.py:190} INFO - [2025-04-13T21:00:26.713+0000] {dagbag.py:588} INFO - Filling up the DagBag from /home/airflow/.local/lib/python3.12/site-packages/airflow/example_dags/example_inlet_event_extra.py
[2025-04-13T21:00:28.484+0000] {processor.py:925} INFO - DAG(s) 'read_dataset_event', 'read_dataset_event_from_classic' retrieved from /home/airflow/.local/lib/python3.12/site-packages/airflow/example_dags/example_inlet_event_extra.py
[2025-04-13T21:00:28.571+0000] {logging_mixin.py:190} INFO - [2025-04-13T21:00:28.570+0000] {dag.py:3239} INFO - Sync 2 DAGs
[2025-04-13T21:00:28.663+0000] {logging_mixin.py:190} INFO - [2025-04-13T21:00:28.663+0000] {dag.py:4180} INFO - Setting next_dagrun for read_dataset_event to 2025-04-12 00:00:00+00:00, run_after=2025-04-13 00:00:00+00:00
[2025-04-13T21:00:28.680+0000] {logging_mixin.py:190} INFO - [2025-04-13T21:00:28.679+0000] {dag.py:4180} INFO - Setting next_dagrun for read_dataset_event_from_classic to 2025-04-12 00:00:00+00:00, run_after=2025-04-13 00:00:00+00:00
[2025-04-13T21:00:28.742+0000] {processor.py:208} INFO - Processing /home/airflow/.local/lib/python3.12/site-packages/airflow/example_dags/example_inlet_event_extra.py took 2.096 seconds
[2025-04-13T21:00:59.233+0000] {processor.py:186} INFO - Started process (PID=1188) to work on /home/airflow/.local/lib/python3.12/site-packages/airflow/example_dags/example_inlet_event_extra.py
[2025-04-13T21:00:59.234+0000] {processor.py:914} INFO - Processing file /home/airflow/.local/lib/python3.12/site-packages/airflow/example_dags/example_inlet_event_extra.py for tasks to queue
[2025-04-13T21:00:59.239+0000] {logging_mixin.py:190} INFO - [2025-04-13T21:00:59.238+0000] {dagbag.py:588} INFO - Filling up the DagBag from /home/airflow/.local/lib/python3.12/site-packages/airflow/example_dags/example_inlet_event_extra.py
[2025-04-13T21:01:01.717+0000] {processor.py:925} INFO - DAG(s) 'read_dataset_event_from_classic', 'read_dataset_event' retrieved from /home/airflow/.local/lib/python3.12/site-packages/airflow/example_dags/example_inlet_event_extra.py
[2025-04-13T21:01:01.883+0000] {logging_mixin.py:190} INFO - [2025-04-13T21:01:01.882+0000] {dag.py:3239} INFO - Sync 2 DAGs
[2025-04-13T21:01:02.074+0000] {logging_mixin.py:190} INFO - [2025-04-13T21:01:02.058+0000] {dag.py:4180} INFO - Setting next_dagrun for read_dataset_event to 2025-04-12 00:00:00+00:00, run_after=2025-04-13 00:00:00+00:00
[2025-04-13T21:01:02.091+0000] {logging_mixin.py:190} INFO - [2025-04-13T21:01:02.089+0000] {dag.py:4180} INFO - Setting next_dagrun for read_dataset_event_from_classic to 2025-04-12 00:00:00+00:00, run_after=2025-04-13 00:00:00+00:00
[2025-04-13T21:01:02.236+0000] {processor.py:208} INFO - Processing /home/airflow/.local/lib/python3.12/site-packages/airflow/example_dags/example_inlet_event_extra.py took 3.013 seconds
[2025-04-13T21:28:59.339+0000] {processor.py:186} INFO - Started process (PID=216) to work on /home/airflow/.local/lib/python3.12/site-packages/airflow/example_dags/example_inlet_event_extra.py
[2025-04-13T21:28:59.366+0000] {processor.py:914} INFO - Processing file /home/airflow/.local/lib/python3.12/site-packages/airflow/example_dags/example_inlet_event_extra.py for tasks to queue
[2025-04-13T21:28:59.402+0000] {logging_mixin.py:190} INFO - [2025-04-13T21:28:59.373+0000] {dagbag.py:588} INFO - Filling up the DagBag from /home/airflow/.local/lib/python3.12/site-packages/airflow/example_dags/example_inlet_event_extra.py
[2025-04-13T21:29:30.036+0000] {logging_mixin.py:190} INFO - [2025-04-13T21:29:30.034+0000] {timeout.py:68} ERROR - Process timed out, PID: 216
[2025-04-13T21:29:30.399+0000] {logging_mixin.py:190} INFO - [2025-04-13T21:29:30.092+0000] {dagbag.py:387} ERROR - Failed to import: /home/airflow/.local/lib/python3.12/site-packages/airflow/example_dags/example_inlet_event_extra.py
Traceback (most recent call last):
  File "/home/airflow/.local/lib/python3.12/site-packages/airflow/models/dagbag.py", line 383, in parse
    loader.exec_module(new_module)
  File "<frozen importlib._bootstrap_external>", line 999, in exec_module
  File "<frozen importlib._bootstrap>", line 488, in _call_with_frames_removed
  File "/home/airflow/.local/lib/python3.12/site-packages/airflow/example_dags/example_inlet_event_extra.py", line 33, in <module>
    ds = Dataset("s3://output/1.txt")
         ^^^^^^^^^^^^^^^^^^^^^^^^^^^^
  File "<attrs generated init airflow.datasets.Dataset>", line 3, in __init__
    _setattr('uri', __attr_converter_uri(uri))
                    ^^^^^^^^^^^^^^^^^^^^^^^^^
  File "/home/airflow/.local/lib/python3.12/site-packages/airflow/datasets/__init__.py", line 108, in _sanitize_uri
    if (normalizer := _get_uri_normalizer(normalized_scheme)) is not None:
                      ^^^^^^^^^^^^^^^^^^^^^^^^^^^^^^^^^^^^^^
  File "/home/airflow/.local/lib/python3.12/site-packages/airflow/datasets/__init__.py", line 58, in _get_uri_normalizer
    return ProvidersManager().dataset_uri_handlers.get(scheme)
           ^^^^^^^^^^^^^^^^^^^^^^^^^^^^^^^^^^^^^^^
  File "/home/airflow/.local/lib/python3.12/site-packages/airflow/providers_manager.py", line 1333, in dataset_uri_handlers
    self.initialize_providers_dataset_uri_resources()
  File "/home/airflow/.local/lib/python3.12/site-packages/airflow/providers_manager.py", line 384, in wrapped_function
    func(*args, **kwargs)
  File "/home/airflow/.local/lib/python3.12/site-packages/airflow/providers_manager.py", line 532, in initialize_providers_dataset_uri_resources
    self._discover_dataset_uri_resources()
  File "/home/airflow/.local/lib/python3.12/site-packages/airflow/providers_manager.py", line 914, in _discover_dataset_uri_resources
    _safe_register_resource(
  File "/home/airflow/.local/lib/python3.12/site-packages/airflow/providers_manager.py", line 902, in _safe_register_resource
    _correctness_check(provider_package_name, resource_path, provider)
  File "/home/airflow/.local/lib/python3.12/site-packages/airflow/providers_manager.py", line 327, in _correctness_check
    imported_class = import_string(class_name)
                     ^^^^^^^^^^^^^^^^^^^^^^^^^
  File "/home/airflow/.local/lib/python3.12/site-packages/airflow/utils/module_loading.py", line 39, in import_string
    module = import_module(module_path)
             ^^^^^^^^^^^^^^^^^^^^^^^^^^
  File "/usr/local/lib/python3.12/importlib/__init__.py", line 90, in import_module
    return _bootstrap._gcd_import(name[level:], package, level)
           ^^^^^^^^^^^^^^^^^^^^^^^^^^^^^^^^^^^^^^^^^^^^^^^^^^^^
  File "<frozen importlib._bootstrap>", line 1387, in _gcd_import
  File "<frozen importlib._bootstrap>", line 1360, in _find_and_load
  File "<frozen importlib._bootstrap>", line 1331, in _find_and_load_unlocked
  File "<frozen importlib._bootstrap>", line 935, in _load_unlocked
  File "<frozen importlib._bootstrap_external>", line 999, in exec_module
  File "<frozen importlib._bootstrap>", line 488, in _call_with_frames_removed
  File "/home/airflow/.local/lib/python3.12/site-packages/airflow/providers/google/assets/gcs.py", line 21, in <module>
    from airflow.providers.google.cloud.hooks.gcs import _parse_gcs_url
  File "/home/airflow/.local/lib/python3.12/site-packages/airflow/providers/google/cloud/hooks/gcs.py", line 50, in <module>
    from airflow.providers.google.common.hooks.base_google import (
  File "/home/airflow/.local/lib/python3.12/site-packages/airflow/providers/google/common/hooks/base_google.py", line 46, in <module>
    from googleapiclient import discovery
  File "/home/airflow/.local/lib/python3.12/site-packages/googleapiclient/discovery.py", line 49, in <module>
    import uritemplate
  File "/home/airflow/.local/lib/python3.12/site-packages/uritemplate/__init__.py", line 28, in <module>
    from uritemplate.api import (
  File "/home/airflow/.local/lib/python3.12/site-packages/uritemplate/api.py", line 11, in <module>
    from uritemplate import variable
  File "/home/airflow/.local/lib/python3.12/site-packages/airflow/utils/timeout.py", line 69, in handle_timeout
    raise AirflowTaskTimeout(self.error_message)
airflow.exceptions.AirflowTaskTimeout: DagBag import timeout for /home/airflow/.local/lib/python3.12/site-packages/airflow/example_dags/example_inlet_event_extra.py after 30.0s.
Please take a look at these docs to improve your DAG import time:
* https://airflow.apache.org/docs/apache-airflow/2.10.5/best-practices.html#top-level-python-code
* https://airflow.apache.org/docs/apache-airflow/2.10.5/best-practices.html#reducing-dag-complexity, PID: 216
[2025-04-13T21:29:30.786+0000] {processor.py:927} WARNING - No viable dags retrieved from /home/airflow/.local/lib/python3.12/site-packages/airflow/example_dags/example_inlet_event_extra.py
[2025-04-13T21:29:31.579+0000] {processor.py:208} INFO - Processing /home/airflow/.local/lib/python3.12/site-packages/airflow/example_dags/example_inlet_event_extra.py took 32.457 seconds
[2025-04-13T21:33:26.373+0000] {processor.py:186} INFO - Started process (PID=320) to work on /home/airflow/.local/lib/python3.12/site-packages/airflow/example_dags/example_inlet_event_extra.py
[2025-04-13T21:33:26.383+0000] {processor.py:914} INFO - Processing file /home/airflow/.local/lib/python3.12/site-packages/airflow/example_dags/example_inlet_event_extra.py for tasks to queue
[2025-04-13T21:33:26.451+0000] {logging_mixin.py:190} INFO - [2025-04-13T21:33:26.450+0000] {dagbag.py:588} INFO - Filling up the DagBag from /home/airflow/.local/lib/python3.12/site-packages/airflow/example_dags/example_inlet_event_extra.py
[2025-04-13T21:33:54.504+0000] {processor.py:925} INFO - DAG(s) 'read_dataset_event_from_classic', 'read_dataset_event' retrieved from /home/airflow/.local/lib/python3.12/site-packages/airflow/example_dags/example_inlet_event_extra.py
[2025-04-13T21:34:02.078+0000] {logging_mixin.py:190} INFO - [2025-04-13T21:34:02.077+0000] {dag.py:3239} INFO - Sync 2 DAGs
[2025-04-13T21:34:02.691+0000] {logging_mixin.py:190} INFO - [2025-04-13T21:34:02.690+0000] {dag.py:4180} INFO - Setting next_dagrun for read_dataset_event to 2025-04-12 00:00:00+00:00, run_after=2025-04-13 00:00:00+00:00
[2025-04-13T21:34:03.008+0000] {logging_mixin.py:190} INFO - [2025-04-13T21:34:02.974+0000] {dag.py:4180} INFO - Setting next_dagrun for read_dataset_event_from_classic to 2025-04-12 00:00:00+00:00, run_after=2025-04-13 00:00:00+00:00
[2025-04-13T21:34:03.729+0000] {processor.py:208} INFO - Processing /home/airflow/.local/lib/python3.12/site-packages/airflow/example_dags/example_inlet_event_extra.py took 37.452 seconds
[2025-04-13T21:36:52.010+0000] {processor.py:186} INFO - Started process (PID=409) to work on /home/airflow/.local/lib/python3.12/site-packages/airflow/example_dags/example_inlet_event_extra.py
[2025-04-13T21:36:52.017+0000] {processor.py:914} INFO - Processing file /home/airflow/.local/lib/python3.12/site-packages/airflow/example_dags/example_inlet_event_extra.py for tasks to queue
[2025-04-13T21:36:52.128+0000] {logging_mixin.py:190} INFO - [2025-04-13T21:36:52.127+0000] {dagbag.py:588} INFO - Filling up the DagBag from /home/airflow/.local/lib/python3.12/site-packages/airflow/example_dags/example_inlet_event_extra.py
[2025-04-13T21:37:13.937+0000] {processor.py:925} INFO - DAG(s) 'read_dataset_event', 'read_dataset_event_from_classic' retrieved from /home/airflow/.local/lib/python3.12/site-packages/airflow/example_dags/example_inlet_event_extra.py
[2025-04-13T21:37:15.145+0000] {logging_mixin.py:190} INFO - [2025-04-13T21:37:15.143+0000] {dag.py:3239} INFO - Sync 2 DAGs
[2025-04-13T21:37:16.198+0000] {logging_mixin.py:190} INFO - [2025-04-13T21:37:16.197+0000] {dag.py:4180} INFO - Setting next_dagrun for read_dataset_event to 2025-04-12 00:00:00+00:00, run_after=2025-04-13 00:00:00+00:00
[2025-04-13T21:37:16.332+0000] {logging_mixin.py:190} INFO - [2025-04-13T21:37:16.332+0000] {dag.py:4180} INFO - Setting next_dagrun for read_dataset_event_from_classic to 2025-04-12 00:00:00+00:00, run_after=2025-04-13 00:00:00+00:00
[2025-04-13T21:37:17.322+0000] {processor.py:208} INFO - Processing /home/airflow/.local/lib/python3.12/site-packages/airflow/example_dags/example_inlet_event_extra.py took 25.314 seconds
[2025-04-13T21:53:34.423+0000] {processor.py:186} INFO - Started process (PID=195) to work on /home/airflow/.local/lib/python3.12/site-packages/airflow/example_dags/example_inlet_event_extra.py
[2025-04-13T21:53:34.504+0000] {processor.py:914} INFO - Processing file /home/airflow/.local/lib/python3.12/site-packages/airflow/example_dags/example_inlet_event_extra.py for tasks to queue
[2025-04-13T21:53:34.640+0000] {logging_mixin.py:190} INFO - [2025-04-13T21:53:34.639+0000] {dagbag.py:588} INFO - Filling up the DagBag from /home/airflow/.local/lib/python3.12/site-packages/airflow/example_dags/example_inlet_event_extra.py
[2025-04-13T21:54:06.136+0000] {logging_mixin.py:190} INFO - [2025-04-13T21:54:06.135+0000] {timeout.py:68} ERROR - Process timed out, PID: 195
[2025-04-13T21:54:06.151+0000] {logging_mixin.py:190} WARNING - Exception ignored in: <function WeakKeyDictionary.__init__.<locals>.remove at 0x7f18febbd260>
[2025-04-13T21:54:06.275+0000] {logging_mixin.py:190} WARNING - Traceback (most recent call last):
[2025-04-13T21:54:06.383+0000] {logging_mixin.py:190} WARNING -   File "/usr/local/lib/python3.12/weakref.py", line 369, in remove
[2025-04-13T21:54:06.428+0000] {logging_mixin.py:190} WARNING -     def remove(k, selfref=ref(self)):
[2025-04-13T21:54:06.484+0000] {logging_mixin.py:190} WARNING -   File "/home/airflow/.local/lib/python3.12/site-packages/airflow/utils/timeout.py", line 69, in handle_timeout
[2025-04-13T21:54:06.998+0000] {logging_mixin.py:190} WARNING -     raise AirflowTaskTimeout(self.error_message)
[2025-04-13T21:54:07.101+0000] {logging_mixin.py:190} WARNING - airflow.exceptions.AirflowTaskTimeout: DagBag import timeout for /home/airflow/.local/lib/python3.12/site-packages/airflow/example_dags/example_inlet_event_extra.py after 30.0s.
Please take a look at these docs to improve your DAG import time:
* https://airflow.apache.org/docs/apache-airflow/2.10.5/best-practices.html#top-level-python-code
* https://airflow.apache.org/docs/apache-airflow/2.10.5/best-practices.html#reducing-dag-complexity, PID: 195
[2025-04-13T21:54:07.600+0000] {processor.py:925} INFO - DAG(s) 'read_dataset_event', 'read_dataset_event_from_classic' retrieved from /home/airflow/.local/lib/python3.12/site-packages/airflow/example_dags/example_inlet_event_extra.py
[2025-04-13T21:54:08.520+0000] {logging_mixin.py:190} INFO - [2025-04-13T21:54:08.519+0000] {dag.py:3239} INFO - Sync 2 DAGs
[2025-04-13T21:54:09.851+0000] {logging_mixin.py:190} INFO - [2025-04-13T21:54:09.849+0000] {dag.py:4180} INFO - Setting next_dagrun for read_dataset_event to 2025-04-12 00:00:00+00:00, run_after=2025-04-13 00:00:00+00:00
[2025-04-13T21:54:09.993+0000] {logging_mixin.py:190} INFO - [2025-04-13T21:54:09.992+0000] {dag.py:4180} INFO - Setting next_dagrun for read_dataset_event_from_classic to 2025-04-12 00:00:00+00:00, run_after=2025-04-13 00:00:00+00:00
[2025-04-13T21:54:10.760+0000] {processor.py:208} INFO - Processing /home/airflow/.local/lib/python3.12/site-packages/airflow/example_dags/example_inlet_event_extra.py took 36.476 seconds
[2025-04-13T22:31:59.601+0000] {processor.py:186} INFO - Started process (PID=136) to work on /home/airflow/.local/lib/python3.12/site-packages/airflow/example_dags/example_inlet_event_extra.py
[2025-04-13T22:31:59.613+0000] {processor.py:914} INFO - Processing file /home/airflow/.local/lib/python3.12/site-packages/airflow/example_dags/example_inlet_event_extra.py for tasks to queue
[2025-04-13T22:31:59.624+0000] {logging_mixin.py:190} INFO - [2025-04-13T22:31:59.623+0000] {dagbag.py:588} INFO - Filling up the DagBag from /home/airflow/.local/lib/python3.12/site-packages/airflow/example_dags/example_inlet_event_extra.py
[2025-04-13T22:32:02.530+0000] {processor.py:925} INFO - DAG(s) 'read_dataset_event', 'read_dataset_event_from_classic' retrieved from /home/airflow/.local/lib/python3.12/site-packages/airflow/example_dags/example_inlet_event_extra.py
[2025-04-13T22:32:02.644+0000] {logging_mixin.py:190} INFO - [2025-04-13T22:32:02.643+0000] {dag.py:3239} INFO - Sync 2 DAGs
[2025-04-13T22:32:02.748+0000] {logging_mixin.py:190} INFO - [2025-04-13T22:32:02.747+0000] {dag.py:4180} INFO - Setting next_dagrun for read_dataset_event to 2025-04-12 00:00:00+00:00, run_after=2025-04-13 00:00:00+00:00
[2025-04-13T22:32:02.808+0000] {logging_mixin.py:190} INFO - [2025-04-13T22:32:02.807+0000] {dag.py:4180} INFO - Setting next_dagrun for read_dataset_event_from_classic to 2025-04-12 00:00:00+00:00, run_after=2025-04-13 00:00:00+00:00
[2025-04-13T22:32:02.978+0000] {processor.py:208} INFO - Processing /home/airflow/.local/lib/python3.12/site-packages/airflow/example_dags/example_inlet_event_extra.py took 3.410 seconds
[2025-04-13T22:32:39.762+0000] {processor.py:186} INFO - Started process (PID=200) to work on /home/airflow/.local/lib/python3.12/site-packages/airflow/example_dags/example_inlet_event_extra.py
[2025-04-13T22:32:39.767+0000] {processor.py:914} INFO - Processing file /home/airflow/.local/lib/python3.12/site-packages/airflow/example_dags/example_inlet_event_extra.py for tasks to queue
[2025-04-13T22:32:39.775+0000] {logging_mixin.py:190} INFO - [2025-04-13T22:32:39.774+0000] {dagbag.py:588} INFO - Filling up the DagBag from /home/airflow/.local/lib/python3.12/site-packages/airflow/example_dags/example_inlet_event_extra.py
[2025-04-13T22:32:42.485+0000] {processor.py:925} INFO - DAG(s) 'read_dataset_event', 'read_dataset_event_from_classic' retrieved from /home/airflow/.local/lib/python3.12/site-packages/airflow/example_dags/example_inlet_event_extra.py
[2025-04-13T22:32:42.629+0000] {logging_mixin.py:190} INFO - [2025-04-13T22:32:42.628+0000] {dag.py:3239} INFO - Sync 2 DAGs
[2025-04-13T22:32:42.796+0000] {logging_mixin.py:190} INFO - [2025-04-13T22:32:42.796+0000] {dag.py:4180} INFO - Setting next_dagrun for read_dataset_event to 2025-04-12 00:00:00+00:00, run_after=2025-04-13 00:00:00+00:00
[2025-04-13T22:32:42.824+0000] {logging_mixin.py:190} INFO - [2025-04-13T22:32:42.820+0000] {dag.py:4180} INFO - Setting next_dagrun for read_dataset_event_from_classic to 2025-04-12 00:00:00+00:00, run_after=2025-04-13 00:00:00+00:00
[2025-04-13T22:32:42.964+0000] {processor.py:208} INFO - Processing /home/airflow/.local/lib/python3.12/site-packages/airflow/example_dags/example_inlet_event_extra.py took 3.222 seconds
[2025-04-13T22:33:15.453+0000] {processor.py:186} INFO - Started process (PID=264) to work on /home/airflow/.local/lib/python3.12/site-packages/airflow/example_dags/example_inlet_event_extra.py
[2025-04-13T22:33:15.456+0000] {processor.py:914} INFO - Processing file /home/airflow/.local/lib/python3.12/site-packages/airflow/example_dags/example_inlet_event_extra.py for tasks to queue
[2025-04-13T22:33:15.466+0000] {logging_mixin.py:190} INFO - [2025-04-13T22:33:15.465+0000] {dagbag.py:588} INFO - Filling up the DagBag from /home/airflow/.local/lib/python3.12/site-packages/airflow/example_dags/example_inlet_event_extra.py
[2025-04-13T22:33:18.023+0000] {processor.py:925} INFO - DAG(s) 'read_dataset_event', 'read_dataset_event_from_classic' retrieved from /home/airflow/.local/lib/python3.12/site-packages/airflow/example_dags/example_inlet_event_extra.py
[2025-04-13T22:33:18.149+0000] {logging_mixin.py:190} INFO - [2025-04-13T22:33:18.148+0000] {dag.py:3239} INFO - Sync 2 DAGs
[2025-04-13T22:33:18.296+0000] {logging_mixin.py:190} INFO - [2025-04-13T22:33:18.296+0000] {dag.py:4180} INFO - Setting next_dagrun for read_dataset_event to 2025-04-12 00:00:00+00:00, run_after=2025-04-13 00:00:00+00:00
[2025-04-13T22:33:18.340+0000] {logging_mixin.py:190} INFO - [2025-04-13T22:33:18.339+0000] {dag.py:4180} INFO - Setting next_dagrun for read_dataset_event_from_classic to 2025-04-12 00:00:00+00:00, run_after=2025-04-13 00:00:00+00:00
[2025-04-13T22:33:18.413+0000] {processor.py:208} INFO - Processing /home/airflow/.local/lib/python3.12/site-packages/airflow/example_dags/example_inlet_event_extra.py took 2.994 seconds
[2025-04-13T22:33:49.144+0000] {processor.py:186} INFO - Started process (PID=328) to work on /home/airflow/.local/lib/python3.12/site-packages/airflow/example_dags/example_inlet_event_extra.py
[2025-04-13T22:33:49.156+0000] {processor.py:914} INFO - Processing file /home/airflow/.local/lib/python3.12/site-packages/airflow/example_dags/example_inlet_event_extra.py for tasks to queue
[2025-04-13T22:33:49.164+0000] {logging_mixin.py:190} INFO - [2025-04-13T22:33:49.163+0000] {dagbag.py:588} INFO - Filling up the DagBag from /home/airflow/.local/lib/python3.12/site-packages/airflow/example_dags/example_inlet_event_extra.py
[2025-04-13T22:33:51.828+0000] {processor.py:925} INFO - DAG(s) 'read_dataset_event', 'read_dataset_event_from_classic' retrieved from /home/airflow/.local/lib/python3.12/site-packages/airflow/example_dags/example_inlet_event_extra.py
[2025-04-13T22:33:51.900+0000] {logging_mixin.py:190} INFO - [2025-04-13T22:33:51.899+0000] {dag.py:3239} INFO - Sync 2 DAGs
[2025-04-13T22:33:52.012+0000] {logging_mixin.py:190} INFO - [2025-04-13T22:33:52.012+0000] {dag.py:4180} INFO - Setting next_dagrun for read_dataset_event to 2025-04-12 00:00:00+00:00, run_after=2025-04-13 00:00:00+00:00
[2025-04-13T22:33:52.047+0000] {logging_mixin.py:190} INFO - [2025-04-13T22:33:52.047+0000] {dag.py:4180} INFO - Setting next_dagrun for read_dataset_event_from_classic to 2025-04-12 00:00:00+00:00, run_after=2025-04-13 00:00:00+00:00
[2025-04-13T22:33:52.114+0000] {processor.py:208} INFO - Processing /home/airflow/.local/lib/python3.12/site-packages/airflow/example_dags/example_inlet_event_extra.py took 2.996 seconds
[2025-04-13T22:34:27.474+0000] {processor.py:186} INFO - Started process (PID=392) to work on /home/airflow/.local/lib/python3.12/site-packages/airflow/example_dags/example_inlet_event_extra.py
[2025-04-13T22:34:27.476+0000] {processor.py:914} INFO - Processing file /home/airflow/.local/lib/python3.12/site-packages/airflow/example_dags/example_inlet_event_extra.py for tasks to queue
[2025-04-13T22:34:27.499+0000] {logging_mixin.py:190} INFO - [2025-04-13T22:34:27.497+0000] {dagbag.py:588} INFO - Filling up the DagBag from /home/airflow/.local/lib/python3.12/site-packages/airflow/example_dags/example_inlet_event_extra.py
[2025-04-13T22:34:29.912+0000] {processor.py:925} INFO - DAG(s) 'read_dataset_event', 'read_dataset_event_from_classic' retrieved from /home/airflow/.local/lib/python3.12/site-packages/airflow/example_dags/example_inlet_event_extra.py
[2025-04-13T22:34:30.220+0000] {logging_mixin.py:190} INFO - [2025-04-13T22:34:30.219+0000] {dag.py:3239} INFO - Sync 2 DAGs
[2025-04-13T22:34:30.351+0000] {logging_mixin.py:190} INFO - [2025-04-13T22:34:30.351+0000] {dag.py:4180} INFO - Setting next_dagrun for read_dataset_event to 2025-04-12 00:00:00+00:00, run_after=2025-04-13 00:00:00+00:00
[2025-04-13T22:34:30.382+0000] {logging_mixin.py:190} INFO - [2025-04-13T22:34:30.381+0000] {dag.py:4180} INFO - Setting next_dagrun for read_dataset_event_from_classic to 2025-04-12 00:00:00+00:00, run_after=2025-04-13 00:00:00+00:00
[2025-04-13T22:34:30.458+0000] {processor.py:208} INFO - Processing /home/airflow/.local/lib/python3.12/site-packages/airflow/example_dags/example_inlet_event_extra.py took 2.996 seconds
[2025-04-13T22:35:16.468+0000] {processor.py:186} INFO - Started process (PID=474) to work on /home/airflow/.local/lib/python3.12/site-packages/airflow/example_dags/example_inlet_event_extra.py
[2025-04-13T22:35:16.476+0000] {processor.py:914} INFO - Processing file /home/airflow/.local/lib/python3.12/site-packages/airflow/example_dags/example_inlet_event_extra.py for tasks to queue
[2025-04-13T22:35:16.482+0000] {logging_mixin.py:190} INFO - [2025-04-13T22:35:16.481+0000] {dagbag.py:588} INFO - Filling up the DagBag from /home/airflow/.local/lib/python3.12/site-packages/airflow/example_dags/example_inlet_event_extra.py
[2025-04-13T22:35:19.565+0000] {processor.py:925} INFO - DAG(s) 'read_dataset_event', 'read_dataset_event_from_classic' retrieved from /home/airflow/.local/lib/python3.12/site-packages/airflow/example_dags/example_inlet_event_extra.py
[2025-04-13T22:35:19.705+0000] {logging_mixin.py:190} INFO - [2025-04-13T22:35:19.704+0000] {dag.py:3239} INFO - Sync 2 DAGs
[2025-04-13T22:35:19.817+0000] {logging_mixin.py:190} INFO - [2025-04-13T22:35:19.816+0000] {dag.py:4180} INFO - Setting next_dagrun for read_dataset_event to 2025-04-12 00:00:00+00:00, run_after=2025-04-13 00:00:00+00:00
[2025-04-13T22:35:19.844+0000] {logging_mixin.py:190} INFO - [2025-04-13T22:35:19.844+0000] {dag.py:4180} INFO - Setting next_dagrun for read_dataset_event_from_classic to 2025-04-12 00:00:00+00:00, run_after=2025-04-13 00:00:00+00:00
[2025-04-13T22:35:19.934+0000] {processor.py:208} INFO - Processing /home/airflow/.local/lib/python3.12/site-packages/airflow/example_dags/example_inlet_event_extra.py took 3.482 seconds
[2025-04-13T22:35:53.490+0000] {processor.py:186} INFO - Started process (PID=538) to work on /home/airflow/.local/lib/python3.12/site-packages/airflow/example_dags/example_inlet_event_extra.py
[2025-04-13T22:35:53.492+0000] {processor.py:914} INFO - Processing file /home/airflow/.local/lib/python3.12/site-packages/airflow/example_dags/example_inlet_event_extra.py for tasks to queue
[2025-04-13T22:35:53.498+0000] {logging_mixin.py:190} INFO - [2025-04-13T22:35:53.497+0000] {dagbag.py:588} INFO - Filling up the DagBag from /home/airflow/.local/lib/python3.12/site-packages/airflow/example_dags/example_inlet_event_extra.py
[2025-04-13T22:35:57.287+0000] {processor.py:925} INFO - DAG(s) 'read_dataset_event_from_classic', 'read_dataset_event' retrieved from /home/airflow/.local/lib/python3.12/site-packages/airflow/example_dags/example_inlet_event_extra.py
[2025-04-13T22:35:57.638+0000] {logging_mixin.py:190} INFO - [2025-04-13T22:35:57.638+0000] {dag.py:3239} INFO - Sync 2 DAGs
[2025-04-13T22:35:57.815+0000] {logging_mixin.py:190} INFO - [2025-04-13T22:35:57.815+0000] {dag.py:4180} INFO - Setting next_dagrun for read_dataset_event to 2025-04-12 00:00:00+00:00, run_after=2025-04-13 00:00:00+00:00
[2025-04-13T22:35:57.965+0000] {logging_mixin.py:190} INFO - [2025-04-13T22:35:57.965+0000] {dag.py:4180} INFO - Setting next_dagrun for read_dataset_event_from_classic to 2025-04-12 00:00:00+00:00, run_after=2025-04-13 00:00:00+00:00
[2025-04-13T22:35:58.070+0000] {processor.py:208} INFO - Processing /home/airflow/.local/lib/python3.12/site-packages/airflow/example_dags/example_inlet_event_extra.py took 4.612 seconds
[2025-04-13T22:36:34.199+0000] {processor.py:186} INFO - Started process (PID=612) to work on /home/airflow/.local/lib/python3.12/site-packages/airflow/example_dags/example_inlet_event_extra.py
[2025-04-13T22:36:34.210+0000] {processor.py:914} INFO - Processing file /home/airflow/.local/lib/python3.12/site-packages/airflow/example_dags/example_inlet_event_extra.py for tasks to queue
[2025-04-13T22:36:34.248+0000] {logging_mixin.py:190} INFO - [2025-04-13T22:36:34.247+0000] {dagbag.py:588} INFO - Filling up the DagBag from /home/airflow/.local/lib/python3.12/site-packages/airflow/example_dags/example_inlet_event_extra.py
[2025-04-13T22:36:36.924+0000] {processor.py:925} INFO - DAG(s) 'read_dataset_event_from_classic', 'read_dataset_event' retrieved from /home/airflow/.local/lib/python3.12/site-packages/airflow/example_dags/example_inlet_event_extra.py
[2025-04-13T22:36:37.110+0000] {logging_mixin.py:190} INFO - [2025-04-13T22:36:37.109+0000] {dag.py:3239} INFO - Sync 2 DAGs
[2025-04-13T22:36:37.508+0000] {logging_mixin.py:190} INFO - [2025-04-13T22:36:37.498+0000] {dag.py:4180} INFO - Setting next_dagrun for read_dataset_event to 2025-04-12 00:00:00+00:00, run_after=2025-04-13 00:00:00+00:00
[2025-04-13T22:36:37.535+0000] {logging_mixin.py:190} INFO - [2025-04-13T22:36:37.534+0000] {dag.py:4180} INFO - Setting next_dagrun for read_dataset_event_from_classic to 2025-04-12 00:00:00+00:00, run_after=2025-04-13 00:00:00+00:00
[2025-04-13T22:36:37.643+0000] {processor.py:208} INFO - Processing /home/airflow/.local/lib/python3.12/site-packages/airflow/example_dags/example_inlet_event_extra.py took 3.527 seconds
[2025-04-13T22:37:21.952+0000] {processor.py:186} INFO - Started process (PID=676) to work on /home/airflow/.local/lib/python3.12/site-packages/airflow/example_dags/example_inlet_event_extra.py
[2025-04-13T22:37:21.975+0000] {processor.py:914} INFO - Processing file /home/airflow/.local/lib/python3.12/site-packages/airflow/example_dags/example_inlet_event_extra.py for tasks to queue
[2025-04-13T22:37:22.020+0000] {logging_mixin.py:190} INFO - [2025-04-13T22:37:22.017+0000] {dagbag.py:588} INFO - Filling up the DagBag from /home/airflow/.local/lib/python3.12/site-packages/airflow/example_dags/example_inlet_event_extra.py
[2025-04-13T22:37:24.947+0000] {processor.py:925} INFO - DAG(s) 'read_dataset_event', 'read_dataset_event_from_classic' retrieved from /home/airflow/.local/lib/python3.12/site-packages/airflow/example_dags/example_inlet_event_extra.py
[2025-04-13T22:37:25.069+0000] {logging_mixin.py:190} INFO - [2025-04-13T22:37:25.069+0000] {dag.py:3239} INFO - Sync 2 DAGs
[2025-04-13T22:37:25.199+0000] {logging_mixin.py:190} INFO - [2025-04-13T22:37:25.198+0000] {dag.py:4180} INFO - Setting next_dagrun for read_dataset_event to 2025-04-12 00:00:00+00:00, run_after=2025-04-13 00:00:00+00:00
[2025-04-13T22:37:25.224+0000] {logging_mixin.py:190} INFO - [2025-04-13T22:37:25.224+0000] {dag.py:4180} INFO - Setting next_dagrun for read_dataset_event_from_classic to 2025-04-12 00:00:00+00:00, run_after=2025-04-13 00:00:00+00:00
[2025-04-13T22:37:25.349+0000] {processor.py:208} INFO - Processing /home/airflow/.local/lib/python3.12/site-packages/airflow/example_dags/example_inlet_event_extra.py took 3.485 seconds
[2025-04-13T22:38:02.281+0000] {processor.py:186} INFO - Started process (PID=740) to work on /home/airflow/.local/lib/python3.12/site-packages/airflow/example_dags/example_inlet_event_extra.py
[2025-04-13T22:38:02.283+0000] {processor.py:914} INFO - Processing file /home/airflow/.local/lib/python3.12/site-packages/airflow/example_dags/example_inlet_event_extra.py for tasks to queue
[2025-04-13T22:38:02.292+0000] {logging_mixin.py:190} INFO - [2025-04-13T22:38:02.291+0000] {dagbag.py:588} INFO - Filling up the DagBag from /home/airflow/.local/lib/python3.12/site-packages/airflow/example_dags/example_inlet_event_extra.py
[2025-04-13T22:38:05.264+0000] {processor.py:925} INFO - DAG(s) 'read_dataset_event_from_classic', 'read_dataset_event' retrieved from /home/airflow/.local/lib/python3.12/site-packages/airflow/example_dags/example_inlet_event_extra.py
[2025-04-13T22:38:05.386+0000] {logging_mixin.py:190} INFO - [2025-04-13T22:38:05.385+0000] {dag.py:3239} INFO - Sync 2 DAGs
[2025-04-13T22:38:05.614+0000] {logging_mixin.py:190} INFO - [2025-04-13T22:38:05.613+0000] {dag.py:4180} INFO - Setting next_dagrun for read_dataset_event to 2025-04-12 00:00:00+00:00, run_after=2025-04-13 00:00:00+00:00
[2025-04-13T22:38:05.728+0000] {logging_mixin.py:190} INFO - [2025-04-13T22:38:05.724+0000] {dag.py:4180} INFO - Setting next_dagrun for read_dataset_event_from_classic to 2025-04-12 00:00:00+00:00, run_after=2025-04-13 00:00:00+00:00
[2025-04-13T22:38:05.893+0000] {processor.py:208} INFO - Processing /home/airflow/.local/lib/python3.12/site-packages/airflow/example_dags/example_inlet_event_extra.py took 3.620 seconds
[2025-04-13T22:38:43.531+0000] {processor.py:186} INFO - Started process (PID=811) to work on /home/airflow/.local/lib/python3.12/site-packages/airflow/example_dags/example_inlet_event_extra.py
[2025-04-13T22:38:43.568+0000] {processor.py:914} INFO - Processing file /home/airflow/.local/lib/python3.12/site-packages/airflow/example_dags/example_inlet_event_extra.py for tasks to queue
[2025-04-13T22:38:43.574+0000] {logging_mixin.py:190} INFO - [2025-04-13T22:38:43.574+0000] {dagbag.py:588} INFO - Filling up the DagBag from /home/airflow/.local/lib/python3.12/site-packages/airflow/example_dags/example_inlet_event_extra.py
[2025-04-13T22:38:46.203+0000] {processor.py:925} INFO - DAG(s) 'read_dataset_event', 'read_dataset_event_from_classic' retrieved from /home/airflow/.local/lib/python3.12/site-packages/airflow/example_dags/example_inlet_event_extra.py
[2025-04-13T22:38:46.356+0000] {logging_mixin.py:190} INFO - [2025-04-13T22:38:46.356+0000] {dag.py:3239} INFO - Sync 2 DAGs
[2025-04-13T22:38:46.517+0000] {logging_mixin.py:190} INFO - [2025-04-13T22:38:46.514+0000] {dag.py:4180} INFO - Setting next_dagrun for read_dataset_event to 2025-04-12 00:00:00+00:00, run_after=2025-04-13 00:00:00+00:00
[2025-04-13T22:38:46.566+0000] {logging_mixin.py:190} INFO - [2025-04-13T22:38:46.566+0000] {dag.py:4180} INFO - Setting next_dagrun for read_dataset_event_from_classic to 2025-04-12 00:00:00+00:00, run_after=2025-04-13 00:00:00+00:00
[2025-04-13T22:38:46.775+0000] {processor.py:208} INFO - Processing /home/airflow/.local/lib/python3.12/site-packages/airflow/example_dags/example_inlet_event_extra.py took 3.276 seconds
[2025-04-13T22:39:22.213+0000] {processor.py:186} INFO - Started process (PID=875) to work on /home/airflow/.local/lib/python3.12/site-packages/airflow/example_dags/example_inlet_event_extra.py
[2025-04-13T22:39:22.221+0000] {processor.py:914} INFO - Processing file /home/airflow/.local/lib/python3.12/site-packages/airflow/example_dags/example_inlet_event_extra.py for tasks to queue
[2025-04-13T22:39:22.234+0000] {logging_mixin.py:190} INFO - [2025-04-13T22:39:22.233+0000] {dagbag.py:588} INFO - Filling up the DagBag from /home/airflow/.local/lib/python3.12/site-packages/airflow/example_dags/example_inlet_event_extra.py
[2025-04-13T22:39:24.909+0000] {processor.py:925} INFO - DAG(s) 'read_dataset_event', 'read_dataset_event_from_classic' retrieved from /home/airflow/.local/lib/python3.12/site-packages/airflow/example_dags/example_inlet_event_extra.py
[2025-04-13T22:39:25.035+0000] {logging_mixin.py:190} INFO - [2025-04-13T22:39:25.034+0000] {dag.py:3239} INFO - Sync 2 DAGs
[2025-04-13T22:39:25.187+0000] {logging_mixin.py:190} INFO - [2025-04-13T22:39:25.186+0000] {dag.py:4180} INFO - Setting next_dagrun for read_dataset_event to 2025-04-12 00:00:00+00:00, run_after=2025-04-13 00:00:00+00:00
[2025-04-13T22:39:25.210+0000] {logging_mixin.py:190} INFO - [2025-04-13T22:39:25.209+0000] {dag.py:4180} INFO - Setting next_dagrun for read_dataset_event_from_classic to 2025-04-12 00:00:00+00:00, run_after=2025-04-13 00:00:00+00:00
[2025-04-13T22:39:25.305+0000] {processor.py:208} INFO - Processing /home/airflow/.local/lib/python3.12/site-packages/airflow/example_dags/example_inlet_event_extra.py took 3.121 seconds
[2025-04-13T22:40:58.083+0000] {processor.py:186} INFO - Started process (PID=954) to work on /home/airflow/.local/lib/python3.12/site-packages/airflow/example_dags/example_inlet_event_extra.py
[2025-04-13T22:40:58.094+0000] {processor.py:914} INFO - Processing file /home/airflow/.local/lib/python3.12/site-packages/airflow/example_dags/example_inlet_event_extra.py for tasks to queue
[2025-04-13T22:40:58.105+0000] {logging_mixin.py:190} INFO - [2025-04-13T22:40:58.104+0000] {dagbag.py:588} INFO - Filling up the DagBag from /home/airflow/.local/lib/python3.12/site-packages/airflow/example_dags/example_inlet_event_extra.py
[2025-04-13T22:41:12.092+0000] {processor.py:925} INFO - DAG(s) 'read_dataset_event_from_classic', 'read_dataset_event' retrieved from /home/airflow/.local/lib/python3.12/site-packages/airflow/example_dags/example_inlet_event_extra.py
[2025-04-13T22:41:12.700+0000] {logging_mixin.py:190} INFO - [2025-04-13T22:41:12.699+0000] {dag.py:3239} INFO - Sync 2 DAGs
[2025-04-13T22:41:13.143+0000] {logging_mixin.py:190} INFO - [2025-04-13T22:41:13.142+0000] {dag.py:4180} INFO - Setting next_dagrun for read_dataset_event to 2025-04-12 00:00:00+00:00, run_after=2025-04-13 00:00:00+00:00
[2025-04-13T22:41:13.245+0000] {logging_mixin.py:190} INFO - [2025-04-13T22:41:13.245+0000] {dag.py:4180} INFO - Setting next_dagrun for read_dataset_event_from_classic to 2025-04-12 00:00:00+00:00, run_after=2025-04-13 00:00:00+00:00
[2025-04-13T22:41:13.800+0000] {processor.py:208} INFO - Processing /home/airflow/.local/lib/python3.12/site-packages/airflow/example_dags/example_inlet_event_extra.py took 15.736 seconds
[2025-04-13T22:42:11.912+0000] {processor.py:186} INFO - Started process (PID=1035) to work on /home/airflow/.local/lib/python3.12/site-packages/airflow/example_dags/example_inlet_event_extra.py
[2025-04-13T22:42:11.915+0000] {processor.py:914} INFO - Processing file /home/airflow/.local/lib/python3.12/site-packages/airflow/example_dags/example_inlet_event_extra.py for tasks to queue
[2025-04-13T22:42:11.928+0000] {logging_mixin.py:190} INFO - [2025-04-13T22:42:11.928+0000] {dagbag.py:588} INFO - Filling up the DagBag from /home/airflow/.local/lib/python3.12/site-packages/airflow/example_dags/example_inlet_event_extra.py
[2025-04-13T22:42:20.464+0000] {processor.py:925} INFO - DAG(s) 'read_dataset_event_from_classic', 'read_dataset_event' retrieved from /home/airflow/.local/lib/python3.12/site-packages/airflow/example_dags/example_inlet_event_extra.py
[2025-04-13T22:42:20.746+0000] {logging_mixin.py:190} INFO - [2025-04-13T22:42:20.746+0000] {dag.py:3239} INFO - Sync 2 DAGs
[2025-04-13T22:42:21.112+0000] {logging_mixin.py:190} INFO - [2025-04-13T22:42:21.111+0000] {dag.py:4180} INFO - Setting next_dagrun for read_dataset_event to 2025-04-12 00:00:00+00:00, run_after=2025-04-13 00:00:00+00:00
[2025-04-13T22:42:21.329+0000] {logging_mixin.py:190} INFO - [2025-04-13T22:42:21.328+0000] {dag.py:4180} INFO - Setting next_dagrun for read_dataset_event_from_classic to 2025-04-12 00:00:00+00:00, run_after=2025-04-13 00:00:00+00:00
[2025-04-13T22:42:21.520+0000] {processor.py:208} INFO - Processing /home/airflow/.local/lib/python3.12/site-packages/airflow/example_dags/example_inlet_event_extra.py took 9.638 seconds
[2025-04-13T22:42:52.508+0000] {processor.py:186} INFO - Started process (PID=1099) to work on /home/airflow/.local/lib/python3.12/site-packages/airflow/example_dags/example_inlet_event_extra.py
[2025-04-13T22:42:52.532+0000] {processor.py:914} INFO - Processing file /home/airflow/.local/lib/python3.12/site-packages/airflow/example_dags/example_inlet_event_extra.py for tasks to queue
[2025-04-13T22:42:52.541+0000] {logging_mixin.py:190} INFO - [2025-04-13T22:42:52.541+0000] {dagbag.py:588} INFO - Filling up the DagBag from /home/airflow/.local/lib/python3.12/site-packages/airflow/example_dags/example_inlet_event_extra.py
[2025-04-13T22:42:58.675+0000] {processor.py:925} INFO - DAG(s) 'read_dataset_event_from_classic', 'read_dataset_event' retrieved from /home/airflow/.local/lib/python3.12/site-packages/airflow/example_dags/example_inlet_event_extra.py
[2025-04-13T22:42:58.810+0000] {logging_mixin.py:190} INFO - [2025-04-13T22:42:58.810+0000] {dag.py:3239} INFO - Sync 2 DAGs
[2025-04-13T22:42:58.961+0000] {logging_mixin.py:190} INFO - [2025-04-13T22:42:58.961+0000] {dag.py:4180} INFO - Setting next_dagrun for read_dataset_event to 2025-04-12 00:00:00+00:00, run_after=2025-04-13 00:00:00+00:00
[2025-04-13T22:42:59.055+0000] {logging_mixin.py:190} INFO - [2025-04-13T22:42:59.043+0000] {dag.py:4180} INFO - Setting next_dagrun for read_dataset_event_from_classic to 2025-04-12 00:00:00+00:00, run_after=2025-04-13 00:00:00+00:00
[2025-04-13T22:42:59.198+0000] {processor.py:208} INFO - Processing /home/airflow/.local/lib/python3.12/site-packages/airflow/example_dags/example_inlet_event_extra.py took 6.717 seconds
[2025-04-13T22:44:48.243+0000] {processor.py:186} INFO - Started process (PID=1205) to work on /home/airflow/.local/lib/python3.12/site-packages/airflow/example_dags/example_inlet_event_extra.py
[2025-04-13T22:44:48.253+0000] {processor.py:914} INFO - Processing file /home/airflow/.local/lib/python3.12/site-packages/airflow/example_dags/example_inlet_event_extra.py for tasks to queue
[2025-04-13T22:44:48.272+0000] {logging_mixin.py:190} INFO - [2025-04-13T22:44:48.270+0000] {dagbag.py:588} INFO - Filling up the DagBag from /home/airflow/.local/lib/python3.12/site-packages/airflow/example_dags/example_inlet_event_extra.py
[2025-04-13T22:44:51.407+0000] {processor.py:925} INFO - DAG(s) 'read_dataset_event', 'read_dataset_event_from_classic' retrieved from /home/airflow/.local/lib/python3.12/site-packages/airflow/example_dags/example_inlet_event_extra.py
[2025-04-13T22:44:51.505+0000] {logging_mixin.py:190} INFO - [2025-04-13T22:44:51.505+0000] {dag.py:3239} INFO - Sync 2 DAGs
[2025-04-13T22:44:51.681+0000] {logging_mixin.py:190} INFO - [2025-04-13T22:44:51.678+0000] {dag.py:4180} INFO - Setting next_dagrun for read_dataset_event to 2025-04-12 00:00:00+00:00, run_after=2025-04-13 00:00:00+00:00
[2025-04-13T22:44:51.728+0000] {logging_mixin.py:190} INFO - [2025-04-13T22:44:51.727+0000] {dag.py:4180} INFO - Setting next_dagrun for read_dataset_event_from_classic to 2025-04-12 00:00:00+00:00, run_after=2025-04-13 00:00:00+00:00
[2025-04-13T22:44:51.903+0000] {processor.py:208} INFO - Processing /home/airflow/.local/lib/python3.12/site-packages/airflow/example_dags/example_inlet_event_extra.py took 3.696 seconds
