[2025-04-13T16:48:57.169+0000] {processor.py:186} INFO - Started process (PID=112) to work on /home/airflow/.local/lib/python3.12/site-packages/airflow/example_dags/example_branch_datetime_operator.py
[2025-04-13T16:48:57.177+0000] {processor.py:914} INFO - Processing file /home/airflow/.local/lib/python3.12/site-packages/airflow/example_dags/example_branch_datetime_operator.py for tasks to queue
[2025-04-13T16:48:57.191+0000] {logging_mixin.py:190} INFO - [2025-04-13T16:48:57.191+0000] {dagbag.py:588} INFO - Filling up the DagBag from /home/airflow/.local/lib/python3.12/site-packages/airflow/example_dags/example_branch_datetime_operator.py
[2025-04-13T16:48:57.236+0000] {processor.py:925} INFO - DAG(s) 'example_branch_datetime_operator_3', 'example_branch_datetime_operator_2', 'example_branch_datetime_operator' retrieved from /home/airflow/.local/lib/python3.12/site-packages/airflow/example_dags/example_branch_datetime_operator.py
[2025-04-13T16:48:58.165+0000] {logging_mixin.py:190} INFO - [2025-04-13T16:48:58.164+0000] {override.py:1912} INFO - Created Permission View: can read on DAG:example_branch_datetime_operator_3
[2025-04-13T16:48:58.259+0000] {logging_mixin.py:190} INFO - [2025-04-13T16:48:58.257+0000] {override.py:1912} INFO - Created Permission View: can edit on DAG:example_branch_datetime_operator_3
[2025-04-13T16:48:58.294+0000] {logging_mixin.py:190} INFO - [2025-04-13T16:48:58.294+0000] {override.py:1912} INFO - Created Permission View: can delete on DAG:example_branch_datetime_operator_3
[2025-04-13T16:48:58.348+0000] {logging_mixin.py:190} INFO - [2025-04-13T16:48:58.347+0000] {override.py:1912} INFO - Created Permission View: can read on DAG Run:example_branch_datetime_operator_3
[2025-04-13T16:48:58.667+0000] {logging_mixin.py:190} INFO - [2025-04-13T16:48:58.650+0000] {override.py:1912} INFO - Created Permission View: menu access on DAG Run:example_branch_datetime_operator_3
[2025-04-13T16:48:59.001+0000] {logging_mixin.py:190} INFO - [2025-04-13T16:48:59.001+0000] {override.py:1912} INFO - Created Permission View: can create on DAG Run:example_branch_datetime_operator_3
[2025-04-13T16:48:59.124+0000] {logging_mixin.py:190} INFO - [2025-04-13T16:48:59.122+0000] {override.py:1912} INFO - Created Permission View: can delete on DAG Run:example_branch_datetime_operator_3
[2025-04-13T16:48:59.381+0000] {logging_mixin.py:190} INFO - [2025-04-13T16:48:59.380+0000] {override.py:1912} INFO - Created Permission View: can read on DAG:example_branch_datetime_operator_2
[2025-04-13T16:48:59.480+0000] {logging_mixin.py:190} INFO - [2025-04-13T16:48:59.480+0000] {override.py:1912} INFO - Created Permission View: can edit on DAG:example_branch_datetime_operator_2
[2025-04-13T16:48:59.627+0000] {logging_mixin.py:190} INFO - [2025-04-13T16:48:59.624+0000] {override.py:1912} INFO - Created Permission View: can delete on DAG:example_branch_datetime_operator_2
[2025-04-13T16:48:59.721+0000] {logging_mixin.py:190} INFO - [2025-04-13T16:48:59.720+0000] {override.py:1912} INFO - Created Permission View: can read on DAG Run:example_branch_datetime_operator_2
[2025-04-13T16:48:59.825+0000] {logging_mixin.py:190} INFO - [2025-04-13T16:48:59.823+0000] {override.py:1912} INFO - Created Permission View: menu access on DAG Run:example_branch_datetime_operator_2
[2025-04-13T16:48:59.881+0000] {logging_mixin.py:190} INFO - [2025-04-13T16:48:59.866+0000] {override.py:1912} INFO - Created Permission View: can create on DAG Run:example_branch_datetime_operator_2
[2025-04-13T16:48:59.921+0000] {logging_mixin.py:190} INFO - [2025-04-13T16:48:59.920+0000] {override.py:1912} INFO - Created Permission View: can delete on DAG Run:example_branch_datetime_operator_2
[2025-04-13T16:49:00.070+0000] {logging_mixin.py:190} INFO - [2025-04-13T16:49:00.070+0000] {override.py:1912} INFO - Created Permission View: can read on DAG:example_branch_datetime_operator
[2025-04-13T16:49:00.156+0000] {logging_mixin.py:190} INFO - [2025-04-13T16:49:00.156+0000] {override.py:1912} INFO - Created Permission View: can edit on DAG:example_branch_datetime_operator
[2025-04-13T16:49:00.187+0000] {logging_mixin.py:190} INFO - [2025-04-13T16:49:00.186+0000] {override.py:1912} INFO - Created Permission View: can delete on DAG:example_branch_datetime_operator
[2025-04-13T16:49:00.269+0000] {logging_mixin.py:190} INFO - [2025-04-13T16:49:00.265+0000] {override.py:1912} INFO - Created Permission View: can read on DAG Run:example_branch_datetime_operator
[2025-04-13T16:49:00.366+0000] {logging_mixin.py:190} INFO - [2025-04-13T16:49:00.366+0000] {override.py:1912} INFO - Created Permission View: menu access on DAG Run:example_branch_datetime_operator
[2025-04-13T16:49:00.445+0000] {logging_mixin.py:190} INFO - [2025-04-13T16:49:00.444+0000] {override.py:1912} INFO - Created Permission View: can create on DAG Run:example_branch_datetime_operator
[2025-04-13T16:49:00.473+0000] {logging_mixin.py:190} INFO - [2025-04-13T16:49:00.473+0000] {override.py:1912} INFO - Created Permission View: can delete on DAG Run:example_branch_datetime_operator
[2025-04-13T16:49:00.475+0000] {logging_mixin.py:190} INFO - [2025-04-13T16:49:00.474+0000] {dag.py:3239} INFO - Sync 3 DAGs
[2025-04-13T16:49:00.556+0000] {logging_mixin.py:190} INFO - [2025-04-13T16:49:00.556+0000] {dag.py:3262} INFO - Creating ORM DAG for example_branch_datetime_operator_3
[2025-04-13T16:49:00.564+0000] {logging_mixin.py:190} INFO - [2025-04-13T16:49:00.564+0000] {dag.py:3262} INFO - Creating ORM DAG for example_branch_datetime_operator_2
[2025-04-13T16:49:00.579+0000] {logging_mixin.py:190} INFO - [2025-04-13T16:49:00.579+0000] {dag.py:3262} INFO - Creating ORM DAG for example_branch_datetime_operator
[2025-04-13T16:49:00.706+0000] {logging_mixin.py:190} INFO - [2025-04-13T16:49:00.704+0000] {dag.py:4180} INFO - Setting next_dagrun for example_branch_datetime_operator to 2025-04-12 00:00:00+00:00, run_after=2025-04-13 00:00:00+00:00
[2025-04-13T16:49:00.718+0000] {logging_mixin.py:190} INFO - [2025-04-13T16:49:00.718+0000] {dag.py:4180} INFO - Setting next_dagrun for example_branch_datetime_operator_2 to 2025-04-12 00:00:00+00:00, run_after=2025-04-13 00:00:00+00:00
[2025-04-13T16:49:00.824+0000] {logging_mixin.py:190} INFO - [2025-04-13T16:49:00.780+0000] {dag.py:4180} INFO - Setting next_dagrun for example_branch_datetime_operator_3 to 2025-04-12 00:00:00+00:00, run_after=2025-04-13 00:00:00+00:00
[2025-04-13T16:49:01.006+0000] {processor.py:208} INFO - Processing /home/airflow/.local/lib/python3.12/site-packages/airflow/example_dags/example_branch_datetime_operator.py took 3.871 seconds
[2025-04-13T16:50:44.742+0000] {processor.py:186} INFO - Started process (PID=188) to work on /home/airflow/.local/lib/python3.12/site-packages/airflow/example_dags/example_branch_datetime_operator.py
[2025-04-13T16:50:44.762+0000] {processor.py:914} INFO - Processing file /home/airflow/.local/lib/python3.12/site-packages/airflow/example_dags/example_branch_datetime_operator.py for tasks to queue
[2025-04-13T16:50:44.786+0000] {logging_mixin.py:190} INFO - [2025-04-13T16:50:44.769+0000] {dagbag.py:588} INFO - Filling up the DagBag from /home/airflow/.local/lib/python3.12/site-packages/airflow/example_dags/example_branch_datetime_operator.py
[2025-04-13T16:50:45.002+0000] {processor.py:925} INFO - DAG(s) 'example_branch_datetime_operator_2', 'example_branch_datetime_operator_3', 'example_branch_datetime_operator' retrieved from /home/airflow/.local/lib/python3.12/site-packages/airflow/example_dags/example_branch_datetime_operator.py
[2025-04-13T16:50:45.306+0000] {logging_mixin.py:190} INFO - [2025-04-13T16:50:45.305+0000] {dag.py:3239} INFO - Sync 3 DAGs
[2025-04-13T16:50:45.526+0000] {logging_mixin.py:190} INFO - [2025-04-13T16:50:45.526+0000] {dag.py:4180} INFO - Setting next_dagrun for example_branch_datetime_operator to 2025-04-12 00:00:00+00:00, run_after=2025-04-13 00:00:00+00:00
[2025-04-13T16:50:45.607+0000] {logging_mixin.py:190} INFO - [2025-04-13T16:50:45.577+0000] {dag.py:4180} INFO - Setting next_dagrun for example_branch_datetime_operator_2 to 2025-04-12 00:00:00+00:00, run_after=2025-04-13 00:00:00+00:00
[2025-04-13T16:50:45.620+0000] {logging_mixin.py:190} INFO - [2025-04-13T16:50:45.617+0000] {dag.py:4180} INFO - Setting next_dagrun for example_branch_datetime_operator_3 to 2025-04-12 00:00:00+00:00, run_after=2025-04-13 00:00:00+00:00
[2025-04-13T16:50:45.765+0000] {processor.py:208} INFO - Processing /home/airflow/.local/lib/python3.12/site-packages/airflow/example_dags/example_branch_datetime_operator.py took 1.090 seconds
[2025-04-13T16:51:24.794+0000] {processor.py:186} INFO - Started process (PID=258) to work on /home/airflow/.local/lib/python3.12/site-packages/airflow/example_dags/example_branch_datetime_operator.py
[2025-04-13T16:51:24.815+0000] {processor.py:914} INFO - Processing file /home/airflow/.local/lib/python3.12/site-packages/airflow/example_dags/example_branch_datetime_operator.py for tasks to queue
[2025-04-13T16:51:24.835+0000] {logging_mixin.py:190} INFO - [2025-04-13T16:51:24.834+0000] {dagbag.py:588} INFO - Filling up the DagBag from /home/airflow/.local/lib/python3.12/site-packages/airflow/example_dags/example_branch_datetime_operator.py
[2025-04-13T16:51:24.911+0000] {processor.py:925} INFO - DAG(s) 'example_branch_datetime_operator', 'example_branch_datetime_operator_3', 'example_branch_datetime_operator_2' retrieved from /home/airflow/.local/lib/python3.12/site-packages/airflow/example_dags/example_branch_datetime_operator.py
[2025-04-13T16:51:25.147+0000] {logging_mixin.py:190} INFO - [2025-04-13T16:51:25.146+0000] {dag.py:3239} INFO - Sync 3 DAGs
[2025-04-13T16:51:25.447+0000] {logging_mixin.py:190} INFO - [2025-04-13T16:51:25.446+0000] {dag.py:4180} INFO - Setting next_dagrun for example_branch_datetime_operator to 2025-04-12 00:00:00+00:00, run_after=2025-04-13 00:00:00+00:00
[2025-04-13T16:51:25.516+0000] {logging_mixin.py:190} INFO - [2025-04-13T16:51:25.516+0000] {dag.py:4180} INFO - Setting next_dagrun for example_branch_datetime_operator_2 to 2025-04-12 00:00:00+00:00, run_after=2025-04-13 00:00:00+00:00
[2025-04-13T16:51:25.587+0000] {logging_mixin.py:190} INFO - [2025-04-13T16:51:25.586+0000] {dag.py:4180} INFO - Setting next_dagrun for example_branch_datetime_operator_3 to 2025-04-12 00:00:00+00:00, run_after=2025-04-13 00:00:00+00:00
[2025-04-13T16:51:25.699+0000] {processor.py:208} INFO - Processing /home/airflow/.local/lib/python3.12/site-packages/airflow/example_dags/example_branch_datetime_operator.py took 1.113 seconds
[2025-04-13T16:51:56.164+0000] {processor.py:186} INFO - Started process (PID=321) to work on /home/airflow/.local/lib/python3.12/site-packages/airflow/example_dags/example_branch_datetime_operator.py
[2025-04-13T16:51:56.166+0000] {processor.py:914} INFO - Processing file /home/airflow/.local/lib/python3.12/site-packages/airflow/example_dags/example_branch_datetime_operator.py for tasks to queue
[2025-04-13T16:51:56.173+0000] {logging_mixin.py:190} INFO - [2025-04-13T16:51:56.172+0000] {dagbag.py:588} INFO - Filling up the DagBag from /home/airflow/.local/lib/python3.12/site-packages/airflow/example_dags/example_branch_datetime_operator.py
[2025-04-13T16:51:56.208+0000] {processor.py:925} INFO - DAG(s) 'example_branch_datetime_operator', 'example_branch_datetime_operator_3', 'example_branch_datetime_operator_2' retrieved from /home/airflow/.local/lib/python3.12/site-packages/airflow/example_dags/example_branch_datetime_operator.py
[2025-04-13T16:51:56.341+0000] {logging_mixin.py:190} INFO - [2025-04-13T16:51:56.341+0000] {dag.py:3239} INFO - Sync 3 DAGs
[2025-04-13T16:51:56.425+0000] {logging_mixin.py:190} INFO - [2025-04-13T16:51:56.425+0000] {dag.py:4180} INFO - Setting next_dagrun for example_branch_datetime_operator to 2025-04-12 00:00:00+00:00, run_after=2025-04-13 00:00:00+00:00
[2025-04-13T16:51:56.453+0000] {logging_mixin.py:190} INFO - [2025-04-13T16:51:56.453+0000] {dag.py:4180} INFO - Setting next_dagrun for example_branch_datetime_operator_2 to 2025-04-12 00:00:00+00:00, run_after=2025-04-13 00:00:00+00:00
[2025-04-13T16:51:56.474+0000] {logging_mixin.py:190} INFO - [2025-04-13T16:51:56.473+0000] {dag.py:4180} INFO - Setting next_dagrun for example_branch_datetime_operator_3 to 2025-04-12 00:00:00+00:00, run_after=2025-04-13 00:00:00+00:00
[2025-04-13T16:51:56.546+0000] {processor.py:208} INFO - Processing /home/airflow/.local/lib/python3.12/site-packages/airflow/example_dags/example_branch_datetime_operator.py took 0.395 seconds
[2025-04-13T16:52:27.693+0000] {processor.py:186} INFO - Started process (PID=385) to work on /home/airflow/.local/lib/python3.12/site-packages/airflow/example_dags/example_branch_datetime_operator.py
[2025-04-13T16:52:27.712+0000] {processor.py:914} INFO - Processing file /home/airflow/.local/lib/python3.12/site-packages/airflow/example_dags/example_branch_datetime_operator.py for tasks to queue
[2025-04-13T16:52:27.717+0000] {logging_mixin.py:190} INFO - [2025-04-13T16:52:27.717+0000] {dagbag.py:588} INFO - Filling up the DagBag from /home/airflow/.local/lib/python3.12/site-packages/airflow/example_dags/example_branch_datetime_operator.py
[2025-04-13T16:52:27.774+0000] {processor.py:925} INFO - DAG(s) 'example_branch_datetime_operator_2', 'example_branch_datetime_operator', 'example_branch_datetime_operator_3' retrieved from /home/airflow/.local/lib/python3.12/site-packages/airflow/example_dags/example_branch_datetime_operator.py
[2025-04-13T16:52:27.909+0000] {logging_mixin.py:190} INFO - [2025-04-13T16:52:27.908+0000] {dag.py:3239} INFO - Sync 3 DAGs
[2025-04-13T16:52:27.974+0000] {logging_mixin.py:190} INFO - [2025-04-13T16:52:27.974+0000] {dag.py:4180} INFO - Setting next_dagrun for example_branch_datetime_operator to 2025-04-12 00:00:00+00:00, run_after=2025-04-13 00:00:00+00:00
[2025-04-13T16:52:27.997+0000] {logging_mixin.py:190} INFO - [2025-04-13T16:52:27.996+0000] {dag.py:4180} INFO - Setting next_dagrun for example_branch_datetime_operator_2 to 2025-04-12 00:00:00+00:00, run_after=2025-04-13 00:00:00+00:00
[2025-04-13T16:52:28.019+0000] {logging_mixin.py:190} INFO - [2025-04-13T16:52:28.019+0000] {dag.py:4180} INFO - Setting next_dagrun for example_branch_datetime_operator_3 to 2025-04-12 00:00:00+00:00, run_after=2025-04-13 00:00:00+00:00
[2025-04-13T16:52:28.096+0000] {processor.py:208} INFO - Processing /home/airflow/.local/lib/python3.12/site-packages/airflow/example_dags/example_branch_datetime_operator.py took 0.415 seconds
[2025-04-13T16:53:12.222+0000] {processor.py:186} INFO - Started process (PID=449) to work on /home/airflow/.local/lib/python3.12/site-packages/airflow/example_dags/example_branch_datetime_operator.py
[2025-04-13T16:53:12.233+0000] {processor.py:914} INFO - Processing file /home/airflow/.local/lib/python3.12/site-packages/airflow/example_dags/example_branch_datetime_operator.py for tasks to queue
[2025-04-13T16:53:12.271+0000] {logging_mixin.py:190} INFO - [2025-04-13T16:53:12.270+0000] {dagbag.py:588} INFO - Filling up the DagBag from /home/airflow/.local/lib/python3.12/site-packages/airflow/example_dags/example_branch_datetime_operator.py
[2025-04-13T16:53:12.424+0000] {processor.py:925} INFO - DAG(s) 'example_branch_datetime_operator', 'example_branch_datetime_operator_2', 'example_branch_datetime_operator_3' retrieved from /home/airflow/.local/lib/python3.12/site-packages/airflow/example_dags/example_branch_datetime_operator.py
[2025-04-13T16:53:12.907+0000] {logging_mixin.py:190} INFO - [2025-04-13T16:53:12.906+0000] {dag.py:3239} INFO - Sync 3 DAGs
[2025-04-13T16:53:13.076+0000] {logging_mixin.py:190} INFO - [2025-04-13T16:53:13.075+0000] {dag.py:4180} INFO - Setting next_dagrun for example_branch_datetime_operator to 2025-04-12 00:00:00+00:00, run_after=2025-04-13 00:00:00+00:00
[2025-04-13T16:53:13.131+0000] {logging_mixin.py:190} INFO - [2025-04-13T16:53:13.127+0000] {dag.py:4180} INFO - Setting next_dagrun for example_branch_datetime_operator_2 to 2025-04-12 00:00:00+00:00, run_after=2025-04-13 00:00:00+00:00
[2025-04-13T16:53:13.322+0000] {logging_mixin.py:190} INFO - [2025-04-13T16:53:13.322+0000] {dag.py:4180} INFO - Setting next_dagrun for example_branch_datetime_operator_3 to 2025-04-12 00:00:00+00:00, run_after=2025-04-13 00:00:00+00:00
[2025-04-13T16:53:13.926+0000] {processor.py:208} INFO - Processing /home/airflow/.local/lib/python3.12/site-packages/airflow/example_dags/example_branch_datetime_operator.py took 1.767 seconds
[2025-04-13T16:53:52.932+0000] {processor.py:186} INFO - Started process (PID=516) to work on /home/airflow/.local/lib/python3.12/site-packages/airflow/example_dags/example_branch_datetime_operator.py
[2025-04-13T16:53:52.934+0000] {processor.py:914} INFO - Processing file /home/airflow/.local/lib/python3.12/site-packages/airflow/example_dags/example_branch_datetime_operator.py for tasks to queue
[2025-04-13T16:53:52.941+0000] {logging_mixin.py:190} INFO - [2025-04-13T16:53:52.940+0000] {dagbag.py:588} INFO - Filling up the DagBag from /home/airflow/.local/lib/python3.12/site-packages/airflow/example_dags/example_branch_datetime_operator.py
[2025-04-13T16:53:52.986+0000] {processor.py:925} INFO - DAG(s) 'example_branch_datetime_operator_3', 'example_branch_datetime_operator', 'example_branch_datetime_operator_2' retrieved from /home/airflow/.local/lib/python3.12/site-packages/airflow/example_dags/example_branch_datetime_operator.py
[2025-04-13T16:53:53.089+0000] {logging_mixin.py:190} INFO - [2025-04-13T16:53:53.088+0000] {dag.py:3239} INFO - Sync 3 DAGs
[2025-04-13T16:53:53.209+0000] {logging_mixin.py:190} INFO - [2025-04-13T16:53:53.208+0000] {dag.py:4180} INFO - Setting next_dagrun for example_branch_datetime_operator to 2025-04-12 00:00:00+00:00, run_after=2025-04-13 00:00:00+00:00
[2025-04-13T16:53:53.226+0000] {logging_mixin.py:190} INFO - [2025-04-13T16:53:53.226+0000] {dag.py:4180} INFO - Setting next_dagrun for example_branch_datetime_operator_2 to 2025-04-12 00:00:00+00:00, run_after=2025-04-13 00:00:00+00:00
[2025-04-13T16:53:53.232+0000] {logging_mixin.py:190} INFO - [2025-04-13T16:53:53.232+0000] {dag.py:4180} INFO - Setting next_dagrun for example_branch_datetime_operator_3 to 2025-04-12 00:00:00+00:00, run_after=2025-04-13 00:00:00+00:00
[2025-04-13T16:53:53.297+0000] {processor.py:208} INFO - Processing /home/airflow/.local/lib/python3.12/site-packages/airflow/example_dags/example_branch_datetime_operator.py took 0.381 seconds
[2025-04-13T16:54:34.673+0000] {processor.py:186} INFO - Started process (PID=566) to work on /home/airflow/.local/lib/python3.12/site-packages/airflow/example_dags/example_branch_datetime_operator.py
[2025-04-13T16:54:34.677+0000] {processor.py:914} INFO - Processing file /home/airflow/.local/lib/python3.12/site-packages/airflow/example_dags/example_branch_datetime_operator.py for tasks to queue
[2025-04-13T16:54:34.689+0000] {logging_mixin.py:190} INFO - [2025-04-13T16:54:34.685+0000] {dagbag.py:588} INFO - Filling up the DagBag from /home/airflow/.local/lib/python3.12/site-packages/airflow/example_dags/example_branch_datetime_operator.py
[2025-04-13T16:54:34.757+0000] {processor.py:925} INFO - DAG(s) 'example_branch_datetime_operator_2', 'example_branch_datetime_operator', 'example_branch_datetime_operator_3' retrieved from /home/airflow/.local/lib/python3.12/site-packages/airflow/example_dags/example_branch_datetime_operator.py
[2025-04-13T16:54:34.894+0000] {logging_mixin.py:190} INFO - [2025-04-13T16:54:34.893+0000] {dag.py:3239} INFO - Sync 3 DAGs
[2025-04-13T16:54:35.073+0000] {logging_mixin.py:190} INFO - [2025-04-13T16:54:35.072+0000] {dag.py:4180} INFO - Setting next_dagrun for example_branch_datetime_operator to 2025-04-12 00:00:00+00:00, run_after=2025-04-13 00:00:00+00:00
[2025-04-13T16:54:35.090+0000] {logging_mixin.py:190} INFO - [2025-04-13T16:54:35.090+0000] {dag.py:4180} INFO - Setting next_dagrun for example_branch_datetime_operator_2 to 2025-04-12 00:00:00+00:00, run_after=2025-04-13 00:00:00+00:00
[2025-04-13T16:54:35.111+0000] {logging_mixin.py:190} INFO - [2025-04-13T16:54:35.110+0000] {dag.py:4180} INFO - Setting next_dagrun for example_branch_datetime_operator_3 to 2025-04-12 00:00:00+00:00, run_after=2025-04-13 00:00:00+00:00
[2025-04-13T16:54:35.180+0000] {processor.py:208} INFO - Processing /home/airflow/.local/lib/python3.12/site-packages/airflow/example_dags/example_branch_datetime_operator.py took 0.555 seconds
[2025-04-13T16:55:23.493+0000] {processor.py:186} INFO - Started process (PID=632) to work on /home/airflow/.local/lib/python3.12/site-packages/airflow/example_dags/example_branch_datetime_operator.py
[2025-04-13T16:55:23.498+0000] {processor.py:914} INFO - Processing file /home/airflow/.local/lib/python3.12/site-packages/airflow/example_dags/example_branch_datetime_operator.py for tasks to queue
[2025-04-13T16:55:23.523+0000] {logging_mixin.py:190} INFO - [2025-04-13T16:55:23.522+0000] {dagbag.py:588} INFO - Filling up the DagBag from /home/airflow/.local/lib/python3.12/site-packages/airflow/example_dags/example_branch_datetime_operator.py
[2025-04-13T16:55:23.598+0000] {processor.py:925} INFO - DAG(s) 'example_branch_datetime_operator_2', 'example_branch_datetime_operator', 'example_branch_datetime_operator_3' retrieved from /home/airflow/.local/lib/python3.12/site-packages/airflow/example_dags/example_branch_datetime_operator.py
[2025-04-13T16:55:25.505+0000] {logging_mixin.py:190} INFO - [2025-04-13T16:55:25.505+0000] {dag.py:3239} INFO - Sync 3 DAGs
[2025-04-13T16:55:26.083+0000] {logging_mixin.py:190} INFO - [2025-04-13T16:55:26.083+0000] {dag.py:4180} INFO - Setting next_dagrun for example_branch_datetime_operator to 2025-04-12 00:00:00+00:00, run_after=2025-04-13 00:00:00+00:00
[2025-04-13T16:55:27.127+0000] {logging_mixin.py:190} INFO - [2025-04-13T16:55:27.125+0000] {dag.py:4180} INFO - Setting next_dagrun for example_branch_datetime_operator_2 to 2025-04-12 00:00:00+00:00, run_after=2025-04-13 00:00:00+00:00
[2025-04-13T16:55:27.237+0000] {logging_mixin.py:190} INFO - [2025-04-13T16:55:27.236+0000] {dag.py:4180} INFO - Setting next_dagrun for example_branch_datetime_operator_3 to 2025-04-12 00:00:00+00:00, run_after=2025-04-13 00:00:00+00:00
[2025-04-13T16:55:27.392+0000] {processor.py:208} INFO - Processing /home/airflow/.local/lib/python3.12/site-packages/airflow/example_dags/example_branch_datetime_operator.py took 3.951 seconds
[2025-04-13T17:03:29.320+0000] {processor.py:186} INFO - Started process (PID=121) to work on /home/airflow/.local/lib/python3.12/site-packages/airflow/example_dags/example_branch_datetime_operator.py
[2025-04-13T17:03:29.378+0000] {processor.py:914} INFO - Processing file /home/airflow/.local/lib/python3.12/site-packages/airflow/example_dags/example_branch_datetime_operator.py for tasks to queue
[2025-04-13T17:03:29.398+0000] {logging_mixin.py:190} INFO - [2025-04-13T17:03:29.396+0000] {dagbag.py:588} INFO - Filling up the DagBag from /home/airflow/.local/lib/python3.12/site-packages/airflow/example_dags/example_branch_datetime_operator.py
[2025-04-13T17:03:30.437+0000] {processor.py:925} INFO - DAG(s) 'example_branch_datetime_operator_2', 'example_branch_datetime_operator_3', 'example_branch_datetime_operator' retrieved from /home/airflow/.local/lib/python3.12/site-packages/airflow/example_dags/example_branch_datetime_operator.py
[2025-04-13T17:03:32.057+0000] {logging_mixin.py:190} INFO - [2025-04-13T17:03:32.057+0000] {dag.py:3239} INFO - Sync 3 DAGs
[2025-04-13T17:03:33.134+0000] {logging_mixin.py:190} INFO - [2025-04-13T17:03:33.133+0000] {dag.py:4180} INFO - Setting next_dagrun for example_branch_datetime_operator to 2025-04-12 00:00:00+00:00, run_after=2025-04-13 00:00:00+00:00
[2025-04-13T17:03:33.347+0000] {logging_mixin.py:190} INFO - [2025-04-13T17:03:33.307+0000] {dag.py:4180} INFO - Setting next_dagrun for example_branch_datetime_operator_2 to 2025-04-12 00:00:00+00:00, run_after=2025-04-13 00:00:00+00:00
[2025-04-13T17:03:33.453+0000] {logging_mixin.py:190} INFO - [2025-04-13T17:03:33.453+0000] {dag.py:4180} INFO - Setting next_dagrun for example_branch_datetime_operator_3 to 2025-04-12 00:00:00+00:00, run_after=2025-04-13 00:00:00+00:00
[2025-04-13T17:03:34.230+0000] {processor.py:208} INFO - Processing /home/airflow/.local/lib/python3.12/site-packages/airflow/example_dags/example_branch_datetime_operator.py took 5.148 seconds
[2025-04-13T17:05:42.781+0000] {processor.py:186} INFO - Started process (PID=202) to work on /home/airflow/.local/lib/python3.12/site-packages/airflow/example_dags/example_branch_datetime_operator.py
[2025-04-13T17:05:42.851+0000] {processor.py:914} INFO - Processing file /home/airflow/.local/lib/python3.12/site-packages/airflow/example_dags/example_branch_datetime_operator.py for tasks to queue
[2025-04-13T17:05:42.861+0000] {logging_mixin.py:190} INFO - [2025-04-13T17:05:42.860+0000] {dagbag.py:588} INFO - Filling up the DagBag from /home/airflow/.local/lib/python3.12/site-packages/airflow/example_dags/example_branch_datetime_operator.py
[2025-04-13T17:05:43.222+0000] {processor.py:925} INFO - DAG(s) 'example_branch_datetime_operator_2', 'example_branch_datetime_operator', 'example_branch_datetime_operator_3' retrieved from /home/airflow/.local/lib/python3.12/site-packages/airflow/example_dags/example_branch_datetime_operator.py
[2025-04-13T17:05:43.904+0000] {logging_mixin.py:190} INFO - [2025-04-13T17:05:43.904+0000] {dag.py:3239} INFO - Sync 3 DAGs
[2025-04-13T17:05:44.609+0000] {logging_mixin.py:190} INFO - [2025-04-13T17:05:44.609+0000] {dag.py:4180} INFO - Setting next_dagrun for example_branch_datetime_operator to 2025-04-12 00:00:00+00:00, run_after=2025-04-13 00:00:00+00:00
[2025-04-13T17:05:45.132+0000] {logging_mixin.py:190} INFO - [2025-04-13T17:05:45.132+0000] {dag.py:4180} INFO - Setting next_dagrun for example_branch_datetime_operator_2 to 2025-04-12 00:00:00+00:00, run_after=2025-04-13 00:00:00+00:00
[2025-04-13T17:05:45.218+0000] {logging_mixin.py:190} INFO - [2025-04-13T17:05:45.218+0000] {dag.py:4180} INFO - Setting next_dagrun for example_branch_datetime_operator_3 to 2025-04-12 00:00:00+00:00, run_after=2025-04-13 00:00:00+00:00
[2025-04-13T17:05:45.421+0000] {processor.py:208} INFO - Processing /home/airflow/.local/lib/python3.12/site-packages/airflow/example_dags/example_branch_datetime_operator.py took 2.716 seconds
[2025-04-13T17:24:04.589+0000] {processor.py:186} INFO - Started process (PID=170) to work on /home/airflow/.local/lib/python3.12/site-packages/airflow/example_dags/example_branch_datetime_operator.py
[2025-04-13T17:24:04.619+0000] {processor.py:914} INFO - Processing file /home/airflow/.local/lib/python3.12/site-packages/airflow/example_dags/example_branch_datetime_operator.py for tasks to queue
[2025-04-13T17:24:04.750+0000] {logging_mixin.py:190} INFO - [2025-04-13T17:24:04.750+0000] {dagbag.py:588} INFO - Filling up the DagBag from /home/airflow/.local/lib/python3.12/site-packages/airflow/example_dags/example_branch_datetime_operator.py
[2025-04-13T17:24:05.219+0000] {processor.py:925} INFO - DAG(s) 'example_branch_datetime_operator_3', 'example_branch_datetime_operator_2', 'example_branch_datetime_operator' retrieved from /home/airflow/.local/lib/python3.12/site-packages/airflow/example_dags/example_branch_datetime_operator.py
[2025-04-13T17:24:07.730+0000] {logging_mixin.py:190} INFO - [2025-04-13T17:24:07.730+0000] {dag.py:3239} INFO - Sync 3 DAGs
[2025-04-13T17:24:08.737+0000] {logging_mixin.py:190} INFO - [2025-04-13T17:24:08.736+0000] {dag.py:4180} INFO - Setting next_dagrun for example_branch_datetime_operator to 2025-04-12 00:00:00+00:00, run_after=2025-04-13 00:00:00+00:00
[2025-04-13T17:24:08.989+0000] {logging_mixin.py:190} INFO - [2025-04-13T17:24:08.989+0000] {dag.py:4180} INFO - Setting next_dagrun for example_branch_datetime_operator_2 to 2025-04-12 00:00:00+00:00, run_after=2025-04-13 00:00:00+00:00
[2025-04-13T17:24:09.894+0000] {logging_mixin.py:190} INFO - [2025-04-13T17:24:09.893+0000] {dag.py:4180} INFO - Setting next_dagrun for example_branch_datetime_operator_3 to 2025-04-12 00:00:00+00:00, run_after=2025-04-13 00:00:00+00:00
[2025-04-13T17:24:12.841+0000] {processor.py:208} INFO - Processing /home/airflow/.local/lib/python3.12/site-packages/airflow/example_dags/example_branch_datetime_operator.py took 8.403 seconds
[2025-04-13T18:10:33.915+0000] {processor.py:186} INFO - Started process (PID=266) to work on /home/airflow/.local/lib/python3.12/site-packages/airflow/example_dags/example_branch_datetime_operator.py
[2025-04-13T18:10:34.774+0000] {processor.py:914} INFO - Processing file /home/airflow/.local/lib/python3.12/site-packages/airflow/example_dags/example_branch_datetime_operator.py for tasks to queue
[2025-04-13T18:10:34.940+0000] {logging_mixin.py:190} INFO - [2025-04-13T18:10:34.939+0000] {dagbag.py:588} INFO - Filling up the DagBag from /home/airflow/.local/lib/python3.12/site-packages/airflow/example_dags/example_branch_datetime_operator.py
[2025-04-13T18:10:36.040+0000] {processor.py:925} INFO - DAG(s) 'example_branch_datetime_operator_2', 'example_branch_datetime_operator_3', 'example_branch_datetime_operator' retrieved from /home/airflow/.local/lib/python3.12/site-packages/airflow/example_dags/example_branch_datetime_operator.py
[2025-04-13T18:10:42.227+0000] {logging_mixin.py:190} INFO - [2025-04-13T18:10:42.226+0000] {dag.py:3239} INFO - Sync 3 DAGs
[2025-04-13T18:10:44.399+0000] {logging_mixin.py:190} INFO - [2025-04-13T18:10:44.399+0000] {dag.py:4180} INFO - Setting next_dagrun for example_branch_datetime_operator to 2025-04-12 00:00:00+00:00, run_after=2025-04-13 00:00:00+00:00
[2025-04-13T18:10:44.879+0000] {logging_mixin.py:190} INFO - [2025-04-13T18:10:44.878+0000] {dag.py:4180} INFO - Setting next_dagrun for example_branch_datetime_operator_2 to 2025-04-12 00:00:00+00:00, run_after=2025-04-13 00:00:00+00:00
[2025-04-13T18:10:45.434+0000] {logging_mixin.py:190} INFO - [2025-04-13T18:10:45.433+0000] {dag.py:4180} INFO - Setting next_dagrun for example_branch_datetime_operator_3 to 2025-04-12 00:00:00+00:00, run_after=2025-04-13 00:00:00+00:00
[2025-04-13T18:10:49.040+0000] {processor.py:208} INFO - Processing /home/airflow/.local/lib/python3.12/site-packages/airflow/example_dags/example_branch_datetime_operator.py took 15.487 seconds
[2025-04-13T18:19:11.558+0000] {processor.py:186} INFO - Started process (PID=405) to work on /home/airflow/.local/lib/python3.12/site-packages/airflow/example_dags/example_branch_datetime_operator.py
[2025-04-13T18:19:12.004+0000] {processor.py:914} INFO - Processing file /home/airflow/.local/lib/python3.12/site-packages/airflow/example_dags/example_branch_datetime_operator.py for tasks to queue
[2025-04-13T18:19:12.116+0000] {logging_mixin.py:190} INFO - [2025-04-13T18:19:12.115+0000] {dagbag.py:588} INFO - Filling up the DagBag from /home/airflow/.local/lib/python3.12/site-packages/airflow/example_dags/example_branch_datetime_operator.py
[2025-04-13T18:19:14.239+0000] {processor.py:925} INFO - DAG(s) 'example_branch_datetime_operator_2', 'example_branch_datetime_operator_3', 'example_branch_datetime_operator' retrieved from /home/airflow/.local/lib/python3.12/site-packages/airflow/example_dags/example_branch_datetime_operator.py
[2025-04-13T18:19:17.683+0000] {logging_mixin.py:190} INFO - [2025-04-13T18:19:17.682+0000] {dag.py:3239} INFO - Sync 3 DAGs
[2025-04-13T18:19:19.799+0000] {logging_mixin.py:190} INFO - [2025-04-13T18:19:19.799+0000] {dag.py:4180} INFO - Setting next_dagrun for example_branch_datetime_operator to 2025-04-12 00:00:00+00:00, run_after=2025-04-13 00:00:00+00:00
[2025-04-13T18:19:20.616+0000] {logging_mixin.py:190} INFO - [2025-04-13T18:19:20.615+0000] {dag.py:4180} INFO - Setting next_dagrun for example_branch_datetime_operator_2 to 2025-04-12 00:00:00+00:00, run_after=2025-04-13 00:00:00+00:00
[2025-04-13T18:19:20.850+0000] {logging_mixin.py:190} INFO - [2025-04-13T18:19:20.850+0000] {dag.py:4180} INFO - Setting next_dagrun for example_branch_datetime_operator_3 to 2025-04-12 00:00:00+00:00, run_after=2025-04-13 00:00:00+00:00
[2025-04-13T18:19:22.555+0000] {processor.py:208} INFO - Processing /home/airflow/.local/lib/python3.12/site-packages/airflow/example_dags/example_branch_datetime_operator.py took 11.277 seconds
[2025-04-13T20:51:51.688+0000] {processor.py:186} INFO - Started process (PID=101) to work on /home/airflow/.local/lib/python3.12/site-packages/airflow/example_dags/example_branch_datetime_operator.py
[2025-04-13T20:51:51.690+0000] {processor.py:914} INFO - Processing file /home/airflow/.local/lib/python3.12/site-packages/airflow/example_dags/example_branch_datetime_operator.py for tasks to queue
[2025-04-13T20:51:51.718+0000] {logging_mixin.py:190} INFO - [2025-04-13T20:51:51.717+0000] {dagbag.py:588} INFO - Filling up the DagBag from /home/airflow/.local/lib/python3.12/site-packages/airflow/example_dags/example_branch_datetime_operator.py
[2025-04-13T20:51:52.363+0000] {processor.py:925} INFO - DAG(s) 'example_branch_datetime_operator', 'example_branch_datetime_operator_2', 'example_branch_datetime_operator_3' retrieved from /home/airflow/.local/lib/python3.12/site-packages/airflow/example_dags/example_branch_datetime_operator.py
[2025-04-13T20:51:52.689+0000] {logging_mixin.py:190} INFO - [2025-04-13T20:51:52.689+0000] {dag.py:3239} INFO - Sync 3 DAGs
[2025-04-13T20:51:52.916+0000] {logging_mixin.py:190} INFO - [2025-04-13T20:51:52.915+0000] {dag.py:4180} INFO - Setting next_dagrun for example_branch_datetime_operator to 2025-04-12 00:00:00+00:00, run_after=2025-04-13 00:00:00+00:00
[2025-04-13T20:51:53.040+0000] {logging_mixin.py:190} INFO - [2025-04-13T20:51:53.040+0000] {dag.py:4180} INFO - Setting next_dagrun for example_branch_datetime_operator_2 to 2025-04-12 00:00:00+00:00, run_after=2025-04-13 00:00:00+00:00
[2025-04-13T20:51:53.143+0000] {logging_mixin.py:190} INFO - [2025-04-13T20:51:53.142+0000] {dag.py:4180} INFO - Setting next_dagrun for example_branch_datetime_operator_3 to 2025-04-12 00:00:00+00:00, run_after=2025-04-13 00:00:00+00:00
[2025-04-13T20:51:53.356+0000] {processor.py:208} INFO - Processing /home/airflow/.local/lib/python3.12/site-packages/airflow/example_dags/example_branch_datetime_operator.py took 1.707 seconds
[2025-04-13T20:52:23.846+0000] {processor.py:186} INFO - Started process (PID=165) to work on /home/airflow/.local/lib/python3.12/site-packages/airflow/example_dags/example_branch_datetime_operator.py
[2025-04-13T20:52:23.847+0000] {processor.py:914} INFO - Processing file /home/airflow/.local/lib/python3.12/site-packages/airflow/example_dags/example_branch_datetime_operator.py for tasks to queue
[2025-04-13T20:52:23.851+0000] {logging_mixin.py:190} INFO - [2025-04-13T20:52:23.851+0000] {dagbag.py:588} INFO - Filling up the DagBag from /home/airflow/.local/lib/python3.12/site-packages/airflow/example_dags/example_branch_datetime_operator.py
[2025-04-13T20:52:23.873+0000] {processor.py:925} INFO - DAG(s) 'example_branch_datetime_operator', 'example_branch_datetime_operator_3', 'example_branch_datetime_operator_2' retrieved from /home/airflow/.local/lib/python3.12/site-packages/airflow/example_dags/example_branch_datetime_operator.py
[2025-04-13T20:52:23.930+0000] {logging_mixin.py:190} INFO - [2025-04-13T20:52:23.929+0000] {dag.py:3239} INFO - Sync 3 DAGs
[2025-04-13T20:52:23.978+0000] {logging_mixin.py:190} INFO - [2025-04-13T20:52:23.978+0000] {dag.py:4180} INFO - Setting next_dagrun for example_branch_datetime_operator to 2025-04-12 00:00:00+00:00, run_after=2025-04-13 00:00:00+00:00
[2025-04-13T20:52:23.987+0000] {logging_mixin.py:190} INFO - [2025-04-13T20:52:23.986+0000] {dag.py:4180} INFO - Setting next_dagrun for example_branch_datetime_operator_2 to 2025-04-12 00:00:00+00:00, run_after=2025-04-13 00:00:00+00:00
[2025-04-13T20:52:23.993+0000] {logging_mixin.py:190} INFO - [2025-04-13T20:52:23.993+0000] {dag.py:4180} INFO - Setting next_dagrun for example_branch_datetime_operator_3 to 2025-04-12 00:00:00+00:00, run_after=2025-04-13 00:00:00+00:00
[2025-04-13T20:52:24.055+0000] {processor.py:208} INFO - Processing /home/airflow/.local/lib/python3.12/site-packages/airflow/example_dags/example_branch_datetime_operator.py took 0.218 seconds
[2025-04-13T20:53:06.022+0000] {processor.py:186} INFO - Started process (PID=228) to work on /home/airflow/.local/lib/python3.12/site-packages/airflow/example_dags/example_branch_datetime_operator.py
[2025-04-13T20:53:06.024+0000] {processor.py:914} INFO - Processing file /home/airflow/.local/lib/python3.12/site-packages/airflow/example_dags/example_branch_datetime_operator.py for tasks to queue
[2025-04-13T20:53:06.029+0000] {logging_mixin.py:190} INFO - [2025-04-13T20:53:06.029+0000] {dagbag.py:588} INFO - Filling up the DagBag from /home/airflow/.local/lib/python3.12/site-packages/airflow/example_dags/example_branch_datetime_operator.py
[2025-04-13T20:53:06.089+0000] {processor.py:925} INFO - DAG(s) 'example_branch_datetime_operator_3', 'example_branch_datetime_operator', 'example_branch_datetime_operator_2' retrieved from /home/airflow/.local/lib/python3.12/site-packages/airflow/example_dags/example_branch_datetime_operator.py
[2025-04-13T20:53:06.432+0000] {logging_mixin.py:190} INFO - [2025-04-13T20:53:06.432+0000] {dag.py:3239} INFO - Sync 3 DAGs
[2025-04-13T20:53:06.574+0000] {logging_mixin.py:190} INFO - [2025-04-13T20:53:06.573+0000] {dag.py:4180} INFO - Setting next_dagrun for example_branch_datetime_operator to 2025-04-12 00:00:00+00:00, run_after=2025-04-13 00:00:00+00:00
[2025-04-13T20:53:06.584+0000] {logging_mixin.py:190} INFO - [2025-04-13T20:53:06.584+0000] {dag.py:4180} INFO - Setting next_dagrun for example_branch_datetime_operator_2 to 2025-04-12 00:00:00+00:00, run_after=2025-04-13 00:00:00+00:00
[2025-04-13T20:53:06.590+0000] {logging_mixin.py:190} INFO - [2025-04-13T20:53:06.589+0000] {dag.py:4180} INFO - Setting next_dagrun for example_branch_datetime_operator_3 to 2025-04-12 00:00:00+00:00, run_after=2025-04-13 00:00:00+00:00
[2025-04-13T20:53:06.638+0000] {processor.py:208} INFO - Processing /home/airflow/.local/lib/python3.12/site-packages/airflow/example_dags/example_branch_datetime_operator.py took 0.633 seconds
[2025-04-13T20:53:38.438+0000] {processor.py:186} INFO - Started process (PID=292) to work on /home/airflow/.local/lib/python3.12/site-packages/airflow/example_dags/example_branch_datetime_operator.py
[2025-04-13T20:53:38.441+0000] {processor.py:914} INFO - Processing file /home/airflow/.local/lib/python3.12/site-packages/airflow/example_dags/example_branch_datetime_operator.py for tasks to queue
[2025-04-13T20:53:38.566+0000] {logging_mixin.py:190} INFO - [2025-04-13T20:53:38.565+0000] {dagbag.py:588} INFO - Filling up the DagBag from /home/airflow/.local/lib/python3.12/site-packages/airflow/example_dags/example_branch_datetime_operator.py
[2025-04-13T20:53:38.668+0000] {processor.py:925} INFO - DAG(s) 'example_branch_datetime_operator_3', 'example_branch_datetime_operator', 'example_branch_datetime_operator_2' retrieved from /home/airflow/.local/lib/python3.12/site-packages/airflow/example_dags/example_branch_datetime_operator.py
[2025-04-13T20:53:38.768+0000] {logging_mixin.py:190} INFO - [2025-04-13T20:53:38.768+0000] {dag.py:3239} INFO - Sync 3 DAGs
[2025-04-13T20:53:38.838+0000] {logging_mixin.py:190} INFO - [2025-04-13T20:53:38.838+0000] {dag.py:4180} INFO - Setting next_dagrun for example_branch_datetime_operator to 2025-04-12 00:00:00+00:00, run_after=2025-04-13 00:00:00+00:00
[2025-04-13T20:53:38.864+0000] {logging_mixin.py:190} INFO - [2025-04-13T20:53:38.863+0000] {dag.py:4180} INFO - Setting next_dagrun for example_branch_datetime_operator_2 to 2025-04-12 00:00:00+00:00, run_after=2025-04-13 00:00:00+00:00
[2025-04-13T20:53:38.872+0000] {logging_mixin.py:190} INFO - [2025-04-13T20:53:38.872+0000] {dag.py:4180} INFO - Setting next_dagrun for example_branch_datetime_operator_3 to 2025-04-12 00:00:00+00:00, run_after=2025-04-13 00:00:00+00:00
[2025-04-13T20:53:38.939+0000] {processor.py:208} INFO - Processing /home/airflow/.local/lib/python3.12/site-packages/airflow/example_dags/example_branch_datetime_operator.py took 0.516 seconds
[2025-04-13T20:54:09.878+0000] {processor.py:186} INFO - Started process (PID=357) to work on /home/airflow/.local/lib/python3.12/site-packages/airflow/example_dags/example_branch_datetime_operator.py
[2025-04-13T20:54:09.880+0000] {processor.py:914} INFO - Processing file /home/airflow/.local/lib/python3.12/site-packages/airflow/example_dags/example_branch_datetime_operator.py for tasks to queue
[2025-04-13T20:54:09.889+0000] {logging_mixin.py:190} INFO - [2025-04-13T20:54:09.888+0000] {dagbag.py:588} INFO - Filling up the DagBag from /home/airflow/.local/lib/python3.12/site-packages/airflow/example_dags/example_branch_datetime_operator.py
[2025-04-13T20:54:09.942+0000] {processor.py:925} INFO - DAG(s) 'example_branch_datetime_operator_2', 'example_branch_datetime_operator', 'example_branch_datetime_operator_3' retrieved from /home/airflow/.local/lib/python3.12/site-packages/airflow/example_dags/example_branch_datetime_operator.py
[2025-04-13T20:54:10.109+0000] {logging_mixin.py:190} INFO - [2025-04-13T20:54:10.109+0000] {dag.py:3239} INFO - Sync 3 DAGs
[2025-04-13T20:54:10.232+0000] {logging_mixin.py:190} INFO - [2025-04-13T20:54:10.221+0000] {dag.py:4180} INFO - Setting next_dagrun for example_branch_datetime_operator to 2025-04-12 00:00:00+00:00, run_after=2025-04-13 00:00:00+00:00
[2025-04-13T20:54:10.254+0000] {logging_mixin.py:190} INFO - [2025-04-13T20:54:10.254+0000] {dag.py:4180} INFO - Setting next_dagrun for example_branch_datetime_operator_2 to 2025-04-12 00:00:00+00:00, run_after=2025-04-13 00:00:00+00:00
[2025-04-13T20:54:10.266+0000] {logging_mixin.py:190} INFO - [2025-04-13T20:54:10.265+0000] {dag.py:4180} INFO - Setting next_dagrun for example_branch_datetime_operator_3 to 2025-04-12 00:00:00+00:00, run_after=2025-04-13 00:00:00+00:00
[2025-04-13T20:54:10.299+0000] {processor.py:208} INFO - Processing /home/airflow/.local/lib/python3.12/site-packages/airflow/example_dags/example_branch_datetime_operator.py took 0.461 seconds
[2025-04-13T20:54:42.239+0000] {processor.py:186} INFO - Started process (PID=420) to work on /home/airflow/.local/lib/python3.12/site-packages/airflow/example_dags/example_branch_datetime_operator.py
[2025-04-13T20:54:42.248+0000] {processor.py:914} INFO - Processing file /home/airflow/.local/lib/python3.12/site-packages/airflow/example_dags/example_branch_datetime_operator.py for tasks to queue
[2025-04-13T20:54:42.275+0000] {logging_mixin.py:190} INFO - [2025-04-13T20:54:42.275+0000] {dagbag.py:588} INFO - Filling up the DagBag from /home/airflow/.local/lib/python3.12/site-packages/airflow/example_dags/example_branch_datetime_operator.py
[2025-04-13T20:54:42.312+0000] {processor.py:925} INFO - DAG(s) 'example_branch_datetime_operator_2', 'example_branch_datetime_operator_3', 'example_branch_datetime_operator' retrieved from /home/airflow/.local/lib/python3.12/site-packages/airflow/example_dags/example_branch_datetime_operator.py
[2025-04-13T20:54:42.439+0000] {logging_mixin.py:190} INFO - [2025-04-13T20:54:42.437+0000] {dag.py:3239} INFO - Sync 3 DAGs
[2025-04-13T20:54:42.534+0000] {logging_mixin.py:190} INFO - [2025-04-13T20:54:42.533+0000] {dag.py:4180} INFO - Setting next_dagrun for example_branch_datetime_operator to 2025-04-12 00:00:00+00:00, run_after=2025-04-13 00:00:00+00:00
[2025-04-13T20:54:42.554+0000] {logging_mixin.py:190} INFO - [2025-04-13T20:54:42.554+0000] {dag.py:4180} INFO - Setting next_dagrun for example_branch_datetime_operator_2 to 2025-04-12 00:00:00+00:00, run_after=2025-04-13 00:00:00+00:00
[2025-04-13T20:54:42.579+0000] {logging_mixin.py:190} INFO - [2025-04-13T20:54:42.579+0000] {dag.py:4180} INFO - Setting next_dagrun for example_branch_datetime_operator_3 to 2025-04-12 00:00:00+00:00, run_after=2025-04-13 00:00:00+00:00
[2025-04-13T20:54:42.653+0000] {processor.py:208} INFO - Processing /home/airflow/.local/lib/python3.12/site-packages/airflow/example_dags/example_branch_datetime_operator.py took 0.429 seconds
[2025-04-13T20:55:15.063+0000] {processor.py:186} INFO - Started process (PID=483) to work on /home/airflow/.local/lib/python3.12/site-packages/airflow/example_dags/example_branch_datetime_operator.py
[2025-04-13T20:55:15.067+0000] {processor.py:914} INFO - Processing file /home/airflow/.local/lib/python3.12/site-packages/airflow/example_dags/example_branch_datetime_operator.py for tasks to queue
[2025-04-13T20:55:15.071+0000] {logging_mixin.py:190} INFO - [2025-04-13T20:55:15.070+0000] {dagbag.py:588} INFO - Filling up the DagBag from /home/airflow/.local/lib/python3.12/site-packages/airflow/example_dags/example_branch_datetime_operator.py
[2025-04-13T20:55:15.107+0000] {processor.py:925} INFO - DAG(s) 'example_branch_datetime_operator', 'example_branch_datetime_operator_3', 'example_branch_datetime_operator_2' retrieved from /home/airflow/.local/lib/python3.12/site-packages/airflow/example_dags/example_branch_datetime_operator.py
[2025-04-13T20:55:15.186+0000] {logging_mixin.py:190} INFO - [2025-04-13T20:55:15.185+0000] {dag.py:3239} INFO - Sync 3 DAGs
[2025-04-13T20:55:15.279+0000] {logging_mixin.py:190} INFO - [2025-04-13T20:55:15.278+0000] {dag.py:4180} INFO - Setting next_dagrun for example_branch_datetime_operator to 2025-04-12 00:00:00+00:00, run_after=2025-04-13 00:00:00+00:00
[2025-04-13T20:55:15.302+0000] {logging_mixin.py:190} INFO - [2025-04-13T20:55:15.302+0000] {dag.py:4180} INFO - Setting next_dagrun for example_branch_datetime_operator_2 to 2025-04-12 00:00:00+00:00, run_after=2025-04-13 00:00:00+00:00
[2025-04-13T20:55:15.349+0000] {logging_mixin.py:190} INFO - [2025-04-13T20:55:15.339+0000] {dag.py:4180} INFO - Setting next_dagrun for example_branch_datetime_operator_3 to 2025-04-12 00:00:00+00:00, run_after=2025-04-13 00:00:00+00:00
[2025-04-13T20:55:15.445+0000] {processor.py:208} INFO - Processing /home/airflow/.local/lib/python3.12/site-packages/airflow/example_dags/example_branch_datetime_operator.py took 0.393 seconds
[2025-04-13T20:55:47.351+0000] {processor.py:186} INFO - Started process (PID=547) to work on /home/airflow/.local/lib/python3.12/site-packages/airflow/example_dags/example_branch_datetime_operator.py
[2025-04-13T20:55:47.355+0000] {processor.py:914} INFO - Processing file /home/airflow/.local/lib/python3.12/site-packages/airflow/example_dags/example_branch_datetime_operator.py for tasks to queue
[2025-04-13T20:55:47.370+0000] {logging_mixin.py:190} INFO - [2025-04-13T20:55:47.370+0000] {dagbag.py:588} INFO - Filling up the DagBag from /home/airflow/.local/lib/python3.12/site-packages/airflow/example_dags/example_branch_datetime_operator.py
[2025-04-13T20:55:47.435+0000] {processor.py:925} INFO - DAG(s) 'example_branch_datetime_operator', 'example_branch_datetime_operator_2', 'example_branch_datetime_operator_3' retrieved from /home/airflow/.local/lib/python3.12/site-packages/airflow/example_dags/example_branch_datetime_operator.py
[2025-04-13T20:55:47.633+0000] {logging_mixin.py:190} INFO - [2025-04-13T20:55:47.630+0000] {dag.py:3239} INFO - Sync 3 DAGs
[2025-04-13T20:55:47.736+0000] {logging_mixin.py:190} INFO - [2025-04-13T20:55:47.736+0000] {dag.py:4180} INFO - Setting next_dagrun for example_branch_datetime_operator to 2025-04-12 00:00:00+00:00, run_after=2025-04-13 00:00:00+00:00
[2025-04-13T20:55:47.747+0000] {logging_mixin.py:190} INFO - [2025-04-13T20:55:47.747+0000] {dag.py:4180} INFO - Setting next_dagrun for example_branch_datetime_operator_2 to 2025-04-12 00:00:00+00:00, run_after=2025-04-13 00:00:00+00:00
[2025-04-13T20:55:47.755+0000] {logging_mixin.py:190} INFO - [2025-04-13T20:55:47.754+0000] {dag.py:4180} INFO - Setting next_dagrun for example_branch_datetime_operator_3 to 2025-04-12 00:00:00+00:00, run_after=2025-04-13 00:00:00+00:00
[2025-04-13T20:55:47.899+0000] {processor.py:208} INFO - Processing /home/airflow/.local/lib/python3.12/site-packages/airflow/example_dags/example_branch_datetime_operator.py took 0.579 seconds
[2025-04-13T20:56:18.401+0000] {processor.py:186} INFO - Started process (PID=610) to work on /home/airflow/.local/lib/python3.12/site-packages/airflow/example_dags/example_branch_datetime_operator.py
[2025-04-13T20:56:18.404+0000] {processor.py:914} INFO - Processing file /home/airflow/.local/lib/python3.12/site-packages/airflow/example_dags/example_branch_datetime_operator.py for tasks to queue
[2025-04-13T20:56:18.410+0000] {logging_mixin.py:190} INFO - [2025-04-13T20:56:18.410+0000] {dagbag.py:588} INFO - Filling up the DagBag from /home/airflow/.local/lib/python3.12/site-packages/airflow/example_dags/example_branch_datetime_operator.py
[2025-04-13T20:56:18.459+0000] {processor.py:925} INFO - DAG(s) 'example_branch_datetime_operator_3', 'example_branch_datetime_operator_2', 'example_branch_datetime_operator' retrieved from /home/airflow/.local/lib/python3.12/site-packages/airflow/example_dags/example_branch_datetime_operator.py
[2025-04-13T20:56:18.660+0000] {logging_mixin.py:190} INFO - [2025-04-13T20:56:18.659+0000] {dag.py:3239} INFO - Sync 3 DAGs
[2025-04-13T20:56:19.377+0000] {logging_mixin.py:190} INFO - [2025-04-13T20:56:19.376+0000] {dag.py:4180} INFO - Setting next_dagrun for example_branch_datetime_operator to 2025-04-12 00:00:00+00:00, run_after=2025-04-13 00:00:00+00:00
[2025-04-13T20:56:19.495+0000] {logging_mixin.py:190} INFO - [2025-04-13T20:56:19.492+0000] {dag.py:4180} INFO - Setting next_dagrun for example_branch_datetime_operator_2 to 2025-04-12 00:00:00+00:00, run_after=2025-04-13 00:00:00+00:00
[2025-04-13T20:56:19.625+0000] {logging_mixin.py:190} INFO - [2025-04-13T20:56:19.624+0000] {dag.py:4180} INFO - Setting next_dagrun for example_branch_datetime_operator_3 to 2025-04-12 00:00:00+00:00, run_after=2025-04-13 00:00:00+00:00
[2025-04-13T20:56:20.140+0000] {processor.py:208} INFO - Processing /home/airflow/.local/lib/python3.12/site-packages/airflow/example_dags/example_branch_datetime_operator.py took 1.766 seconds
[2025-04-13T20:56:50.633+0000] {processor.py:186} INFO - Started process (PID=674) to work on /home/airflow/.local/lib/python3.12/site-packages/airflow/example_dags/example_branch_datetime_operator.py
[2025-04-13T20:56:50.638+0000] {processor.py:914} INFO - Processing file /home/airflow/.local/lib/python3.12/site-packages/airflow/example_dags/example_branch_datetime_operator.py for tasks to queue
[2025-04-13T20:56:50.652+0000] {logging_mixin.py:190} INFO - [2025-04-13T20:56:50.651+0000] {dagbag.py:588} INFO - Filling up the DagBag from /home/airflow/.local/lib/python3.12/site-packages/airflow/example_dags/example_branch_datetime_operator.py
[2025-04-13T20:56:50.745+0000] {processor.py:925} INFO - DAG(s) 'example_branch_datetime_operator', 'example_branch_datetime_operator_2', 'example_branch_datetime_operator_3' retrieved from /home/airflow/.local/lib/python3.12/site-packages/airflow/example_dags/example_branch_datetime_operator.py
[2025-04-13T20:56:50.891+0000] {logging_mixin.py:190} INFO - [2025-04-13T20:56:50.889+0000] {dag.py:3239} INFO - Sync 3 DAGs
[2025-04-13T20:56:51.091+0000] {logging_mixin.py:190} INFO - [2025-04-13T20:56:51.091+0000] {dag.py:4180} INFO - Setting next_dagrun for example_branch_datetime_operator to 2025-04-12 00:00:00+00:00, run_after=2025-04-13 00:00:00+00:00
[2025-04-13T20:56:51.136+0000] {logging_mixin.py:190} INFO - [2025-04-13T20:56:51.136+0000] {dag.py:4180} INFO - Setting next_dagrun for example_branch_datetime_operator_2 to 2025-04-12 00:00:00+00:00, run_after=2025-04-13 00:00:00+00:00
[2025-04-13T20:56:51.144+0000] {logging_mixin.py:190} INFO - [2025-04-13T20:56:51.144+0000] {dag.py:4180} INFO - Setting next_dagrun for example_branch_datetime_operator_3 to 2025-04-12 00:00:00+00:00, run_after=2025-04-13 00:00:00+00:00
[2025-04-13T20:56:51.203+0000] {processor.py:208} INFO - Processing /home/airflow/.local/lib/python3.12/site-packages/airflow/example_dags/example_branch_datetime_operator.py took 0.701 seconds
[2025-04-13T20:57:21.941+0000] {processor.py:186} INFO - Started process (PID=743) to work on /home/airflow/.local/lib/python3.12/site-packages/airflow/example_dags/example_branch_datetime_operator.py
[2025-04-13T20:57:21.944+0000] {processor.py:914} INFO - Processing file /home/airflow/.local/lib/python3.12/site-packages/airflow/example_dags/example_branch_datetime_operator.py for tasks to queue
[2025-04-13T20:57:21.948+0000] {logging_mixin.py:190} INFO - [2025-04-13T20:57:21.948+0000] {dagbag.py:588} INFO - Filling up the DagBag from /home/airflow/.local/lib/python3.12/site-packages/airflow/example_dags/example_branch_datetime_operator.py
[2025-04-13T20:57:21.982+0000] {processor.py:925} INFO - DAG(s) 'example_branch_datetime_operator_2', 'example_branch_datetime_operator', 'example_branch_datetime_operator_3' retrieved from /home/airflow/.local/lib/python3.12/site-packages/airflow/example_dags/example_branch_datetime_operator.py
[2025-04-13T20:57:22.155+0000] {logging_mixin.py:190} INFO - [2025-04-13T20:57:22.155+0000] {dag.py:3239} INFO - Sync 3 DAGs
[2025-04-13T20:57:22.240+0000] {logging_mixin.py:190} INFO - [2025-04-13T20:57:22.237+0000] {dag.py:4180} INFO - Setting next_dagrun for example_branch_datetime_operator to 2025-04-12 00:00:00+00:00, run_after=2025-04-13 00:00:00+00:00
[2025-04-13T20:57:22.294+0000] {logging_mixin.py:190} INFO - [2025-04-13T20:57:22.293+0000] {dag.py:4180} INFO - Setting next_dagrun for example_branch_datetime_operator_2 to 2025-04-12 00:00:00+00:00, run_after=2025-04-13 00:00:00+00:00
[2025-04-13T20:57:22.307+0000] {logging_mixin.py:190} INFO - [2025-04-13T20:57:22.306+0000] {dag.py:4180} INFO - Setting next_dagrun for example_branch_datetime_operator_3 to 2025-04-12 00:00:00+00:00, run_after=2025-04-13 00:00:00+00:00
[2025-04-13T20:57:22.391+0000] {processor.py:208} INFO - Processing /home/airflow/.local/lib/python3.12/site-packages/airflow/example_dags/example_branch_datetime_operator.py took 0.465 seconds
[2025-04-13T20:57:52.583+0000] {processor.py:186} INFO - Started process (PID=808) to work on /home/airflow/.local/lib/python3.12/site-packages/airflow/example_dags/example_branch_datetime_operator.py
[2025-04-13T20:57:52.585+0000] {processor.py:914} INFO - Processing file /home/airflow/.local/lib/python3.12/site-packages/airflow/example_dags/example_branch_datetime_operator.py for tasks to queue
[2025-04-13T20:57:52.591+0000] {logging_mixin.py:190} INFO - [2025-04-13T20:57:52.589+0000] {dagbag.py:588} INFO - Filling up the DagBag from /home/airflow/.local/lib/python3.12/site-packages/airflow/example_dags/example_branch_datetime_operator.py
[2025-04-13T20:57:52.709+0000] {processor.py:925} INFO - DAG(s) 'example_branch_datetime_operator_2', 'example_branch_datetime_operator', 'example_branch_datetime_operator_3' retrieved from /home/airflow/.local/lib/python3.12/site-packages/airflow/example_dags/example_branch_datetime_operator.py
[2025-04-13T20:57:52.814+0000] {logging_mixin.py:190} INFO - [2025-04-13T20:57:52.813+0000] {dag.py:3239} INFO - Sync 3 DAGs
[2025-04-13T20:57:52.890+0000] {logging_mixin.py:190} INFO - [2025-04-13T20:57:52.890+0000] {dag.py:4180} INFO - Setting next_dagrun for example_branch_datetime_operator to 2025-04-12 00:00:00+00:00, run_after=2025-04-13 00:00:00+00:00
[2025-04-13T20:57:52.900+0000] {logging_mixin.py:190} INFO - [2025-04-13T20:57:52.899+0000] {dag.py:4180} INFO - Setting next_dagrun for example_branch_datetime_operator_2 to 2025-04-12 00:00:00+00:00, run_after=2025-04-13 00:00:00+00:00
[2025-04-13T20:57:52.907+0000] {logging_mixin.py:190} INFO - [2025-04-13T20:57:52.907+0000] {dag.py:4180} INFO - Setting next_dagrun for example_branch_datetime_operator_3 to 2025-04-12 00:00:00+00:00, run_after=2025-04-13 00:00:00+00:00
[2025-04-13T20:57:52.950+0000] {processor.py:208} INFO - Processing /home/airflow/.local/lib/python3.12/site-packages/airflow/example_dags/example_branch_datetime_operator.py took 0.385 seconds
[2025-04-13T20:58:23.492+0000] {processor.py:186} INFO - Started process (PID=872) to work on /home/airflow/.local/lib/python3.12/site-packages/airflow/example_dags/example_branch_datetime_operator.py
[2025-04-13T20:58:23.509+0000] {processor.py:914} INFO - Processing file /home/airflow/.local/lib/python3.12/site-packages/airflow/example_dags/example_branch_datetime_operator.py for tasks to queue
[2025-04-13T20:58:23.521+0000] {logging_mixin.py:190} INFO - [2025-04-13T20:58:23.520+0000] {dagbag.py:588} INFO - Filling up the DagBag from /home/airflow/.local/lib/python3.12/site-packages/airflow/example_dags/example_branch_datetime_operator.py
[2025-04-13T20:58:23.568+0000] {processor.py:925} INFO - DAG(s) 'example_branch_datetime_operator_2', 'example_branch_datetime_operator', 'example_branch_datetime_operator_3' retrieved from /home/airflow/.local/lib/python3.12/site-packages/airflow/example_dags/example_branch_datetime_operator.py
[2025-04-13T20:58:23.838+0000] {logging_mixin.py:190} INFO - [2025-04-13T20:58:23.836+0000] {dag.py:3239} INFO - Sync 3 DAGs
[2025-04-13T20:58:23.924+0000] {logging_mixin.py:190} INFO - [2025-04-13T20:58:23.924+0000] {dag.py:4180} INFO - Setting next_dagrun for example_branch_datetime_operator to 2025-04-12 00:00:00+00:00, run_after=2025-04-13 00:00:00+00:00
[2025-04-13T20:58:23.939+0000] {logging_mixin.py:190} INFO - [2025-04-13T20:58:23.939+0000] {dag.py:4180} INFO - Setting next_dagrun for example_branch_datetime_operator_2 to 2025-04-12 00:00:00+00:00, run_after=2025-04-13 00:00:00+00:00
[2025-04-13T20:58:23.947+0000] {logging_mixin.py:190} INFO - [2025-04-13T20:58:23.946+0000] {dag.py:4180} INFO - Setting next_dagrun for example_branch_datetime_operator_3 to 2025-04-12 00:00:00+00:00, run_after=2025-04-13 00:00:00+00:00
[2025-04-13T20:58:24.004+0000] {processor.py:208} INFO - Processing /home/airflow/.local/lib/python3.12/site-packages/airflow/example_dags/example_branch_datetime_operator.py took 0.541 seconds
[2025-04-13T20:58:54.772+0000] {processor.py:186} INFO - Started process (PID=935) to work on /home/airflow/.local/lib/python3.12/site-packages/airflow/example_dags/example_branch_datetime_operator.py
[2025-04-13T20:58:54.775+0000] {processor.py:914} INFO - Processing file /home/airflow/.local/lib/python3.12/site-packages/airflow/example_dags/example_branch_datetime_operator.py for tasks to queue
[2025-04-13T20:58:54.780+0000] {logging_mixin.py:190} INFO - [2025-04-13T20:58:54.779+0000] {dagbag.py:588} INFO - Filling up the DagBag from /home/airflow/.local/lib/python3.12/site-packages/airflow/example_dags/example_branch_datetime_operator.py
[2025-04-13T20:58:54.805+0000] {processor.py:925} INFO - DAG(s) 'example_branch_datetime_operator_3', 'example_branch_datetime_operator', 'example_branch_datetime_operator_2' retrieved from /home/airflow/.local/lib/python3.12/site-packages/airflow/example_dags/example_branch_datetime_operator.py
[2025-04-13T20:58:54.875+0000] {logging_mixin.py:190} INFO - [2025-04-13T20:58:54.875+0000] {dag.py:3239} INFO - Sync 3 DAGs
[2025-04-13T20:58:54.958+0000] {logging_mixin.py:190} INFO - [2025-04-13T20:58:54.957+0000] {dag.py:4180} INFO - Setting next_dagrun for example_branch_datetime_operator to 2025-04-12 00:00:00+00:00, run_after=2025-04-13 00:00:00+00:00
[2025-04-13T20:58:54.969+0000] {logging_mixin.py:190} INFO - [2025-04-13T20:58:54.969+0000] {dag.py:4180} INFO - Setting next_dagrun for example_branch_datetime_operator_2 to 2025-04-12 00:00:00+00:00, run_after=2025-04-13 00:00:00+00:00
[2025-04-13T20:58:54.977+0000] {logging_mixin.py:190} INFO - [2025-04-13T20:58:54.977+0000] {dag.py:4180} INFO - Setting next_dagrun for example_branch_datetime_operator_3 to 2025-04-12 00:00:00+00:00, run_after=2025-04-13 00:00:00+00:00
[2025-04-13T20:58:55.025+0000] {processor.py:208} INFO - Processing /home/airflow/.local/lib/python3.12/site-packages/airflow/example_dags/example_branch_datetime_operator.py took 0.269 seconds
[2025-04-13T20:59:25.487+0000] {processor.py:186} INFO - Started process (PID=999) to work on /home/airflow/.local/lib/python3.12/site-packages/airflow/example_dags/example_branch_datetime_operator.py
[2025-04-13T20:59:25.489+0000] {processor.py:914} INFO - Processing file /home/airflow/.local/lib/python3.12/site-packages/airflow/example_dags/example_branch_datetime_operator.py for tasks to queue
[2025-04-13T20:59:25.499+0000] {logging_mixin.py:190} INFO - [2025-04-13T20:59:25.498+0000] {dagbag.py:588} INFO - Filling up the DagBag from /home/airflow/.local/lib/python3.12/site-packages/airflow/example_dags/example_branch_datetime_operator.py
[2025-04-13T20:59:25.546+0000] {processor.py:925} INFO - DAG(s) 'example_branch_datetime_operator', 'example_branch_datetime_operator_3', 'example_branch_datetime_operator_2' retrieved from /home/airflow/.local/lib/python3.12/site-packages/airflow/example_dags/example_branch_datetime_operator.py
[2025-04-13T20:59:25.683+0000] {logging_mixin.py:190} INFO - [2025-04-13T20:59:25.682+0000] {dag.py:3239} INFO - Sync 3 DAGs
[2025-04-13T20:59:25.768+0000] {logging_mixin.py:190} INFO - [2025-04-13T20:59:25.768+0000] {dag.py:4180} INFO - Setting next_dagrun for example_branch_datetime_operator to 2025-04-12 00:00:00+00:00, run_after=2025-04-13 00:00:00+00:00
[2025-04-13T20:59:25.818+0000] {logging_mixin.py:190} INFO - [2025-04-13T20:59:25.817+0000] {dag.py:4180} INFO - Setting next_dagrun for example_branch_datetime_operator_2 to 2025-04-12 00:00:00+00:00, run_after=2025-04-13 00:00:00+00:00
[2025-04-13T20:59:25.853+0000] {logging_mixin.py:190} INFO - [2025-04-13T20:59:25.852+0000] {dag.py:4180} INFO - Setting next_dagrun for example_branch_datetime_operator_3 to 2025-04-12 00:00:00+00:00, run_after=2025-04-13 00:00:00+00:00
[2025-04-13T20:59:25.937+0000] {processor.py:208} INFO - Processing /home/airflow/.local/lib/python3.12/site-packages/airflow/example_dags/example_branch_datetime_operator.py took 0.465 seconds
[2025-04-13T20:59:57.027+0000] {processor.py:186} INFO - Started process (PID=1063) to work on /home/airflow/.local/lib/python3.12/site-packages/airflow/example_dags/example_branch_datetime_operator.py
[2025-04-13T20:59:57.031+0000] {processor.py:914} INFO - Processing file /home/airflow/.local/lib/python3.12/site-packages/airflow/example_dags/example_branch_datetime_operator.py for tasks to queue
[2025-04-13T20:59:57.120+0000] {logging_mixin.py:190} INFO - [2025-04-13T20:59:57.119+0000] {dagbag.py:588} INFO - Filling up the DagBag from /home/airflow/.local/lib/python3.12/site-packages/airflow/example_dags/example_branch_datetime_operator.py
[2025-04-13T20:59:57.241+0000] {processor.py:925} INFO - DAG(s) 'example_branch_datetime_operator_3', 'example_branch_datetime_operator_2', 'example_branch_datetime_operator' retrieved from /home/airflow/.local/lib/python3.12/site-packages/airflow/example_dags/example_branch_datetime_operator.py
[2025-04-13T20:59:57.477+0000] {logging_mixin.py:190} INFO - [2025-04-13T20:59:57.476+0000] {dag.py:3239} INFO - Sync 3 DAGs
[2025-04-13T20:59:58.590+0000] {logging_mixin.py:190} INFO - [2025-04-13T20:59:58.589+0000] {dag.py:4180} INFO - Setting next_dagrun for example_branch_datetime_operator to 2025-04-12 00:00:00+00:00, run_after=2025-04-13 00:00:00+00:00
[2025-04-13T20:59:58.640+0000] {logging_mixin.py:190} INFO - [2025-04-13T20:59:58.635+0000] {dag.py:4180} INFO - Setting next_dagrun for example_branch_datetime_operator_2 to 2025-04-12 00:00:00+00:00, run_after=2025-04-13 00:00:00+00:00
[2025-04-13T20:59:58.842+0000] {logging_mixin.py:190} INFO - [2025-04-13T20:59:58.841+0000] {dag.py:4180} INFO - Setting next_dagrun for example_branch_datetime_operator_3 to 2025-04-12 00:00:00+00:00, run_after=2025-04-13 00:00:00+00:00
[2025-04-13T20:59:59.004+0000] {processor.py:208} INFO - Processing /home/airflow/.local/lib/python3.12/site-packages/airflow/example_dags/example_branch_datetime_operator.py took 2.096 seconds
[2025-04-13T21:00:29.710+0000] {processor.py:186} INFO - Started process (PID=1126) to work on /home/airflow/.local/lib/python3.12/site-packages/airflow/example_dags/example_branch_datetime_operator.py
[2025-04-13T21:00:29.712+0000] {processor.py:914} INFO - Processing file /home/airflow/.local/lib/python3.12/site-packages/airflow/example_dags/example_branch_datetime_operator.py for tasks to queue
[2025-04-13T21:00:29.716+0000] {logging_mixin.py:190} INFO - [2025-04-13T21:00:29.715+0000] {dagbag.py:588} INFO - Filling up the DagBag from /home/airflow/.local/lib/python3.12/site-packages/airflow/example_dags/example_branch_datetime_operator.py
[2025-04-13T21:00:29.739+0000] {processor.py:925} INFO - DAG(s) 'example_branch_datetime_operator_2', 'example_branch_datetime_operator', 'example_branch_datetime_operator_3' retrieved from /home/airflow/.local/lib/python3.12/site-packages/airflow/example_dags/example_branch_datetime_operator.py
[2025-04-13T21:00:29.819+0000] {logging_mixin.py:190} INFO - [2025-04-13T21:00:29.819+0000] {dag.py:3239} INFO - Sync 3 DAGs
[2025-04-13T21:00:30.098+0000] {logging_mixin.py:190} INFO - [2025-04-13T21:00:30.098+0000] {dag.py:4180} INFO - Setting next_dagrun for example_branch_datetime_operator to 2025-04-12 00:00:00+00:00, run_after=2025-04-13 00:00:00+00:00
[2025-04-13T21:00:30.122+0000] {logging_mixin.py:190} INFO - [2025-04-13T21:00:30.121+0000] {dag.py:4180} INFO - Setting next_dagrun for example_branch_datetime_operator_2 to 2025-04-12 00:00:00+00:00, run_after=2025-04-13 00:00:00+00:00
[2025-04-13T21:00:30.128+0000] {logging_mixin.py:190} INFO - [2025-04-13T21:00:30.127+0000] {dag.py:4180} INFO - Setting next_dagrun for example_branch_datetime_operator_3 to 2025-04-12 00:00:00+00:00, run_after=2025-04-13 00:00:00+00:00
[2025-04-13T21:00:30.171+0000] {processor.py:208} INFO - Processing /home/airflow/.local/lib/python3.12/site-packages/airflow/example_dags/example_branch_datetime_operator.py took 0.480 seconds
[2025-04-13T21:01:01.393+0000] {processor.py:186} INFO - Started process (PID=1189) to work on /home/airflow/.local/lib/python3.12/site-packages/airflow/example_dags/example_branch_datetime_operator.py
[2025-04-13T21:01:01.400+0000] {processor.py:914} INFO - Processing file /home/airflow/.local/lib/python3.12/site-packages/airflow/example_dags/example_branch_datetime_operator.py for tasks to queue
[2025-04-13T21:01:01.412+0000] {logging_mixin.py:190} INFO - [2025-04-13T21:01:01.412+0000] {dagbag.py:588} INFO - Filling up the DagBag from /home/airflow/.local/lib/python3.12/site-packages/airflow/example_dags/example_branch_datetime_operator.py
[2025-04-13T21:01:01.557+0000] {processor.py:925} INFO - DAG(s) 'example_branch_datetime_operator_2', 'example_branch_datetime_operator_3', 'example_branch_datetime_operator' retrieved from /home/airflow/.local/lib/python3.12/site-packages/airflow/example_dags/example_branch_datetime_operator.py
[2025-04-13T21:01:01.792+0000] {logging_mixin.py:190} INFO - [2025-04-13T21:01:01.791+0000] {dag.py:3239} INFO - Sync 3 DAGs
[2025-04-13T21:01:01.928+0000] {logging_mixin.py:190} INFO - [2025-04-13T21:01:01.928+0000] {dag.py:4180} INFO - Setting next_dagrun for example_branch_datetime_operator to 2025-04-12 00:00:00+00:00, run_after=2025-04-13 00:00:00+00:00
[2025-04-13T21:01:01.953+0000] {logging_mixin.py:190} INFO - [2025-04-13T21:01:01.953+0000] {dag.py:4180} INFO - Setting next_dagrun for example_branch_datetime_operator_2 to 2025-04-12 00:00:00+00:00, run_after=2025-04-13 00:00:00+00:00
[2025-04-13T21:01:02.026+0000] {logging_mixin.py:190} INFO - [2025-04-13T21:01:02.025+0000] {dag.py:4180} INFO - Setting next_dagrun for example_branch_datetime_operator_3 to 2025-04-12 00:00:00+00:00, run_after=2025-04-13 00:00:00+00:00
[2025-04-13T21:01:02.181+0000] {processor.py:208} INFO - Processing /home/airflow/.local/lib/python3.12/site-packages/airflow/example_dags/example_branch_datetime_operator.py took 0.830 seconds
[2025-04-13T21:27:19.789+0000] {processor.py:186} INFO - Started process (PID=180) to work on /home/airflow/.local/lib/python3.12/site-packages/airflow/example_dags/example_branch_datetime_operator.py
[2025-04-13T21:27:19.796+0000] {processor.py:914} INFO - Processing file /home/airflow/.local/lib/python3.12/site-packages/airflow/example_dags/example_branch_datetime_operator.py for tasks to queue
[2025-04-13T21:27:19.814+0000] {logging_mixin.py:190} INFO - [2025-04-13T21:27:19.800+0000] {dagbag.py:588} INFO - Filling up the DagBag from /home/airflow/.local/lib/python3.12/site-packages/airflow/example_dags/example_branch_datetime_operator.py
[2025-04-13T21:27:20.739+0000] {processor.py:925} INFO - DAG(s) 'example_branch_datetime_operator', 'example_branch_datetime_operator_3', 'example_branch_datetime_operator_2' retrieved from /home/airflow/.local/lib/python3.12/site-packages/airflow/example_dags/example_branch_datetime_operator.py
[2025-04-13T21:27:22.466+0000] {logging_mixin.py:190} INFO - [2025-04-13T21:27:22.465+0000] {dag.py:3239} INFO - Sync 3 DAGs
[2025-04-13T21:27:25.152+0000] {logging_mixin.py:190} INFO - [2025-04-13T21:27:25.150+0000] {dag.py:4180} INFO - Setting next_dagrun for example_branch_datetime_operator to 2025-04-12 00:00:00+00:00, run_after=2025-04-13 00:00:00+00:00
[2025-04-13T21:27:26.151+0000] {logging_mixin.py:190} INFO - [2025-04-13T21:27:26.151+0000] {dag.py:4180} INFO - Setting next_dagrun for example_branch_datetime_operator_2 to 2025-04-12 00:00:00+00:00, run_after=2025-04-13 00:00:00+00:00
[2025-04-13T21:27:26.904+0000] {logging_mixin.py:190} INFO - [2025-04-13T21:27:26.903+0000] {dag.py:4180} INFO - Setting next_dagrun for example_branch_datetime_operator_3 to 2025-04-12 00:00:00+00:00, run_after=2025-04-13 00:00:00+00:00
[2025-04-13T21:27:27.800+0000] {processor.py:208} INFO - Processing /home/airflow/.local/lib/python3.12/site-packages/airflow/example_dags/example_branch_datetime_operator.py took 8.404 seconds
[2025-04-13T21:32:14.061+0000] {processor.py:186} INFO - Started process (PID=290) to work on /home/airflow/.local/lib/python3.12/site-packages/airflow/example_dags/example_branch_datetime_operator.py
[2025-04-13T21:32:14.171+0000] {processor.py:914} INFO - Processing file /home/airflow/.local/lib/python3.12/site-packages/airflow/example_dags/example_branch_datetime_operator.py for tasks to queue
[2025-04-13T21:32:14.221+0000] {logging_mixin.py:190} INFO - [2025-04-13T21:32:14.216+0000] {dagbag.py:588} INFO - Filling up the DagBag from /home/airflow/.local/lib/python3.12/site-packages/airflow/example_dags/example_branch_datetime_operator.py
[2025-04-13T21:32:14.622+0000] {processor.py:925} INFO - DAG(s) 'example_branch_datetime_operator', 'example_branch_datetime_operator_3', 'example_branch_datetime_operator_2' retrieved from /home/airflow/.local/lib/python3.12/site-packages/airflow/example_dags/example_branch_datetime_operator.py
[2025-04-13T21:32:16.243+0000] {logging_mixin.py:190} INFO - [2025-04-13T21:32:16.242+0000] {dag.py:3239} INFO - Sync 3 DAGs
[2025-04-13T21:32:18.076+0000] {logging_mixin.py:190} INFO - [2025-04-13T21:32:18.040+0000] {dag.py:4180} INFO - Setting next_dagrun for example_branch_datetime_operator to 2025-04-12 00:00:00+00:00, run_after=2025-04-13 00:00:00+00:00
[2025-04-13T21:32:18.674+0000] {logging_mixin.py:190} INFO - [2025-04-13T21:32:18.471+0000] {dag.py:4180} INFO - Setting next_dagrun for example_branch_datetime_operator_2 to 2025-04-12 00:00:00+00:00, run_after=2025-04-13 00:00:00+00:00
[2025-04-13T21:32:19.220+0000] {logging_mixin.py:190} INFO - [2025-04-13T21:32:19.219+0000] {dag.py:4180} INFO - Setting next_dagrun for example_branch_datetime_operator_3 to 2025-04-12 00:00:00+00:00, run_after=2025-04-13 00:00:00+00:00
[2025-04-13T21:32:20.028+0000] {processor.py:208} INFO - Processing /home/airflow/.local/lib/python3.12/site-packages/airflow/example_dags/example_branch_datetime_operator.py took 6.167 seconds
[2025-04-13T21:36:01.671+0000] {processor.py:186} INFO - Started process (PID=377) to work on /home/airflow/.local/lib/python3.12/site-packages/airflow/example_dags/example_branch_datetime_operator.py
[2025-04-13T21:36:01.709+0000] {processor.py:914} INFO - Processing file /home/airflow/.local/lib/python3.12/site-packages/airflow/example_dags/example_branch_datetime_operator.py for tasks to queue
[2025-04-13T21:36:01.727+0000] {logging_mixin.py:190} INFO - [2025-04-13T21:36:01.714+0000] {dagbag.py:588} INFO - Filling up the DagBag from /home/airflow/.local/lib/python3.12/site-packages/airflow/example_dags/example_branch_datetime_operator.py
[2025-04-13T21:36:02.153+0000] {processor.py:925} INFO - DAG(s) 'example_branch_datetime_operator_2', 'example_branch_datetime_operator', 'example_branch_datetime_operator_3' retrieved from /home/airflow/.local/lib/python3.12/site-packages/airflow/example_dags/example_branch_datetime_operator.py
[2025-04-13T21:36:04.259+0000] {logging_mixin.py:190} INFO - [2025-04-13T21:36:04.258+0000] {dag.py:3239} INFO - Sync 3 DAGs
[2025-04-13T21:36:05.623+0000] {logging_mixin.py:190} INFO - [2025-04-13T21:36:05.623+0000] {dag.py:4180} INFO - Setting next_dagrun for example_branch_datetime_operator to 2025-04-12 00:00:00+00:00, run_after=2025-04-13 00:00:00+00:00
[2025-04-13T21:36:05.782+0000] {logging_mixin.py:190} INFO - [2025-04-13T21:36:05.782+0000] {dag.py:4180} INFO - Setting next_dagrun for example_branch_datetime_operator_2 to 2025-04-12 00:00:00+00:00, run_after=2025-04-13 00:00:00+00:00
[2025-04-13T21:36:06.016+0000] {logging_mixin.py:190} INFO - [2025-04-13T21:36:06.014+0000] {dag.py:4180} INFO - Setting next_dagrun for example_branch_datetime_operator_3 to 2025-04-12 00:00:00+00:00, run_after=2025-04-13 00:00:00+00:00
[2025-04-13T21:36:07.250+0000] {processor.py:208} INFO - Processing /home/airflow/.local/lib/python3.12/site-packages/airflow/example_dags/example_branch_datetime_operator.py took 5.680 seconds
[2025-04-13T21:52:06.168+0000] {processor.py:186} INFO - Started process (PID=159) to work on /home/airflow/.local/lib/python3.12/site-packages/airflow/example_dags/example_branch_datetime_operator.py
[2025-04-13T21:52:06.291+0000] {processor.py:914} INFO - Processing file /home/airflow/.local/lib/python3.12/site-packages/airflow/example_dags/example_branch_datetime_operator.py for tasks to queue
[2025-04-13T21:52:07.106+0000] {logging_mixin.py:190} INFO - [2025-04-13T21:52:07.095+0000] {dagbag.py:588} INFO - Filling up the DagBag from /home/airflow/.local/lib/python3.12/site-packages/airflow/example_dags/example_branch_datetime_operator.py
[2025-04-13T21:52:07.408+0000] {processor.py:925} INFO - DAG(s) 'example_branch_datetime_operator_3', 'example_branch_datetime_operator_2', 'example_branch_datetime_operator' retrieved from /home/airflow/.local/lib/python3.12/site-packages/airflow/example_dags/example_branch_datetime_operator.py
[2025-04-13T21:52:10.349+0000] {logging_mixin.py:190} INFO - [2025-04-13T21:52:10.056+0000] {dag.py:3239} INFO - Sync 3 DAGs
[2025-04-13T21:52:12.801+0000] {logging_mixin.py:190} INFO - [2025-04-13T21:52:12.800+0000] {dag.py:4180} INFO - Setting next_dagrun for example_branch_datetime_operator to 2025-04-12 00:00:00+00:00, run_after=2025-04-13 00:00:00+00:00
[2025-04-13T21:52:13.299+0000] {logging_mixin.py:190} INFO - [2025-04-13T21:52:13.298+0000] {dag.py:4180} INFO - Setting next_dagrun for example_branch_datetime_operator_2 to 2025-04-12 00:00:00+00:00, run_after=2025-04-13 00:00:00+00:00
[2025-04-13T21:52:14.310+0000] {logging_mixin.py:190} INFO - [2025-04-13T21:52:14.310+0000] {dag.py:4180} INFO - Setting next_dagrun for example_branch_datetime_operator_3 to 2025-04-12 00:00:00+00:00, run_after=2025-04-13 00:00:00+00:00
[2025-04-13T21:52:15.664+0000] {processor.py:208} INFO - Processing /home/airflow/.local/lib/python3.12/site-packages/airflow/example_dags/example_branch_datetime_operator.py took 9.815 seconds
[2025-04-13T22:31:45.270+0000] {processor.py:186} INFO - Started process (PID=111) to work on /home/airflow/.local/lib/python3.12/site-packages/airflow/example_dags/example_branch_datetime_operator.py
[2025-04-13T22:31:45.313+0000] {processor.py:914} INFO - Processing file /home/airflow/.local/lib/python3.12/site-packages/airflow/example_dags/example_branch_datetime_operator.py for tasks to queue
[2025-04-13T22:31:45.371+0000] {logging_mixin.py:190} INFO - [2025-04-13T22:31:45.371+0000] {dagbag.py:588} INFO - Filling up the DagBag from /home/airflow/.local/lib/python3.12/site-packages/airflow/example_dags/example_branch_datetime_operator.py
[2025-04-13T22:31:45.538+0000] {processor.py:925} INFO - DAG(s) 'example_branch_datetime_operator', 'example_branch_datetime_operator_3', 'example_branch_datetime_operator_2' retrieved from /home/airflow/.local/lib/python3.12/site-packages/airflow/example_dags/example_branch_datetime_operator.py
[2025-04-13T22:31:46.236+0000] {logging_mixin.py:190} INFO - [2025-04-13T22:31:46.235+0000] {dag.py:3239} INFO - Sync 3 DAGs
[2025-04-13T22:31:46.662+0000] {logging_mixin.py:190} INFO - [2025-04-13T22:31:46.661+0000] {dag.py:4180} INFO - Setting next_dagrun for example_branch_datetime_operator to 2025-04-12 00:00:00+00:00, run_after=2025-04-13 00:00:00+00:00
[2025-04-13T22:31:46.733+0000] {logging_mixin.py:190} INFO - [2025-04-13T22:31:46.720+0000] {dag.py:4180} INFO - Setting next_dagrun for example_branch_datetime_operator_2 to 2025-04-12 00:00:00+00:00, run_after=2025-04-13 00:00:00+00:00
[2025-04-13T22:31:46.758+0000] {logging_mixin.py:190} INFO - [2025-04-13T22:31:46.758+0000] {dag.py:4180} INFO - Setting next_dagrun for example_branch_datetime_operator_3 to 2025-04-12 00:00:00+00:00, run_after=2025-04-13 00:00:00+00:00
[2025-04-13T22:31:47.076+0000] {processor.py:208} INFO - Processing /home/airflow/.local/lib/python3.12/site-packages/airflow/example_dags/example_branch_datetime_operator.py took 1.922 seconds
[2025-04-13T22:32:33.160+0000] {processor.py:186} INFO - Started process (PID=181) to work on /home/airflow/.local/lib/python3.12/site-packages/airflow/example_dags/example_branch_datetime_operator.py
[2025-04-13T22:32:33.164+0000] {processor.py:914} INFO - Processing file /home/airflow/.local/lib/python3.12/site-packages/airflow/example_dags/example_branch_datetime_operator.py for tasks to queue
[2025-04-13T22:32:33.176+0000] {logging_mixin.py:190} INFO - [2025-04-13T22:32:33.175+0000] {dagbag.py:588} INFO - Filling up the DagBag from /home/airflow/.local/lib/python3.12/site-packages/airflow/example_dags/example_branch_datetime_operator.py
[2025-04-13T22:32:33.241+0000] {processor.py:925} INFO - DAG(s) 'example_branch_datetime_operator_2', 'example_branch_datetime_operator_3', 'example_branch_datetime_operator' retrieved from /home/airflow/.local/lib/python3.12/site-packages/airflow/example_dags/example_branch_datetime_operator.py
[2025-04-13T22:32:33.378+0000] {logging_mixin.py:190} INFO - [2025-04-13T22:32:33.378+0000] {dag.py:3239} INFO - Sync 3 DAGs
[2025-04-13T22:32:33.506+0000] {logging_mixin.py:190} INFO - [2025-04-13T22:32:33.505+0000] {dag.py:4180} INFO - Setting next_dagrun for example_branch_datetime_operator to 2025-04-12 00:00:00+00:00, run_after=2025-04-13 00:00:00+00:00
[2025-04-13T22:32:33.555+0000] {logging_mixin.py:190} INFO - [2025-04-13T22:32:33.554+0000] {dag.py:4180} INFO - Setting next_dagrun for example_branch_datetime_operator_2 to 2025-04-12 00:00:00+00:00, run_after=2025-04-13 00:00:00+00:00
[2025-04-13T22:32:33.572+0000] {logging_mixin.py:190} INFO - [2025-04-13T22:32:33.567+0000] {dag.py:4180} INFO - Setting next_dagrun for example_branch_datetime_operator_3 to 2025-04-12 00:00:00+00:00, run_after=2025-04-13 00:00:00+00:00
[2025-04-13T22:32:33.671+0000] {processor.py:208} INFO - Processing /home/airflow/.local/lib/python3.12/site-packages/airflow/example_dags/example_branch_datetime_operator.py took 0.532 seconds
[2025-04-13T22:33:08.934+0000] {processor.py:186} INFO - Started process (PID=245) to work on /home/airflow/.local/lib/python3.12/site-packages/airflow/example_dags/example_branch_datetime_operator.py
[2025-04-13T22:33:08.945+0000] {processor.py:914} INFO - Processing file /home/airflow/.local/lib/python3.12/site-packages/airflow/example_dags/example_branch_datetime_operator.py for tasks to queue
[2025-04-13T22:33:08.951+0000] {logging_mixin.py:190} INFO - [2025-04-13T22:33:08.951+0000] {dagbag.py:588} INFO - Filling up the DagBag from /home/airflow/.local/lib/python3.12/site-packages/airflow/example_dags/example_branch_datetime_operator.py
[2025-04-13T22:33:09.010+0000] {processor.py:925} INFO - DAG(s) 'example_branch_datetime_operator_3', 'example_branch_datetime_operator', 'example_branch_datetime_operator_2' retrieved from /home/airflow/.local/lib/python3.12/site-packages/airflow/example_dags/example_branch_datetime_operator.py
[2025-04-13T22:33:09.156+0000] {logging_mixin.py:190} INFO - [2025-04-13T22:33:09.156+0000] {dag.py:3239} INFO - Sync 3 DAGs
[2025-04-13T22:33:09.354+0000] {logging_mixin.py:190} INFO - [2025-04-13T22:33:09.354+0000] {dag.py:4180} INFO - Setting next_dagrun for example_branch_datetime_operator to 2025-04-12 00:00:00+00:00, run_after=2025-04-13 00:00:00+00:00
[2025-04-13T22:33:09.441+0000] {logging_mixin.py:190} INFO - [2025-04-13T22:33:09.440+0000] {dag.py:4180} INFO - Setting next_dagrun for example_branch_datetime_operator_2 to 2025-04-12 00:00:00+00:00, run_after=2025-04-13 00:00:00+00:00
[2025-04-13T22:33:09.456+0000] {logging_mixin.py:190} INFO - [2025-04-13T22:33:09.455+0000] {dag.py:4180} INFO - Setting next_dagrun for example_branch_datetime_operator_3 to 2025-04-12 00:00:00+00:00, run_after=2025-04-13 00:00:00+00:00
[2025-04-13T22:33:09.612+0000] {processor.py:208} INFO - Processing /home/airflow/.local/lib/python3.12/site-packages/airflow/example_dags/example_branch_datetime_operator.py took 0.722 seconds
[2025-04-13T22:33:41.265+0000] {processor.py:186} INFO - Started process (PID=309) to work on /home/airflow/.local/lib/python3.12/site-packages/airflow/example_dags/example_branch_datetime_operator.py
[2025-04-13T22:33:41.268+0000] {processor.py:914} INFO - Processing file /home/airflow/.local/lib/python3.12/site-packages/airflow/example_dags/example_branch_datetime_operator.py for tasks to queue
[2025-04-13T22:33:41.273+0000] {logging_mixin.py:190} INFO - [2025-04-13T22:33:41.272+0000] {dagbag.py:588} INFO - Filling up the DagBag from /home/airflow/.local/lib/python3.12/site-packages/airflow/example_dags/example_branch_datetime_operator.py
[2025-04-13T22:33:41.310+0000] {processor.py:925} INFO - DAG(s) 'example_branch_datetime_operator_3', 'example_branch_datetime_operator', 'example_branch_datetime_operator_2' retrieved from /home/airflow/.local/lib/python3.12/site-packages/airflow/example_dags/example_branch_datetime_operator.py
[2025-04-13T22:33:41.442+0000] {logging_mixin.py:190} INFO - [2025-04-13T22:33:41.424+0000] {dag.py:3239} INFO - Sync 3 DAGs
[2025-04-13T22:33:41.516+0000] {logging_mixin.py:190} INFO - [2025-04-13T22:33:41.516+0000] {dag.py:4180} INFO - Setting next_dagrun for example_branch_datetime_operator to 2025-04-12 00:00:00+00:00, run_after=2025-04-13 00:00:00+00:00
[2025-04-13T22:33:41.540+0000] {logging_mixin.py:190} INFO - [2025-04-13T22:33:41.539+0000] {dag.py:4180} INFO - Setting next_dagrun for example_branch_datetime_operator_2 to 2025-04-12 00:00:00+00:00, run_after=2025-04-13 00:00:00+00:00
[2025-04-13T22:33:41.555+0000] {logging_mixin.py:190} INFO - [2025-04-13T22:33:41.552+0000] {dag.py:4180} INFO - Setting next_dagrun for example_branch_datetime_operator_3 to 2025-04-12 00:00:00+00:00, run_after=2025-04-13 00:00:00+00:00
[2025-04-13T22:33:41.665+0000] {processor.py:208} INFO - Processing /home/airflow/.local/lib/python3.12/site-packages/airflow/example_dags/example_branch_datetime_operator.py took 0.416 seconds
[2025-04-13T22:34:12.375+0000] {processor.py:186} INFO - Started process (PID=372) to work on /home/airflow/.local/lib/python3.12/site-packages/airflow/example_dags/example_branch_datetime_operator.py
[2025-04-13T22:34:12.382+0000] {processor.py:914} INFO - Processing file /home/airflow/.local/lib/python3.12/site-packages/airflow/example_dags/example_branch_datetime_operator.py for tasks to queue
[2025-04-13T22:34:12.395+0000] {logging_mixin.py:190} INFO - [2025-04-13T22:34:12.394+0000] {dagbag.py:588} INFO - Filling up the DagBag from /home/airflow/.local/lib/python3.12/site-packages/airflow/example_dags/example_branch_datetime_operator.py
[2025-04-13T22:34:12.473+0000] {processor.py:925} INFO - DAG(s) 'example_branch_datetime_operator', 'example_branch_datetime_operator_3', 'example_branch_datetime_operator_2' retrieved from /home/airflow/.local/lib/python3.12/site-packages/airflow/example_dags/example_branch_datetime_operator.py
[2025-04-13T22:34:12.675+0000] {logging_mixin.py:190} INFO - [2025-04-13T22:34:12.674+0000] {dag.py:3239} INFO - Sync 3 DAGs
[2025-04-13T22:34:12.844+0000] {logging_mixin.py:190} INFO - [2025-04-13T22:34:12.843+0000] {dag.py:4180} INFO - Setting next_dagrun for example_branch_datetime_operator to 2025-04-12 00:00:00+00:00, run_after=2025-04-13 00:00:00+00:00
[2025-04-13T22:34:12.860+0000] {logging_mixin.py:190} INFO - [2025-04-13T22:34:12.860+0000] {dag.py:4180} INFO - Setting next_dagrun for example_branch_datetime_operator_2 to 2025-04-12 00:00:00+00:00, run_after=2025-04-13 00:00:00+00:00
[2025-04-13T22:34:12.874+0000] {logging_mixin.py:190} INFO - [2025-04-13T22:34:12.874+0000] {dag.py:4180} INFO - Setting next_dagrun for example_branch_datetime_operator_3 to 2025-04-12 00:00:00+00:00, run_after=2025-04-13 00:00:00+00:00
[2025-04-13T22:34:12.972+0000] {processor.py:208} INFO - Processing /home/airflow/.local/lib/python3.12/site-packages/airflow/example_dags/example_branch_datetime_operator.py took 0.618 seconds
[2025-04-13T22:34:43.637+0000] {processor.py:186} INFO - Started process (PID=435) to work on /home/airflow/.local/lib/python3.12/site-packages/airflow/example_dags/example_branch_datetime_operator.py
[2025-04-13T22:34:43.657+0000] {processor.py:914} INFO - Processing file /home/airflow/.local/lib/python3.12/site-packages/airflow/example_dags/example_branch_datetime_operator.py for tasks to queue
[2025-04-13T22:34:43.666+0000] {logging_mixin.py:190} INFO - [2025-04-13T22:34:43.665+0000] {dagbag.py:588} INFO - Filling up the DagBag from /home/airflow/.local/lib/python3.12/site-packages/airflow/example_dags/example_branch_datetime_operator.py
[2025-04-13T22:34:43.699+0000] {processor.py:925} INFO - DAG(s) 'example_branch_datetime_operator_3', 'example_branch_datetime_operator_2', 'example_branch_datetime_operator' retrieved from /home/airflow/.local/lib/python3.12/site-packages/airflow/example_dags/example_branch_datetime_operator.py
[2025-04-13T22:34:43.830+0000] {logging_mixin.py:190} INFO - [2025-04-13T22:34:43.829+0000] {dag.py:3239} INFO - Sync 3 DAGs
[2025-04-13T22:34:43.906+0000] {logging_mixin.py:190} INFO - [2025-04-13T22:34:43.905+0000] {dag.py:4180} INFO - Setting next_dagrun for example_branch_datetime_operator to 2025-04-12 00:00:00+00:00, run_after=2025-04-13 00:00:00+00:00
[2025-04-13T22:34:43.925+0000] {logging_mixin.py:190} INFO - [2025-04-13T22:34:43.924+0000] {dag.py:4180} INFO - Setting next_dagrun for example_branch_datetime_operator_2 to 2025-04-12 00:00:00+00:00, run_after=2025-04-13 00:00:00+00:00
[2025-04-13T22:34:43.935+0000] {logging_mixin.py:190} INFO - [2025-04-13T22:34:43.934+0000] {dag.py:4180} INFO - Setting next_dagrun for example_branch_datetime_operator_3 to 2025-04-12 00:00:00+00:00, run_after=2025-04-13 00:00:00+00:00
[2025-04-13T22:34:44.061+0000] {processor.py:208} INFO - Processing /home/airflow/.local/lib/python3.12/site-packages/airflow/example_dags/example_branch_datetime_operator.py took 0.453 seconds
[2025-04-13T22:35:26.636+0000] {processor.py:186} INFO - Started process (PID=498) to work on /home/airflow/.local/lib/python3.12/site-packages/airflow/example_dags/example_branch_datetime_operator.py
[2025-04-13T22:35:26.640+0000] {processor.py:914} INFO - Processing file /home/airflow/.local/lib/python3.12/site-packages/airflow/example_dags/example_branch_datetime_operator.py for tasks to queue
[2025-04-13T22:35:26.644+0000] {logging_mixin.py:190} INFO - [2025-04-13T22:35:26.644+0000] {dagbag.py:588} INFO - Filling up the DagBag from /home/airflow/.local/lib/python3.12/site-packages/airflow/example_dags/example_branch_datetime_operator.py
[2025-04-13T22:35:26.728+0000] {processor.py:925} INFO - DAG(s) 'example_branch_datetime_operator_3', 'example_branch_datetime_operator_2', 'example_branch_datetime_operator' retrieved from /home/airflow/.local/lib/python3.12/site-packages/airflow/example_dags/example_branch_datetime_operator.py
[2025-04-13T22:35:27.045+0000] {logging_mixin.py:190} INFO - [2025-04-13T22:35:27.045+0000] {dag.py:3239} INFO - Sync 3 DAGs
[2025-04-13T22:35:27.533+0000] {logging_mixin.py:190} INFO - [2025-04-13T22:35:27.532+0000] {dag.py:4180} INFO - Setting next_dagrun for example_branch_datetime_operator to 2025-04-12 00:00:00+00:00, run_after=2025-04-13 00:00:00+00:00
[2025-04-13T22:35:27.629+0000] {logging_mixin.py:190} INFO - [2025-04-13T22:35:27.629+0000] {dag.py:4180} INFO - Setting next_dagrun for example_branch_datetime_operator_2 to 2025-04-12 00:00:00+00:00, run_after=2025-04-13 00:00:00+00:00
[2025-04-13T22:35:27.667+0000] {logging_mixin.py:190} INFO - [2025-04-13T22:35:27.667+0000] {dag.py:4180} INFO - Setting next_dagrun for example_branch_datetime_operator_3 to 2025-04-12 00:00:00+00:00, run_after=2025-04-13 00:00:00+00:00
[2025-04-13T22:35:27.826+0000] {processor.py:208} INFO - Processing /home/airflow/.local/lib/python3.12/site-packages/airflow/example_dags/example_branch_datetime_operator.py took 1.264 seconds
[2025-04-13T22:36:01.673+0000] {processor.py:186} INFO - Started process (PID=554) to work on /home/airflow/.local/lib/python3.12/site-packages/airflow/example_dags/example_branch_datetime_operator.py
[2025-04-13T22:36:01.681+0000] {processor.py:914} INFO - Processing file /home/airflow/.local/lib/python3.12/site-packages/airflow/example_dags/example_branch_datetime_operator.py for tasks to queue
[2025-04-13T22:36:01.696+0000] {logging_mixin.py:190} INFO - [2025-04-13T22:36:01.695+0000] {dagbag.py:588} INFO - Filling up the DagBag from /home/airflow/.local/lib/python3.12/site-packages/airflow/example_dags/example_branch_datetime_operator.py
[2025-04-13T22:36:01.762+0000] {processor.py:925} INFO - DAG(s) 'example_branch_datetime_operator_2', 'example_branch_datetime_operator', 'example_branch_datetime_operator_3' retrieved from /home/airflow/.local/lib/python3.12/site-packages/airflow/example_dags/example_branch_datetime_operator.py
[2025-04-13T22:36:01.919+0000] {logging_mixin.py:190} INFO - [2025-04-13T22:36:01.918+0000] {dag.py:3239} INFO - Sync 3 DAGs
[2025-04-13T22:36:02.052+0000] {logging_mixin.py:190} INFO - [2025-04-13T22:36:02.052+0000] {dag.py:4180} INFO - Setting next_dagrun for example_branch_datetime_operator to 2025-04-12 00:00:00+00:00, run_after=2025-04-13 00:00:00+00:00
[2025-04-13T22:36:02.091+0000] {logging_mixin.py:190} INFO - [2025-04-13T22:36:02.091+0000] {dag.py:4180} INFO - Setting next_dagrun for example_branch_datetime_operator_2 to 2025-04-12 00:00:00+00:00, run_after=2025-04-13 00:00:00+00:00
[2025-04-13T22:36:02.099+0000] {logging_mixin.py:190} INFO - [2025-04-13T22:36:02.099+0000] {dag.py:4180} INFO - Setting next_dagrun for example_branch_datetime_operator_3 to 2025-04-12 00:00:00+00:00, run_after=2025-04-13 00:00:00+00:00
[2025-04-13T22:36:02.190+0000] {processor.py:208} INFO - Processing /home/airflow/.local/lib/python3.12/site-packages/airflow/example_dags/example_branch_datetime_operator.py took 0.549 seconds
[2025-04-13T22:36:39.203+0000] {processor.py:186} INFO - Started process (PID=618) to work on /home/airflow/.local/lib/python3.12/site-packages/airflow/example_dags/example_branch_datetime_operator.py
[2025-04-13T22:36:39.209+0000] {processor.py:914} INFO - Processing file /home/airflow/.local/lib/python3.12/site-packages/airflow/example_dags/example_branch_datetime_operator.py for tasks to queue
[2025-04-13T22:36:39.216+0000] {logging_mixin.py:190} INFO - [2025-04-13T22:36:39.215+0000] {dagbag.py:588} INFO - Filling up the DagBag from /home/airflow/.local/lib/python3.12/site-packages/airflow/example_dags/example_branch_datetime_operator.py
[2025-04-13T22:36:39.270+0000] {processor.py:925} INFO - DAG(s) 'example_branch_datetime_operator_2', 'example_branch_datetime_operator', 'example_branch_datetime_operator_3' retrieved from /home/airflow/.local/lib/python3.12/site-packages/airflow/example_dags/example_branch_datetime_operator.py
[2025-04-13T22:36:39.651+0000] {logging_mixin.py:190} INFO - [2025-04-13T22:36:39.651+0000] {dag.py:3239} INFO - Sync 3 DAGs
[2025-04-13T22:36:39.841+0000] {logging_mixin.py:190} INFO - [2025-04-13T22:36:39.841+0000] {dag.py:4180} INFO - Setting next_dagrun for example_branch_datetime_operator to 2025-04-12 00:00:00+00:00, run_after=2025-04-13 00:00:00+00:00
[2025-04-13T22:36:39.873+0000] {logging_mixin.py:190} INFO - [2025-04-13T22:36:39.873+0000] {dag.py:4180} INFO - Setting next_dagrun for example_branch_datetime_operator_2 to 2025-04-12 00:00:00+00:00, run_after=2025-04-13 00:00:00+00:00
[2025-04-13T22:36:39.905+0000] {logging_mixin.py:190} INFO - [2025-04-13T22:36:39.905+0000] {dag.py:4180} INFO - Setting next_dagrun for example_branch_datetime_operator_3 to 2025-04-12 00:00:00+00:00, run_after=2025-04-13 00:00:00+00:00
[2025-04-13T22:36:40.046+0000] {processor.py:208} INFO - Processing /home/airflow/.local/lib/python3.12/site-packages/airflow/example_dags/example_branch_datetime_operator.py took 0.873 seconds
[2025-04-13T22:37:28.670+0000] {processor.py:186} INFO - Started process (PID=683) to work on /home/airflow/.local/lib/python3.12/site-packages/airflow/example_dags/example_branch_datetime_operator.py
[2025-04-13T22:37:28.742+0000] {processor.py:914} INFO - Processing file /home/airflow/.local/lib/python3.12/site-packages/airflow/example_dags/example_branch_datetime_operator.py for tasks to queue
[2025-04-13T22:37:28.862+0000] {logging_mixin.py:190} INFO - [2025-04-13T22:37:28.861+0000] {dagbag.py:588} INFO - Filling up the DagBag from /home/airflow/.local/lib/python3.12/site-packages/airflow/example_dags/example_branch_datetime_operator.py
[2025-04-13T22:37:29.350+0000] {processor.py:925} INFO - DAG(s) 'example_branch_datetime_operator_3', 'example_branch_datetime_operator_2', 'example_branch_datetime_operator' retrieved from /home/airflow/.local/lib/python3.12/site-packages/airflow/example_dags/example_branch_datetime_operator.py
[2025-04-13T22:37:30.496+0000] {logging_mixin.py:190} INFO - [2025-04-13T22:37:30.496+0000] {dag.py:3239} INFO - Sync 3 DAGs
[2025-04-13T22:37:31.514+0000] {logging_mixin.py:190} INFO - [2025-04-13T22:37:31.514+0000] {dag.py:4180} INFO - Setting next_dagrun for example_branch_datetime_operator to 2025-04-12 00:00:00+00:00, run_after=2025-04-13 00:00:00+00:00
[2025-04-13T22:37:31.572+0000] {logging_mixin.py:190} INFO - [2025-04-13T22:37:31.572+0000] {dag.py:4180} INFO - Setting next_dagrun for example_branch_datetime_operator_2 to 2025-04-12 00:00:00+00:00, run_after=2025-04-13 00:00:00+00:00
[2025-04-13T22:37:31.629+0000] {logging_mixin.py:190} INFO - [2025-04-13T22:37:31.628+0000] {dag.py:4180} INFO - Setting next_dagrun for example_branch_datetime_operator_3 to 2025-04-12 00:00:00+00:00, run_after=2025-04-13 00:00:00+00:00
[2025-04-13T22:37:32.013+0000] {processor.py:208} INFO - Processing /home/airflow/.local/lib/python3.12/site-packages/airflow/example_dags/example_branch_datetime_operator.py took 3.560 seconds
[2025-04-13T22:38:11.310+0000] {processor.py:186} INFO - Started process (PID=753) to work on /home/airflow/.local/lib/python3.12/site-packages/airflow/example_dags/example_branch_datetime_operator.py
[2025-04-13T22:38:11.325+0000] {processor.py:914} INFO - Processing file /home/airflow/.local/lib/python3.12/site-packages/airflow/example_dags/example_branch_datetime_operator.py for tasks to queue
[2025-04-13T22:38:11.422+0000] {logging_mixin.py:190} INFO - [2025-04-13T22:38:11.421+0000] {dagbag.py:588} INFO - Filling up the DagBag from /home/airflow/.local/lib/python3.12/site-packages/airflow/example_dags/example_branch_datetime_operator.py
[2025-04-13T22:38:11.629+0000] {processor.py:925} INFO - DAG(s) 'example_branch_datetime_operator_2', 'example_branch_datetime_operator_3', 'example_branch_datetime_operator' retrieved from /home/airflow/.local/lib/python3.12/site-packages/airflow/example_dags/example_branch_datetime_operator.py
[2025-04-13T22:38:11.975+0000] {logging_mixin.py:190} INFO - [2025-04-13T22:38:11.962+0000] {dag.py:3239} INFO - Sync 3 DAGs
[2025-04-13T22:38:12.506+0000] {logging_mixin.py:190} INFO - [2025-04-13T22:38:12.506+0000] {dag.py:4180} INFO - Setting next_dagrun for example_branch_datetime_operator to 2025-04-12 00:00:00+00:00, run_after=2025-04-13 00:00:00+00:00
[2025-04-13T22:38:12.533+0000] {logging_mixin.py:190} INFO - [2025-04-13T22:38:12.533+0000] {dag.py:4180} INFO - Setting next_dagrun for example_branch_datetime_operator_2 to 2025-04-12 00:00:00+00:00, run_after=2025-04-13 00:00:00+00:00
[2025-04-13T22:38:12.559+0000] {logging_mixin.py:190} INFO - [2025-04-13T22:38:12.556+0000] {dag.py:4180} INFO - Setting next_dagrun for example_branch_datetime_operator_3 to 2025-04-12 00:00:00+00:00, run_after=2025-04-13 00:00:00+00:00
[2025-04-13T22:38:12.627+0000] {processor.py:208} INFO - Processing /home/airflow/.local/lib/python3.12/site-packages/airflow/example_dags/example_branch_datetime_operator.py took 1.756 seconds
[2025-04-13T22:38:43.279+0000] {processor.py:186} INFO - Started process (PID=810) to work on /home/airflow/.local/lib/python3.12/site-packages/airflow/example_dags/example_branch_datetime_operator.py
[2025-04-13T22:38:43.297+0000] {processor.py:914} INFO - Processing file /home/airflow/.local/lib/python3.12/site-packages/airflow/example_dags/example_branch_datetime_operator.py for tasks to queue
[2025-04-13T22:38:43.305+0000] {logging_mixin.py:190} INFO - [2025-04-13T22:38:43.304+0000] {dagbag.py:588} INFO - Filling up the DagBag from /home/airflow/.local/lib/python3.12/site-packages/airflow/example_dags/example_branch_datetime_operator.py
[2025-04-13T22:38:43.516+0000] {processor.py:925} INFO - DAG(s) 'example_branch_datetime_operator', 'example_branch_datetime_operator_3', 'example_branch_datetime_operator_2' retrieved from /home/airflow/.local/lib/python3.12/site-packages/airflow/example_dags/example_branch_datetime_operator.py
[2025-04-13T22:38:43.783+0000] {logging_mixin.py:190} INFO - [2025-04-13T22:38:43.782+0000] {dag.py:3239} INFO - Sync 3 DAGs
[2025-04-13T22:38:43.921+0000] {logging_mixin.py:190} INFO - [2025-04-13T22:38:43.920+0000] {dag.py:4180} INFO - Setting next_dagrun for example_branch_datetime_operator to 2025-04-12 00:00:00+00:00, run_after=2025-04-13 00:00:00+00:00
[2025-04-13T22:38:43.954+0000] {logging_mixin.py:190} INFO - [2025-04-13T22:38:43.953+0000] {dag.py:4180} INFO - Setting next_dagrun for example_branch_datetime_operator_2 to 2025-04-12 00:00:00+00:00, run_after=2025-04-13 00:00:00+00:00
[2025-04-13T22:38:43.974+0000] {logging_mixin.py:190} INFO - [2025-04-13T22:38:43.973+0000] {dag.py:4180} INFO - Setting next_dagrun for example_branch_datetime_operator_3 to 2025-04-12 00:00:00+00:00, run_after=2025-04-13 00:00:00+00:00
[2025-04-13T22:38:44.048+0000] {processor.py:208} INFO - Processing /home/airflow/.local/lib/python3.12/site-packages/airflow/example_dags/example_branch_datetime_operator.py took 0.783 seconds
[2025-04-13T22:39:18.804+0000] {processor.py:186} INFO - Started process (PID=865) to work on /home/airflow/.local/lib/python3.12/site-packages/airflow/example_dags/example_branch_datetime_operator.py
[2025-04-13T22:39:18.807+0000] {processor.py:914} INFO - Processing file /home/airflow/.local/lib/python3.12/site-packages/airflow/example_dags/example_branch_datetime_operator.py for tasks to queue
[2025-04-13T22:39:18.817+0000] {logging_mixin.py:190} INFO - [2025-04-13T22:39:18.813+0000] {dagbag.py:588} INFO - Filling up the DagBag from /home/airflow/.local/lib/python3.12/site-packages/airflow/example_dags/example_branch_datetime_operator.py
[2025-04-13T22:39:18.849+0000] {processor.py:925} INFO - DAG(s) 'example_branch_datetime_operator_2', 'example_branch_datetime_operator', 'example_branch_datetime_operator_3' retrieved from /home/airflow/.local/lib/python3.12/site-packages/airflow/example_dags/example_branch_datetime_operator.py
[2025-04-13T22:39:19.023+0000] {logging_mixin.py:190} INFO - [2025-04-13T22:39:19.018+0000] {dag.py:3239} INFO - Sync 3 DAGs
[2025-04-13T22:39:19.176+0000] {logging_mixin.py:190} INFO - [2025-04-13T22:39:19.175+0000] {dag.py:4180} INFO - Setting next_dagrun for example_branch_datetime_operator to 2025-04-12 00:00:00+00:00, run_after=2025-04-13 00:00:00+00:00
[2025-04-13T22:39:19.217+0000] {logging_mixin.py:190} INFO - [2025-04-13T22:39:19.215+0000] {dag.py:4180} INFO - Setting next_dagrun for example_branch_datetime_operator_2 to 2025-04-12 00:00:00+00:00, run_after=2025-04-13 00:00:00+00:00
[2025-04-13T22:39:19.246+0000] {logging_mixin.py:190} INFO - [2025-04-13T22:39:19.246+0000] {dag.py:4180} INFO - Setting next_dagrun for example_branch_datetime_operator_3 to 2025-04-12 00:00:00+00:00, run_after=2025-04-13 00:00:00+00:00
[2025-04-13T22:39:19.308+0000] {processor.py:208} INFO - Processing /home/airflow/.local/lib/python3.12/site-packages/airflow/example_dags/example_branch_datetime_operator.py took 0.555 seconds
[2025-04-13T22:40:35.908+0000] {processor.py:186} INFO - Started process (PID=930) to work on /home/airflow/.local/lib/python3.12/site-packages/airflow/example_dags/example_branch_datetime_operator.py
[2025-04-13T22:40:35.911+0000] {processor.py:914} INFO - Processing file /home/airflow/.local/lib/python3.12/site-packages/airflow/example_dags/example_branch_datetime_operator.py for tasks to queue
[2025-04-13T22:40:35.924+0000] {logging_mixin.py:190} INFO - [2025-04-13T22:40:35.923+0000] {dagbag.py:588} INFO - Filling up the DagBag from /home/airflow/.local/lib/python3.12/site-packages/airflow/example_dags/example_branch_datetime_operator.py
[2025-04-13T22:40:36.001+0000] {processor.py:925} INFO - DAG(s) 'example_branch_datetime_operator_3', 'example_branch_datetime_operator', 'example_branch_datetime_operator_2' retrieved from /home/airflow/.local/lib/python3.12/site-packages/airflow/example_dags/example_branch_datetime_operator.py
[2025-04-13T22:40:36.208+0000] {logging_mixin.py:190} INFO - [2025-04-13T22:40:36.207+0000] {dag.py:3239} INFO - Sync 3 DAGs
[2025-04-13T22:40:37.941+0000] {logging_mixin.py:190} INFO - [2025-04-13T22:40:37.940+0000] {dag.py:4180} INFO - Setting next_dagrun for example_branch_datetime_operator to 2025-04-12 00:00:00+00:00, run_after=2025-04-13 00:00:00+00:00
[2025-04-13T22:40:38.045+0000] {logging_mixin.py:190} INFO - [2025-04-13T22:40:38.043+0000] {dag.py:4180} INFO - Setting next_dagrun for example_branch_datetime_operator_2 to 2025-04-12 00:00:00+00:00, run_after=2025-04-13 00:00:00+00:00
[2025-04-13T22:40:38.057+0000] {logging_mixin.py:190} INFO - [2025-04-13T22:40:38.057+0000] {dag.py:4180} INFO - Setting next_dagrun for example_branch_datetime_operator_3 to 2025-04-12 00:00:00+00:00, run_after=2025-04-13 00:00:00+00:00
[2025-04-13T22:40:38.196+0000] {processor.py:208} INFO - Processing /home/airflow/.local/lib/python3.12/site-packages/airflow/example_dags/example_branch_datetime_operator.py took 2.342 seconds
[2025-04-13T22:41:59.672+0000] {processor.py:186} INFO - Started process (PID=999) to work on /home/airflow/.local/lib/python3.12/site-packages/airflow/example_dags/example_branch_datetime_operator.py
[2025-04-13T22:41:59.679+0000] {processor.py:914} INFO - Processing file /home/airflow/.local/lib/python3.12/site-packages/airflow/example_dags/example_branch_datetime_operator.py for tasks to queue
[2025-04-13T22:41:59.698+0000] {logging_mixin.py:190} INFO - [2025-04-13T22:41:59.697+0000] {dagbag.py:588} INFO - Filling up the DagBag from /home/airflow/.local/lib/python3.12/site-packages/airflow/example_dags/example_branch_datetime_operator.py
[2025-04-13T22:41:59.767+0000] {processor.py:925} INFO - DAG(s) 'example_branch_datetime_operator', 'example_branch_datetime_operator_3', 'example_branch_datetime_operator_2' retrieved from /home/airflow/.local/lib/python3.12/site-packages/airflow/example_dags/example_branch_datetime_operator.py
[2025-04-13T22:41:59.906+0000] {logging_mixin.py:190} INFO - [2025-04-13T22:41:59.906+0000] {dag.py:3239} INFO - Sync 3 DAGs
[2025-04-13T22:42:00.173+0000] {logging_mixin.py:190} INFO - [2025-04-13T22:42:00.171+0000] {dag.py:4180} INFO - Setting next_dagrun for example_branch_datetime_operator to 2025-04-12 00:00:00+00:00, run_after=2025-04-13 00:00:00+00:00
[2025-04-13T22:42:00.228+0000] {logging_mixin.py:190} INFO - [2025-04-13T22:42:00.227+0000] {dag.py:4180} INFO - Setting next_dagrun for example_branch_datetime_operator_2 to 2025-04-12 00:00:00+00:00, run_after=2025-04-13 00:00:00+00:00
[2025-04-13T22:42:00.316+0000] {logging_mixin.py:190} INFO - [2025-04-13T22:42:00.316+0000] {dag.py:4180} INFO - Setting next_dagrun for example_branch_datetime_operator_3 to 2025-04-12 00:00:00+00:00, run_after=2025-04-13 00:00:00+00:00
[2025-04-13T22:42:00.474+0000] {processor.py:208} INFO - Processing /home/airflow/.local/lib/python3.12/site-packages/airflow/example_dags/example_branch_datetime_operator.py took 0.837 seconds
[2025-04-13T22:42:37.201+0000] {processor.py:186} INFO - Started process (PID=1063) to work on /home/airflow/.local/lib/python3.12/site-packages/airflow/example_dags/example_branch_datetime_operator.py
[2025-04-13T22:42:37.225+0000] {processor.py:914} INFO - Processing file /home/airflow/.local/lib/python3.12/site-packages/airflow/example_dags/example_branch_datetime_operator.py for tasks to queue
[2025-04-13T22:42:37.256+0000] {logging_mixin.py:190} INFO - [2025-04-13T22:42:37.255+0000] {dagbag.py:588} INFO - Filling up the DagBag from /home/airflow/.local/lib/python3.12/site-packages/airflow/example_dags/example_branch_datetime_operator.py
[2025-04-13T22:42:37.341+0000] {processor.py:925} INFO - DAG(s) 'example_branch_datetime_operator_2', 'example_branch_datetime_operator_3', 'example_branch_datetime_operator' retrieved from /home/airflow/.local/lib/python3.12/site-packages/airflow/example_dags/example_branch_datetime_operator.py
[2025-04-13T22:42:37.511+0000] {logging_mixin.py:190} INFO - [2025-04-13T22:42:37.510+0000] {dag.py:3239} INFO - Sync 3 DAGs
[2025-04-13T22:42:37.618+0000] {logging_mixin.py:190} INFO - [2025-04-13T22:42:37.617+0000] {dag.py:4180} INFO - Setting next_dagrun for example_branch_datetime_operator to 2025-04-12 00:00:00+00:00, run_after=2025-04-13 00:00:00+00:00
[2025-04-13T22:42:37.632+0000] {logging_mixin.py:190} INFO - [2025-04-13T22:42:37.631+0000] {dag.py:4180} INFO - Setting next_dagrun for example_branch_datetime_operator_2 to 2025-04-12 00:00:00+00:00, run_after=2025-04-13 00:00:00+00:00
[2025-04-13T22:42:37.651+0000] {logging_mixin.py:190} INFO - [2025-04-13T22:42:37.651+0000] {dag.py:4180} INFO - Setting next_dagrun for example_branch_datetime_operator_3 to 2025-04-12 00:00:00+00:00, run_after=2025-04-13 00:00:00+00:00
[2025-04-13T22:42:37.719+0000] {processor.py:208} INFO - Processing /home/airflow/.local/lib/python3.12/site-packages/airflow/example_dags/example_branch_datetime_operator.py took 0.557 seconds
[2025-04-13T22:43:30.100+0000] {processor.py:186} INFO - Started process (PID=1137) to work on /home/airflow/.local/lib/python3.12/site-packages/airflow/example_dags/example_branch_datetime_operator.py
[2025-04-13T22:43:30.103+0000] {processor.py:914} INFO - Processing file /home/airflow/.local/lib/python3.12/site-packages/airflow/example_dags/example_branch_datetime_operator.py for tasks to queue
[2025-04-13T22:43:30.111+0000] {logging_mixin.py:190} INFO - [2025-04-13T22:43:30.110+0000] {dagbag.py:588} INFO - Filling up the DagBag from /home/airflow/.local/lib/python3.12/site-packages/airflow/example_dags/example_branch_datetime_operator.py
[2025-04-13T22:43:30.206+0000] {processor.py:925} INFO - DAG(s) 'example_branch_datetime_operator_2', 'example_branch_datetime_operator_3', 'example_branch_datetime_operator' retrieved from /home/airflow/.local/lib/python3.12/site-packages/airflow/example_dags/example_branch_datetime_operator.py
[2025-04-13T22:43:30.427+0000] {logging_mixin.py:190} INFO - [2025-04-13T22:43:30.426+0000] {dag.py:3239} INFO - Sync 3 DAGs
[2025-04-13T22:43:30.735+0000] {logging_mixin.py:190} INFO - [2025-04-13T22:43:30.735+0000] {dag.py:4180} INFO - Setting next_dagrun for example_branch_datetime_operator to 2025-04-12 00:00:00+00:00, run_after=2025-04-13 00:00:00+00:00
[2025-04-13T22:43:30.779+0000] {logging_mixin.py:190} INFO - [2025-04-13T22:43:30.778+0000] {dag.py:4180} INFO - Setting next_dagrun for example_branch_datetime_operator_2 to 2025-04-12 00:00:00+00:00, run_after=2025-04-13 00:00:00+00:00
[2025-04-13T22:43:31.213+0000] {logging_mixin.py:190} INFO - [2025-04-13T22:43:31.213+0000] {dag.py:4180} INFO - Setting next_dagrun for example_branch_datetime_operator_3 to 2025-04-12 00:00:00+00:00, run_after=2025-04-13 00:00:00+00:00
[2025-04-13T22:43:31.633+0000] {processor.py:208} INFO - Processing /home/airflow/.local/lib/python3.12/site-packages/airflow/example_dags/example_branch_datetime_operator.py took 1.552 seconds
[2025-04-13T22:44:43.767+0000] {processor.py:186} INFO - Started process (PID=1192) to work on /home/airflow/.local/lib/python3.12/site-packages/airflow/example_dags/example_branch_datetime_operator.py
[2025-04-13T22:44:43.771+0000] {processor.py:914} INFO - Processing file /home/airflow/.local/lib/python3.12/site-packages/airflow/example_dags/example_branch_datetime_operator.py for tasks to queue
[2025-04-13T22:44:43.783+0000] {logging_mixin.py:190} INFO - [2025-04-13T22:44:43.782+0000] {dagbag.py:588} INFO - Filling up the DagBag from /home/airflow/.local/lib/python3.12/site-packages/airflow/example_dags/example_branch_datetime_operator.py
[2025-04-13T22:44:43.909+0000] {processor.py:925} INFO - DAG(s) 'example_branch_datetime_operator', 'example_branch_datetime_operator_3', 'example_branch_datetime_operator_2' retrieved from /home/airflow/.local/lib/python3.12/site-packages/airflow/example_dags/example_branch_datetime_operator.py
[2025-04-13T22:44:44.203+0000] {logging_mixin.py:190} INFO - [2025-04-13T22:44:44.203+0000] {dag.py:3239} INFO - Sync 3 DAGs
[2025-04-13T22:44:44.440+0000] {logging_mixin.py:190} INFO - [2025-04-13T22:44:44.439+0000] {dag.py:4180} INFO - Setting next_dagrun for example_branch_datetime_operator to 2025-04-12 00:00:00+00:00, run_after=2025-04-13 00:00:00+00:00
[2025-04-13T22:44:44.485+0000] {logging_mixin.py:190} INFO - [2025-04-13T22:44:44.484+0000] {dag.py:4180} INFO - Setting next_dagrun for example_branch_datetime_operator_2 to 2025-04-12 00:00:00+00:00, run_after=2025-04-13 00:00:00+00:00
[2025-04-13T22:44:44.511+0000] {logging_mixin.py:190} INFO - [2025-04-13T22:44:44.511+0000] {dag.py:4180} INFO - Setting next_dagrun for example_branch_datetime_operator_3 to 2025-04-12 00:00:00+00:00, run_after=2025-04-13 00:00:00+00:00
[2025-04-13T22:44:44.694+0000] {processor.py:208} INFO - Processing /home/airflow/.local/lib/python3.12/site-packages/airflow/example_dags/example_branch_datetime_operator.py took 1.012 seconds
