[2025-04-13T16:49:01.181+0000] {processor.py:186} INFO - Started process (PID=115) to work on /home/airflow/.local/lib/python3.12/site-packages/airflow/example_dags/example_subdag_operator.py
[2025-04-13T16:49:01.201+0000] {processor.py:914} INFO - Processing file /home/airflow/.local/lib/python3.12/site-packages/airflow/example_dags/example_subdag_operator.py for tasks to queue
[2025-04-13T16:49:01.256+0000] {logging_mixin.py:190} INFO - [2025-04-13T16:49:01.255+0000] {dagbag.py:588} INFO - Filling up the DagBag from /home/airflow/.local/lib/python3.12/site-packages/airflow/example_dags/example_subdag_operator.py
[2025-04-13T16:49:01.480+0000] {processor.py:925} INFO - DAG(s) 'example_subdag_operator.section-1', 'example_subdag_operator.section-2', 'example_subdag_operator' retrieved from /home/airflow/.local/lib/python3.12/site-packages/airflow/example_dags/example_subdag_operator.py
[2025-04-13T16:49:02.886+0000] {logging_mixin.py:190} INFO - [2025-04-13T16:49:02.885+0000] {override.py:1912} INFO - Created Permission View: can read on DAG:example_subdag_operator
[2025-04-13T16:49:03.000+0000] {logging_mixin.py:190} INFO - [2025-04-13T16:49:02.999+0000] {override.py:1912} INFO - Created Permission View: can edit on DAG:example_subdag_operator
[2025-04-13T16:49:03.141+0000] {logging_mixin.py:190} INFO - [2025-04-13T16:49:03.129+0000] {override.py:1912} INFO - Created Permission View: can delete on DAG:example_subdag_operator
[2025-04-13T16:49:03.276+0000] {logging_mixin.py:190} INFO - [2025-04-13T16:49:03.260+0000] {override.py:1912} INFO - Created Permission View: can read on DAG Run:example_subdag_operator
[2025-04-13T16:49:03.344+0000] {logging_mixin.py:190} INFO - [2025-04-13T16:49:03.343+0000] {override.py:1912} INFO - Created Permission View: menu access on DAG Run:example_subdag_operator
[2025-04-13T16:49:03.502+0000] {logging_mixin.py:190} INFO - [2025-04-13T16:49:03.501+0000] {override.py:1912} INFO - Created Permission View: can create on DAG Run:example_subdag_operator
[2025-04-13T16:49:03.592+0000] {logging_mixin.py:190} INFO - [2025-04-13T16:49:03.586+0000] {override.py:1912} INFO - Created Permission View: can delete on DAG Run:example_subdag_operator
[2025-04-13T16:49:03.607+0000] {logging_mixin.py:190} INFO - [2025-04-13T16:49:03.606+0000] {dag.py:3239} INFO - Sync 3 DAGs
[2025-04-13T16:49:03.772+0000] {logging_mixin.py:190} INFO - [2025-04-13T16:49:03.772+0000] {dag.py:3262} INFO - Creating ORM DAG for example_subdag_operator.section-1
[2025-04-13T16:49:03.782+0000] {logging_mixin.py:190} INFO - [2025-04-13T16:49:03.779+0000] {dag.py:3262} INFO - Creating ORM DAG for example_subdag_operator
[2025-04-13T16:49:03.796+0000] {logging_mixin.py:190} INFO - [2025-04-13T16:49:03.796+0000] {dag.py:3262} INFO - Creating ORM DAG for example_subdag_operator.section-2
[2025-04-13T16:49:03.830+0000] {logging_mixin.py:190} INFO - [2025-04-13T16:49:03.829+0000] {dag.py:4180} INFO - Setting next_dagrun for example_subdag_operator to 2022-01-01 00:00:00+00:00, run_after=2022-01-01 00:00:00+00:00
[2025-04-13T16:49:03.833+0000] {logging_mixin.py:190} INFO - [2025-04-13T16:49:03.832+0000] {dag.py:4180} INFO - Setting next_dagrun for example_subdag_operator.section-1 to None, run_after=None
[2025-04-13T16:49:03.836+0000] {logging_mixin.py:190} INFO - [2025-04-13T16:49:03.836+0000] {dag.py:4180} INFO - Setting next_dagrun for example_subdag_operator.section-2 to None, run_after=None
[2025-04-13T16:49:03.876+0000] {logging_mixin.py:190} INFO - [2025-04-13T16:49:03.876+0000] {dag.py:3239} INFO - Sync 2 DAGs
[2025-04-13T16:49:03.898+0000] {logging_mixin.py:190} INFO - [2025-04-13T16:49:03.887+0000] {dag.py:4180} INFO - Setting next_dagrun for example_subdag_operator.section-1 to None, run_after=None
[2025-04-13T16:49:03.913+0000] {logging_mixin.py:190} INFO - [2025-04-13T16:49:03.911+0000] {dag.py:4180} INFO - Setting next_dagrun for example_subdag_operator.section-2 to None, run_after=None
[2025-04-13T16:49:03.939+0000] {processor.py:208} INFO - Processing /home/airflow/.local/lib/python3.12/site-packages/airflow/example_dags/example_subdag_operator.py took 2.813 seconds
[2025-04-13T16:50:46.041+0000] {processor.py:186} INFO - Started process (PID=191) to work on /home/airflow/.local/lib/python3.12/site-packages/airflow/example_dags/example_subdag_operator.py
[2025-04-13T16:50:46.058+0000] {processor.py:914} INFO - Processing file /home/airflow/.local/lib/python3.12/site-packages/airflow/example_dags/example_subdag_operator.py for tasks to queue
[2025-04-13T16:50:46.104+0000] {logging_mixin.py:190} INFO - [2025-04-13T16:50:46.090+0000] {dagbag.py:588} INFO - Filling up the DagBag from /home/airflow/.local/lib/python3.12/site-packages/airflow/example_dags/example_subdag_operator.py
[2025-04-13T16:50:46.368+0000] {processor.py:925} INFO - DAG(s) 'example_subdag_operator.section-1', 'example_subdag_operator.section-2', 'example_subdag_operator' retrieved from /home/airflow/.local/lib/python3.12/site-packages/airflow/example_dags/example_subdag_operator.py
[2025-04-13T16:50:46.665+0000] {logging_mixin.py:190} INFO - [2025-04-13T16:50:46.664+0000] {dag.py:3239} INFO - Sync 3 DAGs
[2025-04-13T16:50:46.787+0000] {logging_mixin.py:190} INFO - [2025-04-13T16:50:46.787+0000] {dag.py:4180} INFO - Setting next_dagrun for example_subdag_operator to 2022-01-01 00:00:00+00:00, run_after=2022-01-01 00:00:00+00:00
[2025-04-13T16:50:46.809+0000] {logging_mixin.py:190} INFO - [2025-04-13T16:50:46.809+0000] {dag.py:4180} INFO - Setting next_dagrun for example_subdag_operator.section-1 to None, run_after=None
[2025-04-13T16:50:46.821+0000] {logging_mixin.py:190} INFO - [2025-04-13T16:50:46.819+0000] {dag.py:4180} INFO - Setting next_dagrun for example_subdag_operator.section-2 to None, run_after=None
[2025-04-13T16:50:46.905+0000] {logging_mixin.py:190} INFO - [2025-04-13T16:50:46.905+0000] {dag.py:3239} INFO - Sync 2 DAGs
[2025-04-13T16:50:46.936+0000] {logging_mixin.py:190} INFO - [2025-04-13T16:50:46.936+0000] {dag.py:4180} INFO - Setting next_dagrun for example_subdag_operator.section-1 to None, run_after=None
[2025-04-13T16:50:46.938+0000] {logging_mixin.py:190} INFO - [2025-04-13T16:50:46.938+0000] {dag.py:4180} INFO - Setting next_dagrun for example_subdag_operator.section-2 to None, run_after=None
[2025-04-13T16:50:47.005+0000] {processor.py:208} INFO - Processing /home/airflow/.local/lib/python3.12/site-packages/airflow/example_dags/example_subdag_operator.py took 1.016 seconds
[2025-04-13T16:51:25.896+0000] {processor.py:186} INFO - Started process (PID=261) to work on /home/airflow/.local/lib/python3.12/site-packages/airflow/example_dags/example_subdag_operator.py
[2025-04-13T16:51:25.908+0000] {processor.py:914} INFO - Processing file /home/airflow/.local/lib/python3.12/site-packages/airflow/example_dags/example_subdag_operator.py for tasks to queue
[2025-04-13T16:51:25.921+0000] {logging_mixin.py:190} INFO - [2025-04-13T16:51:25.919+0000] {dagbag.py:588} INFO - Filling up the DagBag from /home/airflow/.local/lib/python3.12/site-packages/airflow/example_dags/example_subdag_operator.py
[2025-04-13T16:51:26.054+0000] {processor.py:925} INFO - DAG(s) 'example_subdag_operator.section-1', 'example_subdag_operator.section-2', 'example_subdag_operator' retrieved from /home/airflow/.local/lib/python3.12/site-packages/airflow/example_dags/example_subdag_operator.py
[2025-04-13T16:51:26.176+0000] {logging_mixin.py:190} INFO - [2025-04-13T16:51:26.174+0000] {dag.py:3239} INFO - Sync 3 DAGs
[2025-04-13T16:51:26.451+0000] {logging_mixin.py:190} INFO - [2025-04-13T16:51:26.450+0000] {dag.py:4180} INFO - Setting next_dagrun for example_subdag_operator to 2022-01-01 00:00:00+00:00, run_after=2022-01-01 00:00:00+00:00
[2025-04-13T16:51:26.474+0000] {logging_mixin.py:190} INFO - [2025-04-13T16:51:26.473+0000] {dag.py:4180} INFO - Setting next_dagrun for example_subdag_operator.section-1 to None, run_after=None
[2025-04-13T16:51:26.494+0000] {logging_mixin.py:190} INFO - [2025-04-13T16:51:26.493+0000] {dag.py:4180} INFO - Setting next_dagrun for example_subdag_operator.section-2 to None, run_after=None
[2025-04-13T16:51:26.538+0000] {logging_mixin.py:190} INFO - [2025-04-13T16:51:26.533+0000] {dag.py:3239} INFO - Sync 2 DAGs
[2025-04-13T16:51:26.589+0000] {logging_mixin.py:190} INFO - [2025-04-13T16:51:26.589+0000] {dag.py:4180} INFO - Setting next_dagrun for example_subdag_operator.section-1 to None, run_after=None
[2025-04-13T16:51:26.604+0000] {logging_mixin.py:190} INFO - [2025-04-13T16:51:26.590+0000] {dag.py:4180} INFO - Setting next_dagrun for example_subdag_operator.section-2 to None, run_after=None
[2025-04-13T16:51:26.795+0000] {processor.py:208} INFO - Processing /home/airflow/.local/lib/python3.12/site-packages/airflow/example_dags/example_subdag_operator.py took 0.913 seconds
[2025-04-13T16:51:57.373+0000] {processor.py:186} INFO - Started process (PID=324) to work on /home/airflow/.local/lib/python3.12/site-packages/airflow/example_dags/example_subdag_operator.py
[2025-04-13T16:51:57.375+0000] {processor.py:914} INFO - Processing file /home/airflow/.local/lib/python3.12/site-packages/airflow/example_dags/example_subdag_operator.py for tasks to queue
[2025-04-13T16:51:57.381+0000] {logging_mixin.py:190} INFO - [2025-04-13T16:51:57.380+0000] {dagbag.py:588} INFO - Filling up the DagBag from /home/airflow/.local/lib/python3.12/site-packages/airflow/example_dags/example_subdag_operator.py
[2025-04-13T16:51:57.491+0000] {processor.py:925} INFO - DAG(s) 'example_subdag_operator.section-1', 'example_subdag_operator.section-2', 'example_subdag_operator' retrieved from /home/airflow/.local/lib/python3.12/site-packages/airflow/example_dags/example_subdag_operator.py
[2025-04-13T16:51:57.557+0000] {logging_mixin.py:190} INFO - [2025-04-13T16:51:57.556+0000] {dag.py:3239} INFO - Sync 3 DAGs
[2025-04-13T16:51:57.713+0000] {logging_mixin.py:190} INFO - [2025-04-13T16:51:57.712+0000] {dag.py:4180} INFO - Setting next_dagrun for example_subdag_operator to 2022-01-01 00:00:00+00:00, run_after=2022-01-01 00:00:00+00:00
[2025-04-13T16:51:57.744+0000] {logging_mixin.py:190} INFO - [2025-04-13T16:51:57.743+0000] {dag.py:4180} INFO - Setting next_dagrun for example_subdag_operator.section-1 to None, run_after=None
[2025-04-13T16:51:57.749+0000] {logging_mixin.py:190} INFO - [2025-04-13T16:51:57.748+0000] {dag.py:4180} INFO - Setting next_dagrun for example_subdag_operator.section-2 to None, run_after=None
[2025-04-13T16:51:57.791+0000] {logging_mixin.py:190} INFO - [2025-04-13T16:51:57.790+0000] {dag.py:3239} INFO - Sync 2 DAGs
[2025-04-13T16:51:57.830+0000] {logging_mixin.py:190} INFO - [2025-04-13T16:51:57.829+0000] {dag.py:4180} INFO - Setting next_dagrun for example_subdag_operator.section-1 to None, run_after=None
[2025-04-13T16:51:57.833+0000] {logging_mixin.py:190} INFO - [2025-04-13T16:51:57.833+0000] {dag.py:4180} INFO - Setting next_dagrun for example_subdag_operator.section-2 to None, run_after=None
[2025-04-13T16:51:57.926+0000] {processor.py:208} INFO - Processing /home/airflow/.local/lib/python3.12/site-packages/airflow/example_dags/example_subdag_operator.py took 0.588 seconds
[2025-04-13T16:52:29.112+0000] {processor.py:186} INFO - Started process (PID=388) to work on /home/airflow/.local/lib/python3.12/site-packages/airflow/example_dags/example_subdag_operator.py
[2025-04-13T16:52:29.115+0000] {processor.py:914} INFO - Processing file /home/airflow/.local/lib/python3.12/site-packages/airflow/example_dags/example_subdag_operator.py for tasks to queue
[2025-04-13T16:52:29.120+0000] {logging_mixin.py:190} INFO - [2025-04-13T16:52:29.119+0000] {dagbag.py:588} INFO - Filling up the DagBag from /home/airflow/.local/lib/python3.12/site-packages/airflow/example_dags/example_subdag_operator.py
[2025-04-13T16:52:29.212+0000] {processor.py:925} INFO - DAG(s) 'example_subdag_operator.section-1', 'example_subdag_operator.section-2', 'example_subdag_operator' retrieved from /home/airflow/.local/lib/python3.12/site-packages/airflow/example_dags/example_subdag_operator.py
[2025-04-13T16:52:29.252+0000] {logging_mixin.py:190} INFO - [2025-04-13T16:52:29.252+0000] {dag.py:3239} INFO - Sync 3 DAGs
[2025-04-13T16:52:29.466+0000] {logging_mixin.py:190} INFO - [2025-04-13T16:52:29.466+0000] {dag.py:4180} INFO - Setting next_dagrun for example_subdag_operator to 2022-01-01 00:00:00+00:00, run_after=2022-01-01 00:00:00+00:00
[2025-04-13T16:52:29.482+0000] {logging_mixin.py:190} INFO - [2025-04-13T16:52:29.482+0000] {dag.py:4180} INFO - Setting next_dagrun for example_subdag_operator.section-1 to None, run_after=None
[2025-04-13T16:52:29.507+0000] {logging_mixin.py:190} INFO - [2025-04-13T16:52:29.506+0000] {dag.py:4180} INFO - Setting next_dagrun for example_subdag_operator.section-2 to None, run_after=None
[2025-04-13T16:52:29.602+0000] {logging_mixin.py:190} INFO - [2025-04-13T16:52:29.601+0000] {dag.py:3239} INFO - Sync 2 DAGs
[2025-04-13T16:52:29.647+0000] {logging_mixin.py:190} INFO - [2025-04-13T16:52:29.646+0000] {dag.py:4180} INFO - Setting next_dagrun for example_subdag_operator.section-1 to None, run_after=None
[2025-04-13T16:52:29.654+0000] {logging_mixin.py:190} INFO - [2025-04-13T16:52:29.653+0000] {dag.py:4180} INFO - Setting next_dagrun for example_subdag_operator.section-2 to None, run_after=None
[2025-04-13T16:52:29.715+0000] {processor.py:208} INFO - Processing /home/airflow/.local/lib/python3.12/site-packages/airflow/example_dags/example_subdag_operator.py took 0.624 seconds
[2025-04-13T16:53:16.370+0000] {processor.py:186} INFO - Started process (PID=452) to work on /home/airflow/.local/lib/python3.12/site-packages/airflow/example_dags/example_subdag_operator.py
[2025-04-13T16:53:17.093+0000] {processor.py:914} INFO - Processing file /home/airflow/.local/lib/python3.12/site-packages/airflow/example_dags/example_subdag_operator.py for tasks to queue
[2025-04-13T16:53:17.151+0000] {logging_mixin.py:190} INFO - [2025-04-13T16:53:17.150+0000] {dagbag.py:588} INFO - Filling up the DagBag from /home/airflow/.local/lib/python3.12/site-packages/airflow/example_dags/example_subdag_operator.py
[2025-04-13T16:53:18.341+0000] {processor.py:925} INFO - DAG(s) 'example_subdag_operator.section-1', 'example_subdag_operator.section-2', 'example_subdag_operator' retrieved from /home/airflow/.local/lib/python3.12/site-packages/airflow/example_dags/example_subdag_operator.py
[2025-04-13T16:53:18.711+0000] {logging_mixin.py:190} INFO - [2025-04-13T16:53:18.711+0000] {dag.py:3239} INFO - Sync 3 DAGs
[2025-04-13T16:53:19.172+0000] {logging_mixin.py:190} INFO - [2025-04-13T16:53:19.118+0000] {dag.py:4180} INFO - Setting next_dagrun for example_subdag_operator to 2022-01-01 00:00:00+00:00, run_after=2022-01-01 00:00:00+00:00
[2025-04-13T16:53:19.331+0000] {logging_mixin.py:190} INFO - [2025-04-13T16:53:19.331+0000] {dag.py:4180} INFO - Setting next_dagrun for example_subdag_operator.section-1 to None, run_after=None
[2025-04-13T16:53:19.400+0000] {logging_mixin.py:190} INFO - [2025-04-13T16:53:19.399+0000] {dag.py:4180} INFO - Setting next_dagrun for example_subdag_operator.section-2 to None, run_after=None
[2025-04-13T16:53:20.188+0000] {logging_mixin.py:190} INFO - [2025-04-13T16:53:20.188+0000] {dag.py:3239} INFO - Sync 2 DAGs
[2025-04-13T16:53:20.729+0000] {logging_mixin.py:190} INFO - [2025-04-13T16:53:20.728+0000] {dag.py:4180} INFO - Setting next_dagrun for example_subdag_operator.section-1 to None, run_after=None
[2025-04-13T16:53:21.046+0000] {logging_mixin.py:190} INFO - [2025-04-13T16:53:20.882+0000] {dag.py:4180} INFO - Setting next_dagrun for example_subdag_operator.section-2 to None, run_after=None
[2025-04-13T16:53:21.802+0000] {processor.py:208} INFO - Processing /home/airflow/.local/lib/python3.12/site-packages/airflow/example_dags/example_subdag_operator.py took 5.533 seconds
[2025-04-13T16:53:54.086+0000] {processor.py:186} INFO - Started process (PID=522) to work on /home/airflow/.local/lib/python3.12/site-packages/airflow/example_dags/example_subdag_operator.py
[2025-04-13T16:53:54.088+0000] {processor.py:914} INFO - Processing file /home/airflow/.local/lib/python3.12/site-packages/airflow/example_dags/example_subdag_operator.py for tasks to queue
[2025-04-13T16:53:54.094+0000] {logging_mixin.py:190} INFO - [2025-04-13T16:53:54.093+0000] {dagbag.py:588} INFO - Filling up the DagBag from /home/airflow/.local/lib/python3.12/site-packages/airflow/example_dags/example_subdag_operator.py
[2025-04-13T16:53:54.174+0000] {processor.py:925} INFO - DAG(s) 'example_subdag_operator.section-1', 'example_subdag_operator.section-2', 'example_subdag_operator' retrieved from /home/airflow/.local/lib/python3.12/site-packages/airflow/example_dags/example_subdag_operator.py
[2025-04-13T16:53:54.230+0000] {logging_mixin.py:190} INFO - [2025-04-13T16:53:54.229+0000] {dag.py:3239} INFO - Sync 3 DAGs
[2025-04-13T16:53:54.291+0000] {logging_mixin.py:190} INFO - [2025-04-13T16:53:54.290+0000] {dag.py:4180} INFO - Setting next_dagrun for example_subdag_operator to 2022-01-01 00:00:00+00:00, run_after=2022-01-01 00:00:00+00:00
[2025-04-13T16:53:54.321+0000] {logging_mixin.py:190} INFO - [2025-04-13T16:53:54.321+0000] {dag.py:4180} INFO - Setting next_dagrun for example_subdag_operator.section-1 to None, run_after=None
[2025-04-13T16:53:54.326+0000] {logging_mixin.py:190} INFO - [2025-04-13T16:53:54.326+0000] {dag.py:4180} INFO - Setting next_dagrun for example_subdag_operator.section-2 to None, run_after=None
[2025-04-13T16:53:54.345+0000] {logging_mixin.py:190} INFO - [2025-04-13T16:53:54.345+0000] {dag.py:3239} INFO - Sync 2 DAGs
[2025-04-13T16:53:54.365+0000] {logging_mixin.py:190} INFO - [2025-04-13T16:53:54.364+0000] {dag.py:4180} INFO - Setting next_dagrun for example_subdag_operator.section-1 to None, run_after=None
[2025-04-13T16:53:54.366+0000] {logging_mixin.py:190} INFO - [2025-04-13T16:53:54.366+0000] {dag.py:4180} INFO - Setting next_dagrun for example_subdag_operator.section-2 to None, run_after=None
[2025-04-13T16:53:54.394+0000] {processor.py:208} INFO - Processing /home/airflow/.local/lib/python3.12/site-packages/airflow/example_dags/example_subdag_operator.py took 0.323 seconds
[2025-04-13T16:54:36.018+0000] {processor.py:186} INFO - Started process (PID=569) to work on /home/airflow/.local/lib/python3.12/site-packages/airflow/example_dags/example_subdag_operator.py
[2025-04-13T16:54:36.021+0000] {processor.py:914} INFO - Processing file /home/airflow/.local/lib/python3.12/site-packages/airflow/example_dags/example_subdag_operator.py for tasks to queue
[2025-04-13T16:54:36.029+0000] {logging_mixin.py:190} INFO - [2025-04-13T16:54:36.028+0000] {dagbag.py:588} INFO - Filling up the DagBag from /home/airflow/.local/lib/python3.12/site-packages/airflow/example_dags/example_subdag_operator.py
[2025-04-13T16:54:36.175+0000] {processor.py:925} INFO - DAG(s) 'example_subdag_operator.section-1', 'example_subdag_operator.section-2', 'example_subdag_operator' retrieved from /home/airflow/.local/lib/python3.12/site-packages/airflow/example_dags/example_subdag_operator.py
[2025-04-13T16:54:36.260+0000] {logging_mixin.py:190} INFO - [2025-04-13T16:54:36.259+0000] {dag.py:3239} INFO - Sync 3 DAGs
[2025-04-13T16:54:36.390+0000] {logging_mixin.py:190} INFO - [2025-04-13T16:54:36.390+0000] {dag.py:4180} INFO - Setting next_dagrun for example_subdag_operator to 2022-01-01 00:00:00+00:00, run_after=2022-01-01 00:00:00+00:00
[2025-04-13T16:54:36.413+0000] {logging_mixin.py:190} INFO - [2025-04-13T16:54:36.413+0000] {dag.py:4180} INFO - Setting next_dagrun for example_subdag_operator.section-1 to None, run_after=None
[2025-04-13T16:54:36.455+0000] {logging_mixin.py:190} INFO - [2025-04-13T16:54:36.454+0000] {dag.py:4180} INFO - Setting next_dagrun for example_subdag_operator.section-2 to None, run_after=None
[2025-04-13T16:54:36.634+0000] {logging_mixin.py:190} INFO - [2025-04-13T16:54:36.612+0000] {dag.py:3239} INFO - Sync 2 DAGs
[2025-04-13T16:54:36.700+0000] {logging_mixin.py:190} INFO - [2025-04-13T16:54:36.699+0000] {dag.py:4180} INFO - Setting next_dagrun for example_subdag_operator.section-1 to None, run_after=None
[2025-04-13T16:54:36.709+0000] {logging_mixin.py:190} INFO - [2025-04-13T16:54:36.709+0000] {dag.py:4180} INFO - Setting next_dagrun for example_subdag_operator.section-2 to None, run_after=None
[2025-04-13T16:54:37.000+0000] {processor.py:208} INFO - Processing /home/airflow/.local/lib/python3.12/site-packages/airflow/example_dags/example_subdag_operator.py took 0.999 seconds
[2025-04-13T17:03:34.672+0000] {processor.py:186} INFO - Started process (PID=124) to work on /home/airflow/.local/lib/python3.12/site-packages/airflow/example_dags/example_subdag_operator.py
[2025-04-13T17:03:34.691+0000] {processor.py:914} INFO - Processing file /home/airflow/.local/lib/python3.12/site-packages/airflow/example_dags/example_subdag_operator.py for tasks to queue
[2025-04-13T17:03:34.715+0000] {logging_mixin.py:190} INFO - [2025-04-13T17:03:34.714+0000] {dagbag.py:588} INFO - Filling up the DagBag from /home/airflow/.local/lib/python3.12/site-packages/airflow/example_dags/example_subdag_operator.py
[2025-04-13T17:03:35.564+0000] {processor.py:925} INFO - DAG(s) 'example_subdag_operator.section-1', 'example_subdag_operator.section-2', 'example_subdag_operator' retrieved from /home/airflow/.local/lib/python3.12/site-packages/airflow/example_dags/example_subdag_operator.py
[2025-04-13T17:03:36.072+0000] {logging_mixin.py:190} INFO - [2025-04-13T17:03:36.071+0000] {dag.py:3239} INFO - Sync 3 DAGs
[2025-04-13T17:03:36.596+0000] {logging_mixin.py:190} INFO - [2025-04-13T17:03:36.595+0000] {dag.py:4180} INFO - Setting next_dagrun for example_subdag_operator to 2022-01-01 00:00:00+00:00, run_after=2022-01-01 00:00:00+00:00
[2025-04-13T17:03:36.639+0000] {logging_mixin.py:190} INFO - [2025-04-13T17:03:36.639+0000] {dag.py:4180} INFO - Setting next_dagrun for example_subdag_operator.section-1 to None, run_after=None
[2025-04-13T17:03:36.718+0000] {logging_mixin.py:190} INFO - [2025-04-13T17:03:36.694+0000] {dag.py:4180} INFO - Setting next_dagrun for example_subdag_operator.section-2 to None, run_after=None
[2025-04-13T17:03:36.978+0000] {logging_mixin.py:190} INFO - [2025-04-13T17:03:36.954+0000] {dag.py:3239} INFO - Sync 2 DAGs
[2025-04-13T17:03:37.012+0000] {logging_mixin.py:190} INFO - [2025-04-13T17:03:37.011+0000] {dag.py:4180} INFO - Setting next_dagrun for example_subdag_operator.section-1 to None, run_after=None
[2025-04-13T17:03:37.034+0000] {logging_mixin.py:190} INFO - [2025-04-13T17:03:37.032+0000] {dag.py:4180} INFO - Setting next_dagrun for example_subdag_operator.section-2 to None, run_after=None
[2025-04-13T17:03:37.413+0000] {processor.py:208} INFO - Processing /home/airflow/.local/lib/python3.12/site-packages/airflow/example_dags/example_subdag_operator.py took 2.854 seconds
[2025-04-13T17:05:46.461+0000] {processor.py:186} INFO - Started process (PID=205) to work on /home/airflow/.local/lib/python3.12/site-packages/airflow/example_dags/example_subdag_operator.py
[2025-04-13T17:05:46.480+0000] {processor.py:914} INFO - Processing file /home/airflow/.local/lib/python3.12/site-packages/airflow/example_dags/example_subdag_operator.py for tasks to queue
[2025-04-13T17:05:46.527+0000] {logging_mixin.py:190} INFO - [2025-04-13T17:05:46.526+0000] {dagbag.py:588} INFO - Filling up the DagBag from /home/airflow/.local/lib/python3.12/site-packages/airflow/example_dags/example_subdag_operator.py
[2025-04-13T17:05:47.135+0000] {processor.py:925} INFO - DAG(s) 'example_subdag_operator.section-1', 'example_subdag_operator.section-2', 'example_subdag_operator' retrieved from /home/airflow/.local/lib/python3.12/site-packages/airflow/example_dags/example_subdag_operator.py
[2025-04-13T17:05:47.590+0000] {logging_mixin.py:190} INFO - [2025-04-13T17:05:47.590+0000] {dag.py:3239} INFO - Sync 3 DAGs
[2025-04-13T17:05:48.348+0000] {logging_mixin.py:190} INFO - [2025-04-13T17:05:48.259+0000] {dag.py:4180} INFO - Setting next_dagrun for example_subdag_operator to 2022-01-01 00:00:00+00:00, run_after=2022-01-01 00:00:00+00:00
[2025-04-13T17:05:48.496+0000] {logging_mixin.py:190} INFO - [2025-04-13T17:05:48.495+0000] {dag.py:4180} INFO - Setting next_dagrun for example_subdag_operator.section-1 to None, run_after=None
[2025-04-13T17:05:48.589+0000] {logging_mixin.py:190} INFO - [2025-04-13T17:05:48.588+0000] {dag.py:4180} INFO - Setting next_dagrun for example_subdag_operator.section-2 to None, run_after=None
[2025-04-13T17:05:48.728+0000] {logging_mixin.py:190} INFO - [2025-04-13T17:05:48.728+0000] {dag.py:3239} INFO - Sync 2 DAGs
[2025-04-13T17:05:48.874+0000] {logging_mixin.py:190} INFO - [2025-04-13T17:05:48.873+0000] {dag.py:4180} INFO - Setting next_dagrun for example_subdag_operator.section-1 to None, run_after=None
[2025-04-13T17:05:48.900+0000] {logging_mixin.py:190} INFO - [2025-04-13T17:05:48.900+0000] {dag.py:4180} INFO - Setting next_dagrun for example_subdag_operator.section-2 to None, run_after=None
[2025-04-13T17:05:49.754+0000] {processor.py:208} INFO - Processing /home/airflow/.local/lib/python3.12/site-packages/airflow/example_dags/example_subdag_operator.py took 3.379 seconds
[2025-04-13T17:24:17.186+0000] {processor.py:186} INFO - Started process (PID=173) to work on /home/airflow/.local/lib/python3.12/site-packages/airflow/example_dags/example_subdag_operator.py
[2025-04-13T17:24:17.203+0000] {processor.py:914} INFO - Processing file /home/airflow/.local/lib/python3.12/site-packages/airflow/example_dags/example_subdag_operator.py for tasks to queue
[2025-04-13T17:24:17.397+0000] {logging_mixin.py:190} INFO - [2025-04-13T17:24:17.395+0000] {dagbag.py:588} INFO - Filling up the DagBag from /home/airflow/.local/lib/python3.12/site-packages/airflow/example_dags/example_subdag_operator.py
[2025-04-13T17:24:19.540+0000] {processor.py:925} INFO - DAG(s) 'example_subdag_operator.section-1', 'example_subdag_operator.section-2', 'example_subdag_operator' retrieved from /home/airflow/.local/lib/python3.12/site-packages/airflow/example_dags/example_subdag_operator.py
[2025-04-13T17:24:21.313+0000] {logging_mixin.py:190} INFO - [2025-04-13T17:24:21.311+0000] {dag.py:3239} INFO - Sync 3 DAGs
[2025-04-13T17:24:23.737+0000] {logging_mixin.py:190} INFO - [2025-04-13T17:24:23.737+0000] {dag.py:4180} INFO - Setting next_dagrun for example_subdag_operator to 2022-01-01 00:00:00+00:00, run_after=2022-01-01 00:00:00+00:00
[2025-04-13T17:24:24.442+0000] {logging_mixin.py:190} INFO - [2025-04-13T17:24:24.441+0000] {dag.py:4180} INFO - Setting next_dagrun for example_subdag_operator.section-1 to None, run_after=None
[2025-04-13T17:24:24.665+0000] {logging_mixin.py:190} INFO - [2025-04-13T17:24:24.665+0000] {dag.py:4180} INFO - Setting next_dagrun for example_subdag_operator.section-2 to None, run_after=None
[2025-04-13T17:24:25.188+0000] {logging_mixin.py:190} INFO - [2025-04-13T17:24:25.188+0000] {dag.py:3239} INFO - Sync 2 DAGs
[2025-04-13T17:24:26.087+0000] {logging_mixin.py:190} INFO - [2025-04-13T17:24:26.086+0000] {dag.py:4180} INFO - Setting next_dagrun for example_subdag_operator.section-1 to None, run_after=None
[2025-04-13T17:24:26.501+0000] {logging_mixin.py:190} INFO - [2025-04-13T17:24:26.497+0000] {dag.py:4180} INFO - Setting next_dagrun for example_subdag_operator.section-2 to None, run_after=None
[2025-04-13T17:24:28.200+0000] {processor.py:208} INFO - Processing /home/airflow/.local/lib/python3.12/site-packages/airflow/example_dags/example_subdag_operator.py took 11.593 seconds
[2025-04-13T18:10:56.333+0000] {processor.py:186} INFO - Started process (PID=269) to work on /home/airflow/.local/lib/python3.12/site-packages/airflow/example_dags/example_subdag_operator.py
[2025-04-13T18:10:56.382+0000] {processor.py:914} INFO - Processing file /home/airflow/.local/lib/python3.12/site-packages/airflow/example_dags/example_subdag_operator.py for tasks to queue
[2025-04-13T18:10:56.833+0000] {logging_mixin.py:190} INFO - [2025-04-13T18:10:56.832+0000] {dagbag.py:588} INFO - Filling up the DagBag from /home/airflow/.local/lib/python3.12/site-packages/airflow/example_dags/example_subdag_operator.py
[2025-04-13T18:11:01.338+0000] {processor.py:925} INFO - DAG(s) 'example_subdag_operator.section-1', 'example_subdag_operator.section-2', 'example_subdag_operator' retrieved from /home/airflow/.local/lib/python3.12/site-packages/airflow/example_dags/example_subdag_operator.py
[2025-04-13T18:11:03.666+0000] {logging_mixin.py:190} INFO - [2025-04-13T18:11:03.666+0000] {dag.py:3239} INFO - Sync 3 DAGs
[2025-04-13T18:11:05.565+0000] {logging_mixin.py:190} INFO - [2025-04-13T18:11:05.452+0000] {dag.py:4180} INFO - Setting next_dagrun for example_subdag_operator to 2022-01-01 00:00:00+00:00, run_after=2022-01-01 00:00:00+00:00
[2025-04-13T18:11:05.708+0000] {logging_mixin.py:190} INFO - [2025-04-13T18:11:05.708+0000] {dag.py:4180} INFO - Setting next_dagrun for example_subdag_operator.section-1 to None, run_after=None
[2025-04-13T18:11:06.545+0000] {logging_mixin.py:190} INFO - [2025-04-13T18:11:06.545+0000] {dag.py:4180} INFO - Setting next_dagrun for example_subdag_operator.section-2 to None, run_after=None
[2025-04-13T18:11:06.882+0000] {logging_mixin.py:190} INFO - [2025-04-13T18:11:06.881+0000] {dag.py:3239} INFO - Sync 2 DAGs
[2025-04-13T18:11:07.481+0000] {logging_mixin.py:190} INFO - [2025-04-13T18:11:07.480+0000] {dag.py:4180} INFO - Setting next_dagrun for example_subdag_operator.section-1 to None, run_after=None
[2025-04-13T18:11:07.730+0000] {logging_mixin.py:190} INFO - [2025-04-13T18:11:07.576+0000] {dag.py:4180} INFO - Setting next_dagrun for example_subdag_operator.section-2 to None, run_after=None
[2025-04-13T18:11:10.318+0000] {processor.py:208} INFO - Processing /home/airflow/.local/lib/python3.12/site-packages/airflow/example_dags/example_subdag_operator.py took 15.734 seconds
[2025-04-13T18:19:32.923+0000] {processor.py:186} INFO - Started process (PID=408) to work on /home/airflow/.local/lib/python3.12/site-packages/airflow/example_dags/example_subdag_operator.py
[2025-04-13T18:19:33.838+0000] {processor.py:914} INFO - Processing file /home/airflow/.local/lib/python3.12/site-packages/airflow/example_dags/example_subdag_operator.py for tasks to queue
[2025-04-13T18:19:34.306+0000] {logging_mixin.py:190} INFO - [2025-04-13T18:19:34.274+0000] {dagbag.py:588} INFO - Filling up the DagBag from /home/airflow/.local/lib/python3.12/site-packages/airflow/example_dags/example_subdag_operator.py
[2025-04-13T18:19:39.483+0000] {processor.py:925} INFO - DAG(s) 'example_subdag_operator.section-1', 'example_subdag_operator.section-2', 'example_subdag_operator' retrieved from /home/airflow/.local/lib/python3.12/site-packages/airflow/example_dags/example_subdag_operator.py
[2025-04-13T18:19:41.585+0000] {logging_mixin.py:190} INFO - [2025-04-13T18:19:41.584+0000] {dag.py:3239} INFO - Sync 3 DAGs
[2025-04-13T18:19:43.773+0000] {logging_mixin.py:190} INFO - [2025-04-13T18:19:43.772+0000] {dag.py:4180} INFO - Setting next_dagrun for example_subdag_operator to 2022-01-01 00:00:00+00:00, run_after=2022-01-01 00:00:00+00:00
[2025-04-13T18:19:44.124+0000] {logging_mixin.py:190} INFO - [2025-04-13T18:19:44.123+0000] {dag.py:4180} INFO - Setting next_dagrun for example_subdag_operator.section-1 to None, run_after=None
[2025-04-13T18:19:44.252+0000] {logging_mixin.py:190} INFO - [2025-04-13T18:19:44.233+0000] {dag.py:4180} INFO - Setting next_dagrun for example_subdag_operator.section-2 to None, run_after=None
[2025-04-13T18:19:45.078+0000] {logging_mixin.py:190} INFO - [2025-04-13T18:19:45.077+0000] {dag.py:3239} INFO - Sync 2 DAGs
[2025-04-13T18:19:45.509+0000] {logging_mixin.py:190} INFO - [2025-04-13T18:19:45.508+0000] {dag.py:4180} INFO - Setting next_dagrun for example_subdag_operator.section-1 to None, run_after=None
[2025-04-13T18:19:45.768+0000] {logging_mixin.py:190} INFO - [2025-04-13T18:19:45.768+0000] {dag.py:4180} INFO - Setting next_dagrun for example_subdag_operator.section-2 to None, run_after=None
[2025-04-13T18:19:46.852+0000] {processor.py:208} INFO - Processing /home/airflow/.local/lib/python3.12/site-packages/airflow/example_dags/example_subdag_operator.py took 14.677 seconds
[2025-04-13T20:51:53.746+0000] {processor.py:186} INFO - Started process (PID=104) to work on /home/airflow/.local/lib/python3.12/site-packages/airflow/example_dags/example_subdag_operator.py
[2025-04-13T20:51:53.761+0000] {processor.py:914} INFO - Processing file /home/airflow/.local/lib/python3.12/site-packages/airflow/example_dags/example_subdag_operator.py for tasks to queue
[2025-04-13T20:51:53.801+0000] {logging_mixin.py:190} INFO - [2025-04-13T20:51:53.797+0000] {dagbag.py:588} INFO - Filling up the DagBag from /home/airflow/.local/lib/python3.12/site-packages/airflow/example_dags/example_subdag_operator.py
[2025-04-13T20:51:54.056+0000] {processor.py:925} INFO - DAG(s) 'example_subdag_operator.section-1', 'example_subdag_operator.section-2', 'example_subdag_operator' retrieved from /home/airflow/.local/lib/python3.12/site-packages/airflow/example_dags/example_subdag_operator.py
[2025-04-13T20:51:54.377+0000] {logging_mixin.py:190} INFO - [2025-04-13T20:51:54.375+0000] {dag.py:3239} INFO - Sync 3 DAGs
[2025-04-13T20:51:54.571+0000] {logging_mixin.py:190} INFO - [2025-04-13T20:51:54.570+0000] {dag.py:4180} INFO - Setting next_dagrun for example_subdag_operator to 2022-01-01 00:00:00+00:00, run_after=2022-01-01 00:00:00+00:00
[2025-04-13T20:51:54.578+0000] {logging_mixin.py:190} INFO - [2025-04-13T20:51:54.578+0000] {dag.py:4180} INFO - Setting next_dagrun for example_subdag_operator.section-1 to None, run_after=None
[2025-04-13T20:51:54.627+0000] {logging_mixin.py:190} INFO - [2025-04-13T20:51:54.627+0000] {dag.py:4180} INFO - Setting next_dagrun for example_subdag_operator.section-2 to None, run_after=None
[2025-04-13T20:51:54.644+0000] {logging_mixin.py:190} INFO - [2025-04-13T20:51:54.644+0000] {dag.py:3239} INFO - Sync 2 DAGs
[2025-04-13T20:51:54.680+0000] {logging_mixin.py:190} INFO - [2025-04-13T20:51:54.679+0000] {dag.py:4180} INFO - Setting next_dagrun for example_subdag_operator.section-1 to None, run_after=None
[2025-04-13T20:51:54.692+0000] {logging_mixin.py:190} INFO - [2025-04-13T20:51:54.692+0000] {dag.py:4180} INFO - Setting next_dagrun for example_subdag_operator.section-2 to None, run_after=None
[2025-04-13T20:51:54.794+0000] {processor.py:208} INFO - Processing /home/airflow/.local/lib/python3.12/site-packages/airflow/example_dags/example_subdag_operator.py took 1.084 seconds
[2025-04-13T20:52:25.080+0000] {processor.py:186} INFO - Started process (PID=168) to work on /home/airflow/.local/lib/python3.12/site-packages/airflow/example_dags/example_subdag_operator.py
[2025-04-13T20:52:25.082+0000] {processor.py:914} INFO - Processing file /home/airflow/.local/lib/python3.12/site-packages/airflow/example_dags/example_subdag_operator.py for tasks to queue
[2025-04-13T20:52:25.087+0000] {logging_mixin.py:190} INFO - [2025-04-13T20:52:25.087+0000] {dagbag.py:588} INFO - Filling up the DagBag from /home/airflow/.local/lib/python3.12/site-packages/airflow/example_dags/example_subdag_operator.py
[2025-04-13T20:52:25.142+0000] {processor.py:925} INFO - DAG(s) 'example_subdag_operator.section-1', 'example_subdag_operator.section-2', 'example_subdag_operator' retrieved from /home/airflow/.local/lib/python3.12/site-packages/airflow/example_dags/example_subdag_operator.py
[2025-04-13T20:52:25.186+0000] {logging_mixin.py:190} INFO - [2025-04-13T20:52:25.185+0000] {dag.py:3239} INFO - Sync 3 DAGs
[2025-04-13T20:52:25.249+0000] {logging_mixin.py:190} INFO - [2025-04-13T20:52:25.248+0000] {dag.py:4180} INFO - Setting next_dagrun for example_subdag_operator to 2022-01-01 00:00:00+00:00, run_after=2022-01-01 00:00:00+00:00
[2025-04-13T20:52:25.258+0000] {logging_mixin.py:190} INFO - [2025-04-13T20:52:25.258+0000] {dag.py:4180} INFO - Setting next_dagrun for example_subdag_operator.section-1 to None, run_after=None
[2025-04-13T20:52:25.261+0000] {logging_mixin.py:190} INFO - [2025-04-13T20:52:25.261+0000] {dag.py:4180} INFO - Setting next_dagrun for example_subdag_operator.section-2 to None, run_after=None
[2025-04-13T20:52:25.274+0000] {logging_mixin.py:190} INFO - [2025-04-13T20:52:25.273+0000] {dag.py:3239} INFO - Sync 2 DAGs
[2025-04-13T20:52:25.282+0000] {logging_mixin.py:190} INFO - [2025-04-13T20:52:25.282+0000] {dag.py:4180} INFO - Setting next_dagrun for example_subdag_operator.section-1 to None, run_after=None
[2025-04-13T20:52:25.283+0000] {logging_mixin.py:190} INFO - [2025-04-13T20:52:25.283+0000] {dag.py:4180} INFO - Setting next_dagrun for example_subdag_operator.section-2 to None, run_after=None
[2025-04-13T20:52:25.297+0000] {processor.py:208} INFO - Processing /home/airflow/.local/lib/python3.12/site-packages/airflow/example_dags/example_subdag_operator.py took 0.228 seconds
[2025-04-13T20:53:06.926+0000] {processor.py:186} INFO - Started process (PID=231) to work on /home/airflow/.local/lib/python3.12/site-packages/airflow/example_dags/example_subdag_operator.py
[2025-04-13T20:53:06.928+0000] {processor.py:914} INFO - Processing file /home/airflow/.local/lib/python3.12/site-packages/airflow/example_dags/example_subdag_operator.py for tasks to queue
[2025-04-13T20:53:06.933+0000] {logging_mixin.py:190} INFO - [2025-04-13T20:53:06.932+0000] {dagbag.py:588} INFO - Filling up the DagBag from /home/airflow/.local/lib/python3.12/site-packages/airflow/example_dags/example_subdag_operator.py
[2025-04-13T20:53:07.007+0000] {processor.py:925} INFO - DAG(s) 'example_subdag_operator.section-1', 'example_subdag_operator.section-2', 'example_subdag_operator' retrieved from /home/airflow/.local/lib/python3.12/site-packages/airflow/example_dags/example_subdag_operator.py
[2025-04-13T20:53:07.061+0000] {logging_mixin.py:190} INFO - [2025-04-13T20:53:07.050+0000] {dag.py:3239} INFO - Sync 3 DAGs
[2025-04-13T20:53:07.126+0000] {logging_mixin.py:190} INFO - [2025-04-13T20:53:07.126+0000] {dag.py:4180} INFO - Setting next_dagrun for example_subdag_operator to 2022-01-01 00:00:00+00:00, run_after=2022-01-01 00:00:00+00:00
[2025-04-13T20:53:07.135+0000] {logging_mixin.py:190} INFO - [2025-04-13T20:53:07.135+0000] {dag.py:4180} INFO - Setting next_dagrun for example_subdag_operator.section-1 to None, run_after=None
[2025-04-13T20:53:07.141+0000] {logging_mixin.py:190} INFO - [2025-04-13T20:53:07.141+0000] {dag.py:4180} INFO - Setting next_dagrun for example_subdag_operator.section-2 to None, run_after=None
[2025-04-13T20:53:07.164+0000] {logging_mixin.py:190} INFO - [2025-04-13T20:53:07.163+0000] {dag.py:3239} INFO - Sync 2 DAGs
[2025-04-13T20:53:07.179+0000] {logging_mixin.py:190} INFO - [2025-04-13T20:53:07.178+0000] {dag.py:4180} INFO - Setting next_dagrun for example_subdag_operator.section-1 to None, run_after=None
[2025-04-13T20:53:07.180+0000] {logging_mixin.py:190} INFO - [2025-04-13T20:53:07.180+0000] {dag.py:4180} INFO - Setting next_dagrun for example_subdag_operator.section-2 to None, run_after=None
[2025-04-13T20:53:07.216+0000] {processor.py:208} INFO - Processing /home/airflow/.local/lib/python3.12/site-packages/airflow/example_dags/example_subdag_operator.py took 0.313 seconds
[2025-04-13T20:53:39.238+0000] {processor.py:186} INFO - Started process (PID=295) to work on /home/airflow/.local/lib/python3.12/site-packages/airflow/example_dags/example_subdag_operator.py
[2025-04-13T20:53:39.239+0000] {processor.py:914} INFO - Processing file /home/airflow/.local/lib/python3.12/site-packages/airflow/example_dags/example_subdag_operator.py for tasks to queue
[2025-04-13T20:53:39.243+0000] {logging_mixin.py:190} INFO - [2025-04-13T20:53:39.243+0000] {dagbag.py:588} INFO - Filling up the DagBag from /home/airflow/.local/lib/python3.12/site-packages/airflow/example_dags/example_subdag_operator.py
[2025-04-13T20:53:39.341+0000] {processor.py:925} INFO - DAG(s) 'example_subdag_operator.section-1', 'example_subdag_operator.section-2', 'example_subdag_operator' retrieved from /home/airflow/.local/lib/python3.12/site-packages/airflow/example_dags/example_subdag_operator.py
[2025-04-13T20:53:39.385+0000] {logging_mixin.py:190} INFO - [2025-04-13T20:53:39.384+0000] {dag.py:3239} INFO - Sync 3 DAGs
[2025-04-13T20:53:39.458+0000] {logging_mixin.py:190} INFO - [2025-04-13T20:53:39.457+0000] {dag.py:4180} INFO - Setting next_dagrun for example_subdag_operator to 2022-01-01 00:00:00+00:00, run_after=2022-01-01 00:00:00+00:00
[2025-04-13T20:53:39.468+0000] {logging_mixin.py:190} INFO - [2025-04-13T20:53:39.466+0000] {dag.py:4180} INFO - Setting next_dagrun for example_subdag_operator.section-1 to None, run_after=None
[2025-04-13T20:53:39.475+0000] {logging_mixin.py:190} INFO - [2025-04-13T20:53:39.475+0000] {dag.py:4180} INFO - Setting next_dagrun for example_subdag_operator.section-2 to None, run_after=None
[2025-04-13T20:53:39.488+0000] {logging_mixin.py:190} INFO - [2025-04-13T20:53:39.487+0000] {dag.py:3239} INFO - Sync 2 DAGs
[2025-04-13T20:53:39.511+0000] {logging_mixin.py:190} INFO - [2025-04-13T20:53:39.511+0000] {dag.py:4180} INFO - Setting next_dagrun for example_subdag_operator.section-1 to None, run_after=None
[2025-04-13T20:53:39.512+0000] {logging_mixin.py:190} INFO - [2025-04-13T20:53:39.512+0000] {dag.py:4180} INFO - Setting next_dagrun for example_subdag_operator.section-2 to None, run_after=None
[2025-04-13T20:53:39.610+0000] {processor.py:208} INFO - Processing /home/airflow/.local/lib/python3.12/site-packages/airflow/example_dags/example_subdag_operator.py took 0.382 seconds
[2025-04-13T20:54:11.335+0000] {processor.py:186} INFO - Started process (PID=360) to work on /home/airflow/.local/lib/python3.12/site-packages/airflow/example_dags/example_subdag_operator.py
[2025-04-13T20:54:11.337+0000] {processor.py:914} INFO - Processing file /home/airflow/.local/lib/python3.12/site-packages/airflow/example_dags/example_subdag_operator.py for tasks to queue
[2025-04-13T20:54:11.369+0000] {logging_mixin.py:190} INFO - [2025-04-13T20:54:11.368+0000] {dagbag.py:588} INFO - Filling up the DagBag from /home/airflow/.local/lib/python3.12/site-packages/airflow/example_dags/example_subdag_operator.py
[2025-04-13T20:54:11.428+0000] {processor.py:925} INFO - DAG(s) 'example_subdag_operator.section-1', 'example_subdag_operator.section-2', 'example_subdag_operator' retrieved from /home/airflow/.local/lib/python3.12/site-packages/airflow/example_dags/example_subdag_operator.py
[2025-04-13T20:54:11.488+0000] {logging_mixin.py:190} INFO - [2025-04-13T20:54:11.487+0000] {dag.py:3239} INFO - Sync 3 DAGs
[2025-04-13T20:54:11.645+0000] {logging_mixin.py:190} INFO - [2025-04-13T20:54:11.645+0000] {dag.py:4180} INFO - Setting next_dagrun for example_subdag_operator to 2022-01-01 00:00:00+00:00, run_after=2022-01-01 00:00:00+00:00
[2025-04-13T20:54:11.670+0000] {logging_mixin.py:190} INFO - [2025-04-13T20:54:11.670+0000] {dag.py:4180} INFO - Setting next_dagrun for example_subdag_operator.section-1 to None, run_after=None
[2025-04-13T20:54:11.674+0000] {logging_mixin.py:190} INFO - [2025-04-13T20:54:11.673+0000] {dag.py:4180} INFO - Setting next_dagrun for example_subdag_operator.section-2 to None, run_after=None
[2025-04-13T20:54:11.702+0000] {logging_mixin.py:190} INFO - [2025-04-13T20:54:11.702+0000] {dag.py:3239} INFO - Sync 2 DAGs
[2025-04-13T20:54:11.726+0000] {logging_mixin.py:190} INFO - [2025-04-13T20:54:11.726+0000] {dag.py:4180} INFO - Setting next_dagrun for example_subdag_operator.section-1 to None, run_after=None
[2025-04-13T20:54:11.729+0000] {logging_mixin.py:190} INFO - [2025-04-13T20:54:11.729+0000] {dag.py:4180} INFO - Setting next_dagrun for example_subdag_operator.section-2 to None, run_after=None
[2025-04-13T20:54:11.754+0000] {processor.py:208} INFO - Processing /home/airflow/.local/lib/python3.12/site-packages/airflow/example_dags/example_subdag_operator.py took 0.435 seconds
[2025-04-13T20:54:42.958+0000] {processor.py:186} INFO - Started process (PID=424) to work on /home/airflow/.local/lib/python3.12/site-packages/airflow/example_dags/example_subdag_operator.py
[2025-04-13T20:54:42.965+0000] {processor.py:914} INFO - Processing file /home/airflow/.local/lib/python3.12/site-packages/airflow/example_dags/example_subdag_operator.py for tasks to queue
[2025-04-13T20:54:42.970+0000] {logging_mixin.py:190} INFO - [2025-04-13T20:54:42.970+0000] {dagbag.py:588} INFO - Filling up the DagBag from /home/airflow/.local/lib/python3.12/site-packages/airflow/example_dags/example_subdag_operator.py
[2025-04-13T20:54:43.060+0000] {processor.py:925} INFO - DAG(s) 'example_subdag_operator.section-1', 'example_subdag_operator.section-2', 'example_subdag_operator' retrieved from /home/airflow/.local/lib/python3.12/site-packages/airflow/example_dags/example_subdag_operator.py
[2025-04-13T20:54:43.109+0000] {logging_mixin.py:190} INFO - [2025-04-13T20:54:43.109+0000] {dag.py:3239} INFO - Sync 3 DAGs
[2025-04-13T20:54:43.175+0000] {logging_mixin.py:190} INFO - [2025-04-13T20:54:43.175+0000] {dag.py:4180} INFO - Setting next_dagrun for example_subdag_operator to 2022-01-01 00:00:00+00:00, run_after=2022-01-01 00:00:00+00:00
[2025-04-13T20:54:43.185+0000] {logging_mixin.py:190} INFO - [2025-04-13T20:54:43.184+0000] {dag.py:4180} INFO - Setting next_dagrun for example_subdag_operator.section-1 to None, run_after=None
[2025-04-13T20:54:43.198+0000] {logging_mixin.py:190} INFO - [2025-04-13T20:54:43.197+0000] {dag.py:4180} INFO - Setting next_dagrun for example_subdag_operator.section-2 to None, run_after=None
[2025-04-13T20:54:43.214+0000] {logging_mixin.py:190} INFO - [2025-04-13T20:54:43.214+0000] {dag.py:3239} INFO - Sync 2 DAGs
[2025-04-13T20:54:43.225+0000] {logging_mixin.py:190} INFO - [2025-04-13T20:54:43.225+0000] {dag.py:4180} INFO - Setting next_dagrun for example_subdag_operator.section-1 to None, run_after=None
[2025-04-13T20:54:43.226+0000] {logging_mixin.py:190} INFO - [2025-04-13T20:54:43.226+0000] {dag.py:4180} INFO - Setting next_dagrun for example_subdag_operator.section-2 to None, run_after=None
[2025-04-13T20:54:43.263+0000] {processor.py:208} INFO - Processing /home/airflow/.local/lib/python3.12/site-packages/airflow/example_dags/example_subdag_operator.py took 0.319 seconds
[2025-04-13T20:55:15.536+0000] {processor.py:186} INFO - Started process (PID=486) to work on /home/airflow/.local/lib/python3.12/site-packages/airflow/example_dags/example_subdag_operator.py
[2025-04-13T20:55:15.544+0000] {processor.py:914} INFO - Processing file /home/airflow/.local/lib/python3.12/site-packages/airflow/example_dags/example_subdag_operator.py for tasks to queue
[2025-04-13T20:55:15.549+0000] {logging_mixin.py:190} INFO - [2025-04-13T20:55:15.548+0000] {dagbag.py:588} INFO - Filling up the DagBag from /home/airflow/.local/lib/python3.12/site-packages/airflow/example_dags/example_subdag_operator.py
[2025-04-13T20:55:15.669+0000] {processor.py:925} INFO - DAG(s) 'example_subdag_operator.section-1', 'example_subdag_operator.section-2', 'example_subdag_operator' retrieved from /home/airflow/.local/lib/python3.12/site-packages/airflow/example_dags/example_subdag_operator.py
[2025-04-13T20:55:15.748+0000] {logging_mixin.py:190} INFO - [2025-04-13T20:55:15.747+0000] {dag.py:3239} INFO - Sync 3 DAGs
[2025-04-13T20:55:15.804+0000] {logging_mixin.py:190} INFO - [2025-04-13T20:55:15.803+0000] {dag.py:4180} INFO - Setting next_dagrun for example_subdag_operator to 2022-01-01 00:00:00+00:00, run_after=2022-01-01 00:00:00+00:00
[2025-04-13T20:55:15.811+0000] {logging_mixin.py:190} INFO - [2025-04-13T20:55:15.811+0000] {dag.py:4180} INFO - Setting next_dagrun for example_subdag_operator.section-1 to None, run_after=None
[2025-04-13T20:55:15.815+0000] {logging_mixin.py:190} INFO - [2025-04-13T20:55:15.815+0000] {dag.py:4180} INFO - Setting next_dagrun for example_subdag_operator.section-2 to None, run_after=None
[2025-04-13T20:55:15.829+0000] {logging_mixin.py:190} INFO - [2025-04-13T20:55:15.829+0000] {dag.py:3239} INFO - Sync 2 DAGs
[2025-04-13T20:55:15.842+0000] {logging_mixin.py:190} INFO - [2025-04-13T20:55:15.841+0000] {dag.py:4180} INFO - Setting next_dagrun for example_subdag_operator.section-1 to None, run_after=None
[2025-04-13T20:55:15.843+0000] {logging_mixin.py:190} INFO - [2025-04-13T20:55:15.842+0000] {dag.py:4180} INFO - Setting next_dagrun for example_subdag_operator.section-2 to None, run_after=None
[2025-04-13T20:55:15.869+0000] {processor.py:208} INFO - Processing /home/airflow/.local/lib/python3.12/site-packages/airflow/example_dags/example_subdag_operator.py took 0.344 seconds
[2025-04-13T20:55:49.061+0000] {processor.py:186} INFO - Started process (PID=550) to work on /home/airflow/.local/lib/python3.12/site-packages/airflow/example_dags/example_subdag_operator.py
[2025-04-13T20:55:49.064+0000] {processor.py:914} INFO - Processing file /home/airflow/.local/lib/python3.12/site-packages/airflow/example_dags/example_subdag_operator.py for tasks to queue
[2025-04-13T20:55:49.071+0000] {logging_mixin.py:190} INFO - [2025-04-13T20:55:49.071+0000] {dagbag.py:588} INFO - Filling up the DagBag from /home/airflow/.local/lib/python3.12/site-packages/airflow/example_dags/example_subdag_operator.py
[2025-04-13T20:55:49.211+0000] {processor.py:925} INFO - DAG(s) 'example_subdag_operator.section-1', 'example_subdag_operator.section-2', 'example_subdag_operator' retrieved from /home/airflow/.local/lib/python3.12/site-packages/airflow/example_dags/example_subdag_operator.py
[2025-04-13T20:55:49.358+0000] {logging_mixin.py:190} INFO - [2025-04-13T20:55:49.358+0000] {dag.py:3239} INFO - Sync 3 DAGs
[2025-04-13T20:55:49.528+0000] {logging_mixin.py:190} INFO - [2025-04-13T20:55:49.527+0000] {dag.py:4180} INFO - Setting next_dagrun for example_subdag_operator to 2022-01-01 00:00:00+00:00, run_after=2022-01-01 00:00:00+00:00
[2025-04-13T20:55:49.582+0000] {logging_mixin.py:190} INFO - [2025-04-13T20:55:49.582+0000] {dag.py:4180} INFO - Setting next_dagrun for example_subdag_operator.section-1 to None, run_after=None
[2025-04-13T20:55:49.589+0000] {logging_mixin.py:190} INFO - [2025-04-13T20:55:49.588+0000] {dag.py:4180} INFO - Setting next_dagrun for example_subdag_operator.section-2 to None, run_after=None
[2025-04-13T20:55:49.619+0000] {logging_mixin.py:190} INFO - [2025-04-13T20:55:49.619+0000] {dag.py:3239} INFO - Sync 2 DAGs
[2025-04-13T20:55:49.690+0000] {logging_mixin.py:190} INFO - [2025-04-13T20:55:49.689+0000] {dag.py:4180} INFO - Setting next_dagrun for example_subdag_operator.section-1 to None, run_after=None
[2025-04-13T20:55:49.692+0000] {logging_mixin.py:190} INFO - [2025-04-13T20:55:49.691+0000] {dag.py:4180} INFO - Setting next_dagrun for example_subdag_operator.section-2 to None, run_after=None
[2025-04-13T20:55:49.720+0000] {processor.py:208} INFO - Processing /home/airflow/.local/lib/python3.12/site-packages/airflow/example_dags/example_subdag_operator.py took 0.670 seconds
[2025-04-13T20:56:21.627+0000] {processor.py:186} INFO - Started process (PID=620) to work on /home/airflow/.local/lib/python3.12/site-packages/airflow/example_dags/example_subdag_operator.py
[2025-04-13T20:56:21.643+0000] {processor.py:914} INFO - Processing file /home/airflow/.local/lib/python3.12/site-packages/airflow/example_dags/example_subdag_operator.py for tasks to queue
[2025-04-13T20:56:21.660+0000] {logging_mixin.py:190} INFO - [2025-04-13T20:56:21.660+0000] {dagbag.py:588} INFO - Filling up the DagBag from /home/airflow/.local/lib/python3.12/site-packages/airflow/example_dags/example_subdag_operator.py
[2025-04-13T20:56:21.752+0000] {processor.py:925} INFO - DAG(s) 'example_subdag_operator.section-1', 'example_subdag_operator.section-2', 'example_subdag_operator' retrieved from /home/airflow/.local/lib/python3.12/site-packages/airflow/example_dags/example_subdag_operator.py
[2025-04-13T20:56:21.799+0000] {logging_mixin.py:190} INFO - [2025-04-13T20:56:21.798+0000] {dag.py:3239} INFO - Sync 3 DAGs
[2025-04-13T20:56:21.878+0000] {logging_mixin.py:190} INFO - [2025-04-13T20:56:21.877+0000] {dag.py:4180} INFO - Setting next_dagrun for example_subdag_operator to 2022-01-01 00:00:00+00:00, run_after=2022-01-01 00:00:00+00:00
[2025-04-13T20:56:21.895+0000] {logging_mixin.py:190} INFO - [2025-04-13T20:56:21.894+0000] {dag.py:4180} INFO - Setting next_dagrun for example_subdag_operator.section-1 to None, run_after=None
[2025-04-13T20:56:21.901+0000] {logging_mixin.py:190} INFO - [2025-04-13T20:56:21.901+0000] {dag.py:4180} INFO - Setting next_dagrun for example_subdag_operator.section-2 to None, run_after=None
[2025-04-13T20:56:21.959+0000] {logging_mixin.py:190} INFO - [2025-04-13T20:56:21.959+0000] {dag.py:3239} INFO - Sync 2 DAGs
[2025-04-13T20:56:21.990+0000] {logging_mixin.py:190} INFO - [2025-04-13T20:56:21.989+0000] {dag.py:4180} INFO - Setting next_dagrun for example_subdag_operator.section-1 to None, run_after=None
[2025-04-13T20:56:21.997+0000] {logging_mixin.py:190} INFO - [2025-04-13T20:56:21.997+0000] {dag.py:4180} INFO - Setting next_dagrun for example_subdag_operator.section-2 to None, run_after=None
[2025-04-13T20:56:22.043+0000] {processor.py:208} INFO - Processing /home/airflow/.local/lib/python3.12/site-packages/airflow/example_dags/example_subdag_operator.py took 0.449 seconds
[2025-04-13T20:56:52.701+0000] {processor.py:186} INFO - Started process (PID=683) to work on /home/airflow/.local/lib/python3.12/site-packages/airflow/example_dags/example_subdag_operator.py
[2025-04-13T20:56:52.711+0000] {processor.py:914} INFO - Processing file /home/airflow/.local/lib/python3.12/site-packages/airflow/example_dags/example_subdag_operator.py for tasks to queue
[2025-04-13T20:56:52.741+0000] {logging_mixin.py:190} INFO - [2025-04-13T20:56:52.741+0000] {dagbag.py:588} INFO - Filling up the DagBag from /home/airflow/.local/lib/python3.12/site-packages/airflow/example_dags/example_subdag_operator.py
[2025-04-13T20:56:52.843+0000] {processor.py:925} INFO - DAG(s) 'example_subdag_operator.section-1', 'example_subdag_operator.section-2', 'example_subdag_operator' retrieved from /home/airflow/.local/lib/python3.12/site-packages/airflow/example_dags/example_subdag_operator.py
[2025-04-13T20:56:52.893+0000] {logging_mixin.py:190} INFO - [2025-04-13T20:56:52.893+0000] {dag.py:3239} INFO - Sync 3 DAGs
[2025-04-13T20:56:53.011+0000] {logging_mixin.py:190} INFO - [2025-04-13T20:56:53.002+0000] {dag.py:4180} INFO - Setting next_dagrun for example_subdag_operator to 2022-01-01 00:00:00+00:00, run_after=2022-01-01 00:00:00+00:00
[2025-04-13T20:56:53.033+0000] {logging_mixin.py:190} INFO - [2025-04-13T20:56:53.033+0000] {dag.py:4180} INFO - Setting next_dagrun for example_subdag_operator.section-1 to None, run_after=None
[2025-04-13T20:56:53.039+0000] {logging_mixin.py:190} INFO - [2025-04-13T20:56:53.039+0000] {dag.py:4180} INFO - Setting next_dagrun for example_subdag_operator.section-2 to None, run_after=None
[2025-04-13T20:56:53.054+0000] {logging_mixin.py:190} INFO - [2025-04-13T20:56:53.054+0000] {dag.py:3239} INFO - Sync 2 DAGs
[2025-04-13T20:56:53.073+0000] {logging_mixin.py:190} INFO - [2025-04-13T20:56:53.073+0000] {dag.py:4180} INFO - Setting next_dagrun for example_subdag_operator.section-1 to None, run_after=None
[2025-04-13T20:56:53.074+0000] {logging_mixin.py:190} INFO - [2025-04-13T20:56:53.074+0000] {dag.py:4180} INFO - Setting next_dagrun for example_subdag_operator.section-2 to None, run_after=None
[2025-04-13T20:56:53.095+0000] {processor.py:208} INFO - Processing /home/airflow/.local/lib/python3.12/site-packages/airflow/example_dags/example_subdag_operator.py took 0.410 seconds
[2025-04-13T20:57:23.550+0000] {processor.py:186} INFO - Started process (PID=747) to work on /home/airflow/.local/lib/python3.12/site-packages/airflow/example_dags/example_subdag_operator.py
[2025-04-13T20:57:23.554+0000] {processor.py:914} INFO - Processing file /home/airflow/.local/lib/python3.12/site-packages/airflow/example_dags/example_subdag_operator.py for tasks to queue
[2025-04-13T20:57:23.573+0000] {logging_mixin.py:190} INFO - [2025-04-13T20:57:23.572+0000] {dagbag.py:588} INFO - Filling up the DagBag from /home/airflow/.local/lib/python3.12/site-packages/airflow/example_dags/example_subdag_operator.py
[2025-04-13T20:57:23.705+0000] {processor.py:925} INFO - DAG(s) 'example_subdag_operator.section-1', 'example_subdag_operator.section-2', 'example_subdag_operator' retrieved from /home/airflow/.local/lib/python3.12/site-packages/airflow/example_dags/example_subdag_operator.py
[2025-04-13T20:57:23.738+0000] {logging_mixin.py:190} INFO - [2025-04-13T20:57:23.738+0000] {dag.py:3239} INFO - Sync 3 DAGs
[2025-04-13T20:57:23.807+0000] {logging_mixin.py:190} INFO - [2025-04-13T20:57:23.806+0000] {dag.py:4180} INFO - Setting next_dagrun for example_subdag_operator to 2022-01-01 00:00:00+00:00, run_after=2022-01-01 00:00:00+00:00
[2025-04-13T20:57:23.834+0000] {logging_mixin.py:190} INFO - [2025-04-13T20:57:23.834+0000] {dag.py:4180} INFO - Setting next_dagrun for example_subdag_operator.section-1 to None, run_after=None
[2025-04-13T20:57:23.839+0000] {logging_mixin.py:190} INFO - [2025-04-13T20:57:23.839+0000] {dag.py:4180} INFO - Setting next_dagrun for example_subdag_operator.section-2 to None, run_after=None
[2025-04-13T20:57:23.857+0000] {logging_mixin.py:190} INFO - [2025-04-13T20:57:23.857+0000] {dag.py:3239} INFO - Sync 2 DAGs
[2025-04-13T20:57:23.883+0000] {logging_mixin.py:190} INFO - [2025-04-13T20:57:23.883+0000] {dag.py:4180} INFO - Setting next_dagrun for example_subdag_operator.section-1 to None, run_after=None
[2025-04-13T20:57:23.884+0000] {logging_mixin.py:190} INFO - [2025-04-13T20:57:23.884+0000] {dag.py:4180} INFO - Setting next_dagrun for example_subdag_operator.section-2 to None, run_after=None
[2025-04-13T20:57:23.915+0000] {processor.py:208} INFO - Processing /home/airflow/.local/lib/python3.12/site-packages/airflow/example_dags/example_subdag_operator.py took 0.387 seconds
[2025-04-13T20:57:54.109+0000] {processor.py:186} INFO - Started process (PID=811) to work on /home/airflow/.local/lib/python3.12/site-packages/airflow/example_dags/example_subdag_operator.py
[2025-04-13T20:57:54.121+0000] {processor.py:914} INFO - Processing file /home/airflow/.local/lib/python3.12/site-packages/airflow/example_dags/example_subdag_operator.py for tasks to queue
[2025-04-13T20:57:54.139+0000] {logging_mixin.py:190} INFO - [2025-04-13T20:57:54.137+0000] {dagbag.py:588} INFO - Filling up the DagBag from /home/airflow/.local/lib/python3.12/site-packages/airflow/example_dags/example_subdag_operator.py
[2025-04-13T20:57:54.491+0000] {processor.py:925} INFO - DAG(s) 'example_subdag_operator.section-1', 'example_subdag_operator.section-2', 'example_subdag_operator' retrieved from /home/airflow/.local/lib/python3.12/site-packages/airflow/example_dags/example_subdag_operator.py
[2025-04-13T20:57:54.628+0000] {logging_mixin.py:190} INFO - [2025-04-13T20:57:54.627+0000] {dag.py:3239} INFO - Sync 3 DAGs
[2025-04-13T20:57:54.703+0000] {logging_mixin.py:190} INFO - [2025-04-13T20:57:54.703+0000] {dag.py:4180} INFO - Setting next_dagrun for example_subdag_operator to 2022-01-01 00:00:00+00:00, run_after=2022-01-01 00:00:00+00:00
[2025-04-13T20:57:54.715+0000] {logging_mixin.py:190} INFO - [2025-04-13T20:57:54.714+0000] {dag.py:4180} INFO - Setting next_dagrun for example_subdag_operator.section-1 to None, run_after=None
[2025-04-13T20:57:54.719+0000] {logging_mixin.py:190} INFO - [2025-04-13T20:57:54.718+0000] {dag.py:4180} INFO - Setting next_dagrun for example_subdag_operator.section-2 to None, run_after=None
[2025-04-13T20:57:54.749+0000] {logging_mixin.py:190} INFO - [2025-04-13T20:57:54.748+0000] {dag.py:3239} INFO - Sync 2 DAGs
[2025-04-13T20:57:54.809+0000] {logging_mixin.py:190} INFO - [2025-04-13T20:57:54.808+0000] {dag.py:4180} INFO - Setting next_dagrun for example_subdag_operator.section-1 to None, run_after=None
[2025-04-13T20:57:54.825+0000] {logging_mixin.py:190} INFO - [2025-04-13T20:57:54.824+0000] {dag.py:4180} INFO - Setting next_dagrun for example_subdag_operator.section-2 to None, run_after=None
[2025-04-13T20:57:54.925+0000] {processor.py:208} INFO - Processing /home/airflow/.local/lib/python3.12/site-packages/airflow/example_dags/example_subdag_operator.py took 0.836 seconds
[2025-04-13T20:58:25.055+0000] {processor.py:186} INFO - Started process (PID=875) to work on /home/airflow/.local/lib/python3.12/site-packages/airflow/example_dags/example_subdag_operator.py
[2025-04-13T20:58:25.056+0000] {processor.py:914} INFO - Processing file /home/airflow/.local/lib/python3.12/site-packages/airflow/example_dags/example_subdag_operator.py for tasks to queue
[2025-04-13T20:58:25.059+0000] {logging_mixin.py:190} INFO - [2025-04-13T20:58:25.059+0000] {dagbag.py:588} INFO - Filling up the DagBag from /home/airflow/.local/lib/python3.12/site-packages/airflow/example_dags/example_subdag_operator.py
[2025-04-13T20:58:25.108+0000] {processor.py:925} INFO - DAG(s) 'example_subdag_operator.section-1', 'example_subdag_operator.section-2', 'example_subdag_operator' retrieved from /home/airflow/.local/lib/python3.12/site-packages/airflow/example_dags/example_subdag_operator.py
[2025-04-13T20:58:25.135+0000] {logging_mixin.py:190} INFO - [2025-04-13T20:58:25.134+0000] {dag.py:3239} INFO - Sync 3 DAGs
[2025-04-13T20:58:25.195+0000] {logging_mixin.py:190} INFO - [2025-04-13T20:58:25.194+0000] {dag.py:4180} INFO - Setting next_dagrun for example_subdag_operator to 2022-01-01 00:00:00+00:00, run_after=2022-01-01 00:00:00+00:00
[2025-04-13T20:58:25.210+0000] {logging_mixin.py:190} INFO - [2025-04-13T20:58:25.209+0000] {dag.py:4180} INFO - Setting next_dagrun for example_subdag_operator.section-1 to None, run_after=None
[2025-04-13T20:58:25.217+0000] {logging_mixin.py:190} INFO - [2025-04-13T20:58:25.214+0000] {dag.py:4180} INFO - Setting next_dagrun for example_subdag_operator.section-2 to None, run_after=None
[2025-04-13T20:58:25.239+0000] {logging_mixin.py:190} INFO - [2025-04-13T20:58:25.238+0000] {dag.py:3239} INFO - Sync 2 DAGs
[2025-04-13T20:58:25.254+0000] {logging_mixin.py:190} INFO - [2025-04-13T20:58:25.253+0000] {dag.py:4180} INFO - Setting next_dagrun for example_subdag_operator.section-1 to None, run_after=None
[2025-04-13T20:58:25.255+0000] {logging_mixin.py:190} INFO - [2025-04-13T20:58:25.255+0000] {dag.py:4180} INFO - Setting next_dagrun for example_subdag_operator.section-2 to None, run_after=None
[2025-04-13T20:58:25.285+0000] {processor.py:208} INFO - Processing /home/airflow/.local/lib/python3.12/site-packages/airflow/example_dags/example_subdag_operator.py took 0.240 seconds
[2025-04-13T20:58:56.255+0000] {processor.py:186} INFO - Started process (PID=938) to work on /home/airflow/.local/lib/python3.12/site-packages/airflow/example_dags/example_subdag_operator.py
[2025-04-13T20:58:56.256+0000] {processor.py:914} INFO - Processing file /home/airflow/.local/lib/python3.12/site-packages/airflow/example_dags/example_subdag_operator.py for tasks to queue
[2025-04-13T20:58:56.260+0000] {logging_mixin.py:190} INFO - [2025-04-13T20:58:56.260+0000] {dagbag.py:588} INFO - Filling up the DagBag from /home/airflow/.local/lib/python3.12/site-packages/airflow/example_dags/example_subdag_operator.py
[2025-04-13T20:58:56.376+0000] {processor.py:925} INFO - DAG(s) 'example_subdag_operator.section-1', 'example_subdag_operator.section-2', 'example_subdag_operator' retrieved from /home/airflow/.local/lib/python3.12/site-packages/airflow/example_dags/example_subdag_operator.py
[2025-04-13T20:58:56.400+0000] {logging_mixin.py:190} INFO - [2025-04-13T20:58:56.399+0000] {dag.py:3239} INFO - Sync 3 DAGs
[2025-04-13T20:58:56.460+0000] {logging_mixin.py:190} INFO - [2025-04-13T20:58:56.459+0000] {dag.py:4180} INFO - Setting next_dagrun for example_subdag_operator to 2022-01-01 00:00:00+00:00, run_after=2022-01-01 00:00:00+00:00
[2025-04-13T20:58:56.470+0000] {logging_mixin.py:190} INFO - [2025-04-13T20:58:56.469+0000] {dag.py:4180} INFO - Setting next_dagrun for example_subdag_operator.section-1 to None, run_after=None
[2025-04-13T20:58:56.474+0000] {logging_mixin.py:190} INFO - [2025-04-13T20:58:56.473+0000] {dag.py:4180} INFO - Setting next_dagrun for example_subdag_operator.section-2 to None, run_after=None
[2025-04-13T20:58:56.492+0000] {logging_mixin.py:190} INFO - [2025-04-13T20:58:56.492+0000] {dag.py:3239} INFO - Sync 2 DAGs
[2025-04-13T20:58:56.501+0000] {logging_mixin.py:190} INFO - [2025-04-13T20:58:56.501+0000] {dag.py:4180} INFO - Setting next_dagrun for example_subdag_operator.section-1 to None, run_after=None
[2025-04-13T20:58:56.502+0000] {logging_mixin.py:190} INFO - [2025-04-13T20:58:56.502+0000] {dag.py:4180} INFO - Setting next_dagrun for example_subdag_operator.section-2 to None, run_after=None
[2025-04-13T20:58:56.527+0000] {processor.py:208} INFO - Processing /home/airflow/.local/lib/python3.12/site-packages/airflow/example_dags/example_subdag_operator.py took 0.284 seconds
[2025-04-13T20:59:27.047+0000] {processor.py:186} INFO - Started process (PID=1002) to work on /home/airflow/.local/lib/python3.12/site-packages/airflow/example_dags/example_subdag_operator.py
[2025-04-13T20:59:27.049+0000] {processor.py:914} INFO - Processing file /home/airflow/.local/lib/python3.12/site-packages/airflow/example_dags/example_subdag_operator.py for tasks to queue
[2025-04-13T20:59:27.053+0000] {logging_mixin.py:190} INFO - [2025-04-13T20:59:27.052+0000] {dagbag.py:588} INFO - Filling up the DagBag from /home/airflow/.local/lib/python3.12/site-packages/airflow/example_dags/example_subdag_operator.py
[2025-04-13T20:59:27.111+0000] {processor.py:925} INFO - DAG(s) 'example_subdag_operator.section-1', 'example_subdag_operator.section-2', 'example_subdag_operator' retrieved from /home/airflow/.local/lib/python3.12/site-packages/airflow/example_dags/example_subdag_operator.py
[2025-04-13T20:59:27.140+0000] {logging_mixin.py:190} INFO - [2025-04-13T20:59:27.140+0000] {dag.py:3239} INFO - Sync 3 DAGs
[2025-04-13T20:59:27.183+0000] {logging_mixin.py:190} INFO - [2025-04-13T20:59:27.183+0000] {dag.py:4180} INFO - Setting next_dagrun for example_subdag_operator to 2022-01-01 00:00:00+00:00, run_after=2022-01-01 00:00:00+00:00
[2025-04-13T20:59:27.190+0000] {logging_mixin.py:190} INFO - [2025-04-13T20:59:27.189+0000] {dag.py:4180} INFO - Setting next_dagrun for example_subdag_operator.section-1 to None, run_after=None
[2025-04-13T20:59:27.193+0000] {logging_mixin.py:190} INFO - [2025-04-13T20:59:27.192+0000] {dag.py:4180} INFO - Setting next_dagrun for example_subdag_operator.section-2 to None, run_after=None
[2025-04-13T20:59:27.206+0000] {logging_mixin.py:190} INFO - [2025-04-13T20:59:27.205+0000] {dag.py:3239} INFO - Sync 2 DAGs
[2025-04-13T20:59:27.216+0000] {logging_mixin.py:190} INFO - [2025-04-13T20:59:27.215+0000] {dag.py:4180} INFO - Setting next_dagrun for example_subdag_operator.section-1 to None, run_after=None
[2025-04-13T20:59:27.217+0000] {logging_mixin.py:190} INFO - [2025-04-13T20:59:27.216+0000] {dag.py:4180} INFO - Setting next_dagrun for example_subdag_operator.section-2 to None, run_after=None
[2025-04-13T20:59:27.242+0000] {processor.py:208} INFO - Processing /home/airflow/.local/lib/python3.12/site-packages/airflow/example_dags/example_subdag_operator.py took 0.205 seconds
[2025-04-13T21:00:01.356+0000] {processor.py:186} INFO - Started process (PID=1066) to work on /home/airflow/.local/lib/python3.12/site-packages/airflow/example_dags/example_subdag_operator.py
[2025-04-13T21:00:01.359+0000] {processor.py:914} INFO - Processing file /home/airflow/.local/lib/python3.12/site-packages/airflow/example_dags/example_subdag_operator.py for tasks to queue
[2025-04-13T21:00:01.380+0000] {logging_mixin.py:190} INFO - [2025-04-13T21:00:01.380+0000] {dagbag.py:588} INFO - Filling up the DagBag from /home/airflow/.local/lib/python3.12/site-packages/airflow/example_dags/example_subdag_operator.py
[2025-04-13T21:00:01.629+0000] {processor.py:925} INFO - DAG(s) 'example_subdag_operator.section-1', 'example_subdag_operator.section-2', 'example_subdag_operator' retrieved from /home/airflow/.local/lib/python3.12/site-packages/airflow/example_dags/example_subdag_operator.py
[2025-04-13T21:00:01.739+0000] {logging_mixin.py:190} INFO - [2025-04-13T21:00:01.738+0000] {dag.py:3239} INFO - Sync 3 DAGs
[2025-04-13T21:00:01.909+0000] {logging_mixin.py:190} INFO - [2025-04-13T21:00:01.909+0000] {dag.py:4180} INFO - Setting next_dagrun for example_subdag_operator to 2022-01-01 00:00:00+00:00, run_after=2022-01-01 00:00:00+00:00
[2025-04-13T21:00:01.915+0000] {logging_mixin.py:190} INFO - [2025-04-13T21:00:01.915+0000] {dag.py:4180} INFO - Setting next_dagrun for example_subdag_operator.section-1 to None, run_after=None
[2025-04-13T21:00:01.925+0000] {logging_mixin.py:190} INFO - [2025-04-13T21:00:01.924+0000] {dag.py:4180} INFO - Setting next_dagrun for example_subdag_operator.section-2 to None, run_after=None
[2025-04-13T21:00:01.961+0000] {logging_mixin.py:190} INFO - [2025-04-13T21:00:01.961+0000] {dag.py:3239} INFO - Sync 2 DAGs
[2025-04-13T21:00:01.996+0000] {logging_mixin.py:190} INFO - [2025-04-13T21:00:01.996+0000] {dag.py:4180} INFO - Setting next_dagrun for example_subdag_operator.section-1 to None, run_after=None
[2025-04-13T21:00:02.004+0000] {logging_mixin.py:190} INFO - [2025-04-13T21:00:02.004+0000] {dag.py:4180} INFO - Setting next_dagrun for example_subdag_operator.section-2 to None, run_after=None
[2025-04-13T21:00:02.043+0000] {processor.py:208} INFO - Processing /home/airflow/.local/lib/python3.12/site-packages/airflow/example_dags/example_subdag_operator.py took 0.733 seconds
[2025-04-13T21:00:32.491+0000] {processor.py:186} INFO - Started process (PID=1129) to work on /home/airflow/.local/lib/python3.12/site-packages/airflow/example_dags/example_subdag_operator.py
[2025-04-13T21:00:32.493+0000] {processor.py:914} INFO - Processing file /home/airflow/.local/lib/python3.12/site-packages/airflow/example_dags/example_subdag_operator.py for tasks to queue
[2025-04-13T21:00:32.514+0000] {logging_mixin.py:190} INFO - [2025-04-13T21:00:32.513+0000] {dagbag.py:588} INFO - Filling up the DagBag from /home/airflow/.local/lib/python3.12/site-packages/airflow/example_dags/example_subdag_operator.py
[2025-04-13T21:00:32.572+0000] {processor.py:925} INFO - DAG(s) 'example_subdag_operator.section-1', 'example_subdag_operator.section-2', 'example_subdag_operator' retrieved from /home/airflow/.local/lib/python3.12/site-packages/airflow/example_dags/example_subdag_operator.py
[2025-04-13T21:00:32.636+0000] {logging_mixin.py:190} INFO - [2025-04-13T21:00:32.634+0000] {dag.py:3239} INFO - Sync 3 DAGs
[2025-04-13T21:00:32.796+0000] {logging_mixin.py:190} INFO - [2025-04-13T21:00:32.795+0000] {dag.py:4180} INFO - Setting next_dagrun for example_subdag_operator to 2022-01-01 00:00:00+00:00, run_after=2022-01-01 00:00:00+00:00
[2025-04-13T21:00:32.814+0000] {logging_mixin.py:190} INFO - [2025-04-13T21:00:32.814+0000] {dag.py:4180} INFO - Setting next_dagrun for example_subdag_operator.section-1 to None, run_after=None
[2025-04-13T21:00:32.828+0000] {logging_mixin.py:190} INFO - [2025-04-13T21:00:32.827+0000] {dag.py:4180} INFO - Setting next_dagrun for example_subdag_operator.section-2 to None, run_after=None
[2025-04-13T21:00:32.846+0000] {logging_mixin.py:190} INFO - [2025-04-13T21:00:32.845+0000] {dag.py:3239} INFO - Sync 2 DAGs
[2025-04-13T21:00:32.872+0000] {logging_mixin.py:190} INFO - [2025-04-13T21:00:32.871+0000] {dag.py:4180} INFO - Setting next_dagrun for example_subdag_operator.section-1 to None, run_after=None
[2025-04-13T21:00:32.873+0000] {logging_mixin.py:190} INFO - [2025-04-13T21:00:32.873+0000] {dag.py:4180} INFO - Setting next_dagrun for example_subdag_operator.section-2 to None, run_after=None
[2025-04-13T21:00:32.893+0000] {processor.py:208} INFO - Processing /home/airflow/.local/lib/python3.12/site-packages/airflow/example_dags/example_subdag_operator.py took 0.416 seconds
[2025-04-13T21:01:04.445+0000] {processor.py:186} INFO - Started process (PID=1192) to work on /home/airflow/.local/lib/python3.12/site-packages/airflow/example_dags/example_subdag_operator.py
[2025-04-13T21:01:04.448+0000] {processor.py:914} INFO - Processing file /home/airflow/.local/lib/python3.12/site-packages/airflow/example_dags/example_subdag_operator.py for tasks to queue
[2025-04-13T21:01:04.467+0000] {logging_mixin.py:190} INFO - [2025-04-13T21:01:04.454+0000] {dagbag.py:588} INFO - Filling up the DagBag from /home/airflow/.local/lib/python3.12/site-packages/airflow/example_dags/example_subdag_operator.py
[2025-04-13T21:01:04.679+0000] {processor.py:925} INFO - DAG(s) 'example_subdag_operator.section-1', 'example_subdag_operator.section-2', 'example_subdag_operator' retrieved from /home/airflow/.local/lib/python3.12/site-packages/airflow/example_dags/example_subdag_operator.py
[2025-04-13T21:01:04.781+0000] {logging_mixin.py:190} INFO - [2025-04-13T21:01:04.777+0000] {dag.py:3239} INFO - Sync 3 DAGs
[2025-04-13T21:01:04.899+0000] {logging_mixin.py:190} INFO - [2025-04-13T21:01:04.898+0000] {dag.py:4180} INFO - Setting next_dagrun for example_subdag_operator to 2022-01-01 00:00:00+00:00, run_after=2022-01-01 00:00:00+00:00
[2025-04-13T21:01:04.918+0000] {logging_mixin.py:190} INFO - [2025-04-13T21:01:04.917+0000] {dag.py:4180} INFO - Setting next_dagrun for example_subdag_operator.section-1 to None, run_after=None
[2025-04-13T21:01:04.922+0000] {logging_mixin.py:190} INFO - [2025-04-13T21:01:04.922+0000] {dag.py:4180} INFO - Setting next_dagrun for example_subdag_operator.section-2 to None, run_after=None
[2025-04-13T21:01:04.945+0000] {logging_mixin.py:190} INFO - [2025-04-13T21:01:04.945+0000] {dag.py:3239} INFO - Sync 2 DAGs
[2025-04-13T21:01:04.981+0000] {logging_mixin.py:190} INFO - [2025-04-13T21:01:04.980+0000] {dag.py:4180} INFO - Setting next_dagrun for example_subdag_operator.section-1 to None, run_after=None
[2025-04-13T21:01:04.984+0000] {logging_mixin.py:190} INFO - [2025-04-13T21:01:04.983+0000] {dag.py:4180} INFO - Setting next_dagrun for example_subdag_operator.section-2 to None, run_after=None
[2025-04-13T21:01:05.076+0000] {processor.py:208} INFO - Processing /home/airflow/.local/lib/python3.12/site-packages/airflow/example_dags/example_subdag_operator.py took 0.721 seconds
[2025-04-13T21:27:42.581+0000] {processor.py:186} INFO - Started process (PID=189) to work on /home/airflow/.local/lib/python3.12/site-packages/airflow/example_dags/example_subdag_operator.py
[2025-04-13T21:27:42.695+0000] {processor.py:914} INFO - Processing file /home/airflow/.local/lib/python3.12/site-packages/airflow/example_dags/example_subdag_operator.py for tasks to queue
[2025-04-13T21:27:42.716+0000] {logging_mixin.py:190} INFO - [2025-04-13T21:27:42.715+0000] {dagbag.py:588} INFO - Filling up the DagBag from /home/airflow/.local/lib/python3.12/site-packages/airflow/example_dags/example_subdag_operator.py
[2025-04-13T21:27:43.827+0000] {processor.py:925} INFO - DAG(s) 'example_subdag_operator.section-1', 'example_subdag_operator.section-2', 'example_subdag_operator' retrieved from /home/airflow/.local/lib/python3.12/site-packages/airflow/example_dags/example_subdag_operator.py
[2025-04-13T21:27:45.134+0000] {logging_mixin.py:190} INFO - [2025-04-13T21:27:45.133+0000] {dag.py:3239} INFO - Sync 3 DAGs
[2025-04-13T21:27:46.363+0000] {logging_mixin.py:190} INFO - [2025-04-13T21:27:46.363+0000] {dag.py:4180} INFO - Setting next_dagrun for example_subdag_operator to 2022-01-01 00:00:00+00:00, run_after=2022-01-01 00:00:00+00:00
[2025-04-13T21:27:46.755+0000] {logging_mixin.py:190} INFO - [2025-04-13T21:27:46.755+0000] {dag.py:4180} INFO - Setting next_dagrun for example_subdag_operator.section-1 to None, run_after=None
[2025-04-13T21:27:47.169+0000] {logging_mixin.py:190} INFO - [2025-04-13T21:27:47.167+0000] {dag.py:4180} INFO - Setting next_dagrun for example_subdag_operator.section-2 to None, run_after=None
[2025-04-13T21:27:47.814+0000] {logging_mixin.py:190} INFO - [2025-04-13T21:27:47.814+0000] {dag.py:3239} INFO - Sync 2 DAGs
[2025-04-13T21:27:48.297+0000] {logging_mixin.py:190} INFO - [2025-04-13T21:27:48.297+0000] {dag.py:4180} INFO - Setting next_dagrun for example_subdag_operator.section-1 to None, run_after=None
[2025-04-13T21:27:48.382+0000] {logging_mixin.py:190} INFO - [2025-04-13T21:27:48.382+0000] {dag.py:4180} INFO - Setting next_dagrun for example_subdag_operator.section-2 to None, run_after=None
[2025-04-13T21:27:48.910+0000] {processor.py:208} INFO - Processing /home/airflow/.local/lib/python3.12/site-packages/airflow/example_dags/example_subdag_operator.py took 7.091 seconds
[2025-04-13T21:32:22.315+0000] {processor.py:186} INFO - Started process (PID=293) to work on /home/airflow/.local/lib/python3.12/site-packages/airflow/example_dags/example_subdag_operator.py
[2025-04-13T21:32:22.518+0000] {processor.py:914} INFO - Processing file /home/airflow/.local/lib/python3.12/site-packages/airflow/example_dags/example_subdag_operator.py for tasks to queue
[2025-04-13T21:32:22.677+0000] {logging_mixin.py:190} INFO - [2025-04-13T21:32:22.674+0000] {dagbag.py:588} INFO - Filling up the DagBag from /home/airflow/.local/lib/python3.12/site-packages/airflow/example_dags/example_subdag_operator.py
[2025-04-13T21:32:25.627+0000] {processor.py:925} INFO - DAG(s) 'example_subdag_operator.section-1', 'example_subdag_operator.section-2', 'example_subdag_operator' retrieved from /home/airflow/.local/lib/python3.12/site-packages/airflow/example_dags/example_subdag_operator.py
[2025-04-13T21:32:26.481+0000] {logging_mixin.py:190} INFO - [2025-04-13T21:32:26.458+0000] {dag.py:3239} INFO - Sync 3 DAGs
[2025-04-13T21:32:27.881+0000] {logging_mixin.py:190} INFO - [2025-04-13T21:32:27.876+0000] {dag.py:4180} INFO - Setting next_dagrun for example_subdag_operator to 2022-01-01 00:00:00+00:00, run_after=2022-01-01 00:00:00+00:00
[2025-04-13T21:32:28.170+0000] {logging_mixin.py:190} INFO - [2025-04-13T21:32:28.169+0000] {dag.py:4180} INFO - Setting next_dagrun for example_subdag_operator.section-1 to None, run_after=None
[2025-04-13T21:32:28.298+0000] {logging_mixin.py:190} INFO - [2025-04-13T21:32:28.298+0000] {dag.py:4180} INFO - Setting next_dagrun for example_subdag_operator.section-2 to None, run_after=None
[2025-04-13T21:32:29.204+0000] {logging_mixin.py:190} INFO - [2025-04-13T21:32:29.204+0000] {dag.py:3239} INFO - Sync 2 DAGs
[2025-04-13T21:32:29.341+0000] {logging_mixin.py:190} INFO - [2025-04-13T21:32:29.340+0000] {dag.py:4180} INFO - Setting next_dagrun for example_subdag_operator.section-1 to None, run_after=None
[2025-04-13T21:32:29.512+0000] {logging_mixin.py:190} INFO - [2025-04-13T21:32:29.504+0000] {dag.py:4180} INFO - Setting next_dagrun for example_subdag_operator.section-2 to None, run_after=None
[2025-04-13T21:32:30.469+0000] {processor.py:208} INFO - Processing /home/airflow/.local/lib/python3.12/site-packages/airflow/example_dags/example_subdag_operator.py took 8.582 seconds
[2025-04-13T21:36:09.772+0000] {processor.py:186} INFO - Started process (PID=380) to work on /home/airflow/.local/lib/python3.12/site-packages/airflow/example_dags/example_subdag_operator.py
[2025-04-13T21:36:09.792+0000] {processor.py:914} INFO - Processing file /home/airflow/.local/lib/python3.12/site-packages/airflow/example_dags/example_subdag_operator.py for tasks to queue
[2025-04-13T21:36:10.312+0000] {logging_mixin.py:190} INFO - [2025-04-13T21:36:10.253+0000] {dagbag.py:588} INFO - Filling up the DagBag from /home/airflow/.local/lib/python3.12/site-packages/airflow/example_dags/example_subdag_operator.py
[2025-04-13T21:36:11.283+0000] {processor.py:925} INFO - DAG(s) 'example_subdag_operator.section-1', 'example_subdag_operator.section-2', 'example_subdag_operator' retrieved from /home/airflow/.local/lib/python3.12/site-packages/airflow/example_dags/example_subdag_operator.py
[2025-04-13T21:36:11.668+0000] {logging_mixin.py:190} INFO - [2025-04-13T21:36:11.667+0000] {dag.py:3239} INFO - Sync 3 DAGs
[2025-04-13T21:36:12.717+0000] {logging_mixin.py:190} INFO - [2025-04-13T21:36:12.717+0000] {dag.py:4180} INFO - Setting next_dagrun for example_subdag_operator to 2022-01-01 00:00:00+00:00, run_after=2022-01-01 00:00:00+00:00
[2025-04-13T21:36:12.872+0000] {logging_mixin.py:190} INFO - [2025-04-13T21:36:12.872+0000] {dag.py:4180} INFO - Setting next_dagrun for example_subdag_operator.section-1 to None, run_after=None
[2025-04-13T21:36:12.987+0000] {logging_mixin.py:190} INFO - [2025-04-13T21:36:12.972+0000] {dag.py:4180} INFO - Setting next_dagrun for example_subdag_operator.section-2 to None, run_after=None
[2025-04-13T21:36:13.058+0000] {logging_mixin.py:190} INFO - [2025-04-13T21:36:13.058+0000] {dag.py:3239} INFO - Sync 2 DAGs
[2025-04-13T21:36:13.219+0000] {logging_mixin.py:190} INFO - [2025-04-13T21:36:13.218+0000] {dag.py:4180} INFO - Setting next_dagrun for example_subdag_operator.section-1 to None, run_after=None
[2025-04-13T21:36:13.263+0000] {logging_mixin.py:190} INFO - [2025-04-13T21:36:13.261+0000] {dag.py:4180} INFO - Setting next_dagrun for example_subdag_operator.section-2 to None, run_after=None
[2025-04-13T21:36:13.716+0000] {processor.py:208} INFO - Processing /home/airflow/.local/lib/python3.12/site-packages/airflow/example_dags/example_subdag_operator.py took 4.127 seconds
[2025-04-13T21:52:21.370+0000] {processor.py:186} INFO - Started process (PID=168) to work on /home/airflow/.local/lib/python3.12/site-packages/airflow/example_dags/example_subdag_operator.py
[2025-04-13T21:52:21.409+0000] {processor.py:914} INFO - Processing file /home/airflow/.local/lib/python3.12/site-packages/airflow/example_dags/example_subdag_operator.py for tasks to queue
[2025-04-13T21:52:21.436+0000] {logging_mixin.py:190} INFO - [2025-04-13T21:52:21.436+0000] {dagbag.py:588} INFO - Filling up the DagBag from /home/airflow/.local/lib/python3.12/site-packages/airflow/example_dags/example_subdag_operator.py
[2025-04-13T21:52:24.681+0000] {processor.py:925} INFO - DAG(s) 'example_subdag_operator.section-1', 'example_subdag_operator.section-2', 'example_subdag_operator' retrieved from /home/airflow/.local/lib/python3.12/site-packages/airflow/example_dags/example_subdag_operator.py
[2025-04-13T21:52:25.348+0000] {logging_mixin.py:190} INFO - [2025-04-13T21:52:25.347+0000] {dag.py:3239} INFO - Sync 3 DAGs
[2025-04-13T21:52:28.033+0000] {logging_mixin.py:190} INFO - [2025-04-13T21:52:28.032+0000] {dag.py:4180} INFO - Setting next_dagrun for example_subdag_operator to 2022-01-01 00:00:00+00:00, run_after=2022-01-01 00:00:00+00:00
[2025-04-13T21:52:28.316+0000] {logging_mixin.py:190} INFO - [2025-04-13T21:52:28.315+0000] {dag.py:4180} INFO - Setting next_dagrun for example_subdag_operator.section-1 to None, run_after=None
[2025-04-13T21:52:28.558+0000] {logging_mixin.py:190} INFO - [2025-04-13T21:52:28.558+0000] {dag.py:4180} INFO - Setting next_dagrun for example_subdag_operator.section-2 to None, run_after=None
[2025-04-13T21:52:30.050+0000] {logging_mixin.py:190} INFO - [2025-04-13T21:52:29.820+0000] {dag.py:3239} INFO - Sync 2 DAGs
[2025-04-13T21:52:30.274+0000] {logging_mixin.py:190} INFO - [2025-04-13T21:52:30.274+0000] {dag.py:4180} INFO - Setting next_dagrun for example_subdag_operator.section-1 to None, run_after=None
[2025-04-13T21:52:30.460+0000] {logging_mixin.py:190} INFO - [2025-04-13T21:52:30.460+0000] {dag.py:4180} INFO - Setting next_dagrun for example_subdag_operator.section-2 to None, run_after=None
[2025-04-13T21:52:30.921+0000] {processor.py:208} INFO - Processing /home/airflow/.local/lib/python3.12/site-packages/airflow/example_dags/example_subdag_operator.py took 9.953 seconds
[2025-04-13T22:31:48.100+0000] {processor.py:186} INFO - Started process (PID=114) to work on /home/airflow/.local/lib/python3.12/site-packages/airflow/example_dags/example_subdag_operator.py
[2025-04-13T22:31:48.123+0000] {processor.py:914} INFO - Processing file /home/airflow/.local/lib/python3.12/site-packages/airflow/example_dags/example_subdag_operator.py for tasks to queue
[2025-04-13T22:31:48.180+0000] {logging_mixin.py:190} INFO - [2025-04-13T22:31:48.179+0000] {dagbag.py:588} INFO - Filling up the DagBag from /home/airflow/.local/lib/python3.12/site-packages/airflow/example_dags/example_subdag_operator.py
[2025-04-13T22:31:48.831+0000] {processor.py:925} INFO - DAG(s) 'example_subdag_operator.section-1', 'example_subdag_operator.section-2', 'example_subdag_operator' retrieved from /home/airflow/.local/lib/python3.12/site-packages/airflow/example_dags/example_subdag_operator.py
[2025-04-13T22:31:49.153+0000] {logging_mixin.py:190} INFO - [2025-04-13T22:31:49.124+0000] {dag.py:3239} INFO - Sync 3 DAGs
[2025-04-13T22:31:49.643+0000] {logging_mixin.py:190} INFO - [2025-04-13T22:31:49.642+0000] {dag.py:4180} INFO - Setting next_dagrun for example_subdag_operator to 2022-01-01 00:00:00+00:00, run_after=2022-01-01 00:00:00+00:00
[2025-04-13T22:31:49.715+0000] {logging_mixin.py:190} INFO - [2025-04-13T22:31:49.715+0000] {dag.py:4180} INFO - Setting next_dagrun for example_subdag_operator.section-1 to None, run_after=None
[2025-04-13T22:31:49.718+0000] {logging_mixin.py:190} INFO - [2025-04-13T22:31:49.717+0000] {dag.py:4180} INFO - Setting next_dagrun for example_subdag_operator.section-2 to None, run_after=None
[2025-04-13T22:31:49.763+0000] {logging_mixin.py:190} INFO - [2025-04-13T22:31:49.763+0000] {dag.py:3239} INFO - Sync 2 DAGs
[2025-04-13T22:31:50.082+0000] {logging_mixin.py:190} INFO - [2025-04-13T22:31:50.081+0000] {dag.py:4180} INFO - Setting next_dagrun for example_subdag_operator.section-1 to None, run_after=None
[2025-04-13T22:31:50.083+0000] {logging_mixin.py:190} INFO - [2025-04-13T22:31:50.082+0000] {dag.py:4180} INFO - Setting next_dagrun for example_subdag_operator.section-2 to None, run_after=None
[2025-04-13T22:31:50.243+0000] {processor.py:208} INFO - Processing /home/airflow/.local/lib/python3.12/site-packages/airflow/example_dags/example_subdag_operator.py took 2.242 seconds
[2025-04-13T22:32:34.151+0000] {processor.py:186} INFO - Started process (PID=184) to work on /home/airflow/.local/lib/python3.12/site-packages/airflow/example_dags/example_subdag_operator.py
[2025-04-13T22:32:34.154+0000] {processor.py:914} INFO - Processing file /home/airflow/.local/lib/python3.12/site-packages/airflow/example_dags/example_subdag_operator.py for tasks to queue
[2025-04-13T22:32:34.160+0000] {logging_mixin.py:190} INFO - [2025-04-13T22:32:34.159+0000] {dagbag.py:588} INFO - Filling up the DagBag from /home/airflow/.local/lib/python3.12/site-packages/airflow/example_dags/example_subdag_operator.py
[2025-04-13T22:32:34.251+0000] {processor.py:925} INFO - DAG(s) 'example_subdag_operator.section-1', 'example_subdag_operator.section-2', 'example_subdag_operator' retrieved from /home/airflow/.local/lib/python3.12/site-packages/airflow/example_dags/example_subdag_operator.py
[2025-04-13T22:32:34.293+0000] {logging_mixin.py:190} INFO - [2025-04-13T22:32:34.292+0000] {dag.py:3239} INFO - Sync 3 DAGs
[2025-04-13T22:32:34.356+0000] {logging_mixin.py:190} INFO - [2025-04-13T22:32:34.355+0000] {dag.py:4180} INFO - Setting next_dagrun for example_subdag_operator to 2022-01-01 00:00:00+00:00, run_after=2022-01-01 00:00:00+00:00
[2025-04-13T22:32:34.369+0000] {logging_mixin.py:190} INFO - [2025-04-13T22:32:34.368+0000] {dag.py:4180} INFO - Setting next_dagrun for example_subdag_operator.section-1 to None, run_after=None
[2025-04-13T22:32:34.373+0000] {logging_mixin.py:190} INFO - [2025-04-13T22:32:34.373+0000] {dag.py:4180} INFO - Setting next_dagrun for example_subdag_operator.section-2 to None, run_after=None
[2025-04-13T22:32:34.408+0000] {logging_mixin.py:190} INFO - [2025-04-13T22:32:34.407+0000] {dag.py:3239} INFO - Sync 2 DAGs
[2025-04-13T22:32:34.442+0000] {logging_mixin.py:190} INFO - [2025-04-13T22:32:34.441+0000] {dag.py:4180} INFO - Setting next_dagrun for example_subdag_operator.section-1 to None, run_after=None
[2025-04-13T22:32:34.455+0000] {logging_mixin.py:190} INFO - [2025-04-13T22:32:34.455+0000] {dag.py:4180} INFO - Setting next_dagrun for example_subdag_operator.section-2 to None, run_after=None
[2025-04-13T22:32:34.531+0000] {processor.py:208} INFO - Processing /home/airflow/.local/lib/python3.12/site-packages/airflow/example_dags/example_subdag_operator.py took 0.408 seconds
[2025-04-13T22:33:09.788+0000] {processor.py:186} INFO - Started process (PID=248) to work on /home/airflow/.local/lib/python3.12/site-packages/airflow/example_dags/example_subdag_operator.py
[2025-04-13T22:33:09.792+0000] {processor.py:914} INFO - Processing file /home/airflow/.local/lib/python3.12/site-packages/airflow/example_dags/example_subdag_operator.py for tasks to queue
[2025-04-13T22:33:09.803+0000] {logging_mixin.py:190} INFO - [2025-04-13T22:33:09.802+0000] {dagbag.py:588} INFO - Filling up the DagBag from /home/airflow/.local/lib/python3.12/site-packages/airflow/example_dags/example_subdag_operator.py
[2025-04-13T22:33:10.077+0000] {processor.py:925} INFO - DAG(s) 'example_subdag_operator.section-1', 'example_subdag_operator.section-2', 'example_subdag_operator' retrieved from /home/airflow/.local/lib/python3.12/site-packages/airflow/example_dags/example_subdag_operator.py
[2025-04-13T22:33:10.219+0000] {logging_mixin.py:190} INFO - [2025-04-13T22:33:10.219+0000] {dag.py:3239} INFO - Sync 3 DAGs
[2025-04-13T22:33:10.363+0000] {logging_mixin.py:190} INFO - [2025-04-13T22:33:10.363+0000] {dag.py:4180} INFO - Setting next_dagrun for example_subdag_operator to 2022-01-01 00:00:00+00:00, run_after=2022-01-01 00:00:00+00:00
[2025-04-13T22:33:10.382+0000] {logging_mixin.py:190} INFO - [2025-04-13T22:33:10.382+0000] {dag.py:4180} INFO - Setting next_dagrun for example_subdag_operator.section-1 to None, run_after=None
[2025-04-13T22:33:10.408+0000] {logging_mixin.py:190} INFO - [2025-04-13T22:33:10.408+0000] {dag.py:4180} INFO - Setting next_dagrun for example_subdag_operator.section-2 to None, run_after=None
[2025-04-13T22:33:10.448+0000] {logging_mixin.py:190} INFO - [2025-04-13T22:33:10.448+0000] {dag.py:3239} INFO - Sync 2 DAGs
[2025-04-13T22:33:10.472+0000] {logging_mixin.py:190} INFO - [2025-04-13T22:33:10.471+0000] {dag.py:4180} INFO - Setting next_dagrun for example_subdag_operator.section-1 to None, run_after=None
[2025-04-13T22:33:10.473+0000] {logging_mixin.py:190} INFO - [2025-04-13T22:33:10.473+0000] {dag.py:4180} INFO - Setting next_dagrun for example_subdag_operator.section-2 to None, run_after=None
[2025-04-13T22:33:10.522+0000] {processor.py:208} INFO - Processing /home/airflow/.local/lib/python3.12/site-packages/airflow/example_dags/example_subdag_operator.py took 0.757 seconds
[2025-04-13T22:33:42.438+0000] {processor.py:186} INFO - Started process (PID=312) to work on /home/airflow/.local/lib/python3.12/site-packages/airflow/example_dags/example_subdag_operator.py
[2025-04-13T22:33:42.440+0000] {processor.py:914} INFO - Processing file /home/airflow/.local/lib/python3.12/site-packages/airflow/example_dags/example_subdag_operator.py for tasks to queue
[2025-04-13T22:33:42.445+0000] {logging_mixin.py:190} INFO - [2025-04-13T22:33:42.444+0000] {dagbag.py:588} INFO - Filling up the DagBag from /home/airflow/.local/lib/python3.12/site-packages/airflow/example_dags/example_subdag_operator.py
[2025-04-13T22:33:42.570+0000] {processor.py:925} INFO - DAG(s) 'example_subdag_operator.section-1', 'example_subdag_operator.section-2', 'example_subdag_operator' retrieved from /home/airflow/.local/lib/python3.12/site-packages/airflow/example_dags/example_subdag_operator.py
[2025-04-13T22:33:42.665+0000] {logging_mixin.py:190} INFO - [2025-04-13T22:33:42.665+0000] {dag.py:3239} INFO - Sync 3 DAGs
[2025-04-13T22:33:42.837+0000] {logging_mixin.py:190} INFO - [2025-04-13T22:33:42.836+0000] {dag.py:4180} INFO - Setting next_dagrun for example_subdag_operator to 2022-01-01 00:00:00+00:00, run_after=2022-01-01 00:00:00+00:00
[2025-04-13T22:33:42.849+0000] {logging_mixin.py:190} INFO - [2025-04-13T22:33:42.849+0000] {dag.py:4180} INFO - Setting next_dagrun for example_subdag_operator.section-1 to None, run_after=None
[2025-04-13T22:33:42.852+0000] {logging_mixin.py:190} INFO - [2025-04-13T22:33:42.852+0000] {dag.py:4180} INFO - Setting next_dagrun for example_subdag_operator.section-2 to None, run_after=None
[2025-04-13T22:33:42.871+0000] {logging_mixin.py:190} INFO - [2025-04-13T22:33:42.871+0000] {dag.py:3239} INFO - Sync 2 DAGs
[2025-04-13T22:33:42.897+0000] {logging_mixin.py:190} INFO - [2025-04-13T22:33:42.897+0000] {dag.py:4180} INFO - Setting next_dagrun for example_subdag_operator.section-1 to None, run_after=None
[2025-04-13T22:33:42.899+0000] {logging_mixin.py:190} INFO - [2025-04-13T22:33:42.898+0000] {dag.py:4180} INFO - Setting next_dagrun for example_subdag_operator.section-2 to None, run_after=None
[2025-04-13T22:33:42.944+0000] {processor.py:208} INFO - Processing /home/airflow/.local/lib/python3.12/site-packages/airflow/example_dags/example_subdag_operator.py took 0.530 seconds
[2025-04-13T22:34:16.336+0000] {processor.py:186} INFO - Started process (PID=376) to work on /home/airflow/.local/lib/python3.12/site-packages/airflow/example_dags/example_subdag_operator.py
[2025-04-13T22:34:16.441+0000] {processor.py:914} INFO - Processing file /home/airflow/.local/lib/python3.12/site-packages/airflow/example_dags/example_subdag_operator.py for tasks to queue
[2025-04-13T22:34:16.454+0000] {logging_mixin.py:190} INFO - [2025-04-13T22:34:16.452+0000] {dagbag.py:588} INFO - Filling up the DagBag from /home/airflow/.local/lib/python3.12/site-packages/airflow/example_dags/example_subdag_operator.py
[2025-04-13T22:34:18.582+0000] {processor.py:925} INFO - DAG(s) 'example_subdag_operator.section-1', 'example_subdag_operator.section-2', 'example_subdag_operator' retrieved from /home/airflow/.local/lib/python3.12/site-packages/airflow/example_dags/example_subdag_operator.py
[2025-04-13T22:34:18.798+0000] {logging_mixin.py:190} INFO - [2025-04-13T22:34:18.797+0000] {dag.py:3239} INFO - Sync 3 DAGs
[2025-04-13T22:34:19.118+0000] {logging_mixin.py:190} INFO - [2025-04-13T22:34:19.116+0000] {dag.py:4180} INFO - Setting next_dagrun for example_subdag_operator to 2022-01-01 00:00:00+00:00, run_after=2022-01-01 00:00:00+00:00
[2025-04-13T22:34:19.224+0000] {logging_mixin.py:190} INFO - [2025-04-13T22:34:19.223+0000] {dag.py:4180} INFO - Setting next_dagrun for example_subdag_operator.section-1 to None, run_after=None
[2025-04-13T22:34:19.236+0000] {logging_mixin.py:190} INFO - [2025-04-13T22:34:19.236+0000] {dag.py:4180} INFO - Setting next_dagrun for example_subdag_operator.section-2 to None, run_after=None
[2025-04-13T22:34:19.350+0000] {logging_mixin.py:190} INFO - [2025-04-13T22:34:19.338+0000] {dag.py:3239} INFO - Sync 2 DAGs
[2025-04-13T22:34:19.422+0000] {logging_mixin.py:190} INFO - [2025-04-13T22:34:19.421+0000] {dag.py:4180} INFO - Setting next_dagrun for example_subdag_operator.section-1 to None, run_after=None
[2025-04-13T22:34:19.426+0000] {logging_mixin.py:190} INFO - [2025-04-13T22:34:19.426+0000] {dag.py:4180} INFO - Setting next_dagrun for example_subdag_operator.section-2 to None, run_after=None
[2025-04-13T22:34:19.571+0000] {processor.py:208} INFO - Processing /home/airflow/.local/lib/python3.12/site-packages/airflow/example_dags/example_subdag_operator.py took 3.521 seconds
[2025-04-13T22:34:57.004+0000] {processor.py:186} INFO - Started process (PID=440) to work on /home/airflow/.local/lib/python3.12/site-packages/airflow/example_dags/example_subdag_operator.py
[2025-04-13T22:34:57.008+0000] {processor.py:914} INFO - Processing file /home/airflow/.local/lib/python3.12/site-packages/airflow/example_dags/example_subdag_operator.py for tasks to queue
[2025-04-13T22:34:57.073+0000] {logging_mixin.py:190} INFO - [2025-04-13T22:34:57.067+0000] {dagbag.py:588} INFO - Filling up the DagBag from /home/airflow/.local/lib/python3.12/site-packages/airflow/example_dags/example_subdag_operator.py
[2025-04-13T22:34:57.506+0000] {processor.py:925} INFO - DAG(s) 'example_subdag_operator.section-1', 'example_subdag_operator.section-2', 'example_subdag_operator' retrieved from /home/airflow/.local/lib/python3.12/site-packages/airflow/example_dags/example_subdag_operator.py
[2025-04-13T22:34:57.640+0000] {logging_mixin.py:190} INFO - [2025-04-13T22:34:57.639+0000] {dag.py:3239} INFO - Sync 3 DAGs
[2025-04-13T22:34:57.989+0000] {logging_mixin.py:190} INFO - [2025-04-13T22:34:57.988+0000] {dag.py:4180} INFO - Setting next_dagrun for example_subdag_operator to 2022-01-01 00:00:00+00:00, run_after=2022-01-01 00:00:00+00:00
[2025-04-13T22:34:58.034+0000] {logging_mixin.py:190} INFO - [2025-04-13T22:34:58.034+0000] {dag.py:4180} INFO - Setting next_dagrun for example_subdag_operator.section-1 to None, run_after=None
[2025-04-13T22:34:58.041+0000] {logging_mixin.py:190} INFO - [2025-04-13T22:34:58.041+0000] {dag.py:4180} INFO - Setting next_dagrun for example_subdag_operator.section-2 to None, run_after=None
[2025-04-13T22:34:58.121+0000] {logging_mixin.py:190} INFO - [2025-04-13T22:34:58.120+0000] {dag.py:3239} INFO - Sync 2 DAGs
[2025-04-13T22:34:58.221+0000] {logging_mixin.py:190} INFO - [2025-04-13T22:34:58.208+0000] {dag.py:4180} INFO - Setting next_dagrun for example_subdag_operator.section-1 to None, run_after=None
[2025-04-13T22:34:58.277+0000] {logging_mixin.py:190} INFO - [2025-04-13T22:34:58.269+0000] {dag.py:4180} INFO - Setting next_dagrun for example_subdag_operator.section-2 to None, run_after=None
[2025-04-13T22:34:58.461+0000] {processor.py:208} INFO - Processing /home/airflow/.local/lib/python3.12/site-packages/airflow/example_dags/example_subdag_operator.py took 1.550 seconds
[2025-04-13T22:35:35.213+0000] {processor.py:186} INFO - Started process (PID=509) to work on /home/airflow/.local/lib/python3.12/site-packages/airflow/example_dags/example_subdag_operator.py
[2025-04-13T22:35:35.218+0000] {processor.py:914} INFO - Processing file /home/airflow/.local/lib/python3.12/site-packages/airflow/example_dags/example_subdag_operator.py for tasks to queue
[2025-04-13T22:35:35.269+0000] {logging_mixin.py:190} INFO - [2025-04-13T22:35:35.268+0000] {dagbag.py:588} INFO - Filling up the DagBag from /home/airflow/.local/lib/python3.12/site-packages/airflow/example_dags/example_subdag_operator.py
[2025-04-13T22:35:35.671+0000] {processor.py:925} INFO - DAG(s) 'example_subdag_operator.section-1', 'example_subdag_operator.section-2', 'example_subdag_operator' retrieved from /home/airflow/.local/lib/python3.12/site-packages/airflow/example_dags/example_subdag_operator.py
[2025-04-13T22:35:35.803+0000] {logging_mixin.py:190} INFO - [2025-04-13T22:35:35.803+0000] {dag.py:3239} INFO - Sync 3 DAGs
[2025-04-13T22:35:36.001+0000] {logging_mixin.py:190} INFO - [2025-04-13T22:35:35.999+0000] {dag.py:4180} INFO - Setting next_dagrun for example_subdag_operator to 2022-01-01 00:00:00+00:00, run_after=2022-01-01 00:00:00+00:00
[2025-04-13T22:35:36.036+0000] {logging_mixin.py:190} INFO - [2025-04-13T22:35:36.035+0000] {dag.py:4180} INFO - Setting next_dagrun for example_subdag_operator.section-1 to None, run_after=None
[2025-04-13T22:35:36.057+0000] {logging_mixin.py:190} INFO - [2025-04-13T22:35:36.056+0000] {dag.py:4180} INFO - Setting next_dagrun for example_subdag_operator.section-2 to None, run_after=None
[2025-04-13T22:35:36.165+0000] {logging_mixin.py:190} INFO - [2025-04-13T22:35:36.164+0000] {dag.py:3239} INFO - Sync 2 DAGs
[2025-04-13T22:35:36.200+0000] {logging_mixin.py:190} INFO - [2025-04-13T22:35:36.200+0000] {dag.py:4180} INFO - Setting next_dagrun for example_subdag_operator.section-1 to None, run_after=None
[2025-04-13T22:35:36.206+0000] {logging_mixin.py:190} INFO - [2025-04-13T22:35:36.206+0000] {dag.py:4180} INFO - Setting next_dagrun for example_subdag_operator.section-2 to None, run_after=None
[2025-04-13T22:35:36.386+0000] {processor.py:208} INFO - Processing /home/airflow/.local/lib/python3.12/site-packages/airflow/example_dags/example_subdag_operator.py took 1.300 seconds
[2025-04-13T22:36:08.281+0000] {processor.py:186} INFO - Started process (PID=572) to work on /home/airflow/.local/lib/python3.12/site-packages/airflow/example_dags/example_subdag_operator.py
[2025-04-13T22:36:08.299+0000] {processor.py:914} INFO - Processing file /home/airflow/.local/lib/python3.12/site-packages/airflow/example_dags/example_subdag_operator.py for tasks to queue
[2025-04-13T22:36:08.309+0000] {logging_mixin.py:190} INFO - [2025-04-13T22:36:08.308+0000] {dagbag.py:588} INFO - Filling up the DagBag from /home/airflow/.local/lib/python3.12/site-packages/airflow/example_dags/example_subdag_operator.py
[2025-04-13T22:36:08.588+0000] {processor.py:925} INFO - DAG(s) 'example_subdag_operator.section-1', 'example_subdag_operator.section-2', 'example_subdag_operator' retrieved from /home/airflow/.local/lib/python3.12/site-packages/airflow/example_dags/example_subdag_operator.py
[2025-04-13T22:36:08.795+0000] {logging_mixin.py:190} INFO - [2025-04-13T22:36:08.794+0000] {dag.py:3239} INFO - Sync 3 DAGs
[2025-04-13T22:36:09.216+0000] {logging_mixin.py:190} INFO - [2025-04-13T22:36:09.216+0000] {dag.py:4180} INFO - Setting next_dagrun for example_subdag_operator to 2022-01-01 00:00:00+00:00, run_after=2022-01-01 00:00:00+00:00
[2025-04-13T22:36:09.296+0000] {logging_mixin.py:190} INFO - [2025-04-13T22:36:09.296+0000] {dag.py:4180} INFO - Setting next_dagrun for example_subdag_operator.section-1 to None, run_after=None
[2025-04-13T22:36:09.369+0000] {logging_mixin.py:190} INFO - [2025-04-13T22:36:09.368+0000] {dag.py:4180} INFO - Setting next_dagrun for example_subdag_operator.section-2 to None, run_after=None
[2025-04-13T22:36:09.482+0000] {logging_mixin.py:190} INFO - [2025-04-13T22:36:09.482+0000] {dag.py:3239} INFO - Sync 2 DAGs
[2025-04-13T22:36:09.636+0000] {logging_mixin.py:190} INFO - [2025-04-13T22:36:09.636+0000] {dag.py:4180} INFO - Setting next_dagrun for example_subdag_operator.section-1 to None, run_after=None
[2025-04-13T22:36:09.638+0000] {logging_mixin.py:190} INFO - [2025-04-13T22:36:09.637+0000] {dag.py:4180} INFO - Setting next_dagrun for example_subdag_operator.section-2 to None, run_after=None
[2025-04-13T22:36:09.798+0000] {processor.py:208} INFO - Processing /home/airflow/.local/lib/python3.12/site-packages/airflow/example_dags/example_subdag_operator.py took 1.699 seconds
[2025-04-13T22:36:44.719+0000] {processor.py:186} INFO - Started process (PID=636) to work on /home/airflow/.local/lib/python3.12/site-packages/airflow/example_dags/example_subdag_operator.py
[2025-04-13T22:36:44.733+0000] {processor.py:914} INFO - Processing file /home/airflow/.local/lib/python3.12/site-packages/airflow/example_dags/example_subdag_operator.py for tasks to queue
[2025-04-13T22:36:44.746+0000] {logging_mixin.py:190} INFO - [2025-04-13T22:36:44.743+0000] {dagbag.py:588} INFO - Filling up the DagBag from /home/airflow/.local/lib/python3.12/site-packages/airflow/example_dags/example_subdag_operator.py
[2025-04-13T22:36:44.886+0000] {processor.py:925} INFO - DAG(s) 'example_subdag_operator.section-1', 'example_subdag_operator.section-2', 'example_subdag_operator' retrieved from /home/airflow/.local/lib/python3.12/site-packages/airflow/example_dags/example_subdag_operator.py
[2025-04-13T22:36:44.946+0000] {logging_mixin.py:190} INFO - [2025-04-13T22:36:44.945+0000] {dag.py:3239} INFO - Sync 3 DAGs
[2025-04-13T22:36:45.153+0000] {logging_mixin.py:190} INFO - [2025-04-13T22:36:45.152+0000] {dag.py:4180} INFO - Setting next_dagrun for example_subdag_operator to 2022-01-01 00:00:00+00:00, run_after=2022-01-01 00:00:00+00:00
[2025-04-13T22:36:45.163+0000] {logging_mixin.py:190} INFO - [2025-04-13T22:36:45.161+0000] {dag.py:4180} INFO - Setting next_dagrun for example_subdag_operator.section-1 to None, run_after=None
[2025-04-13T22:36:45.195+0000] {logging_mixin.py:190} INFO - [2025-04-13T22:36:45.195+0000] {dag.py:4180} INFO - Setting next_dagrun for example_subdag_operator.section-2 to None, run_after=None
[2025-04-13T22:36:45.242+0000] {logging_mixin.py:190} INFO - [2025-04-13T22:36:45.242+0000] {dag.py:3239} INFO - Sync 2 DAGs
[2025-04-13T22:36:45.301+0000] {logging_mixin.py:190} INFO - [2025-04-13T22:36:45.300+0000] {dag.py:4180} INFO - Setting next_dagrun for example_subdag_operator.section-1 to None, run_after=None
[2025-04-13T22:36:45.305+0000] {logging_mixin.py:190} INFO - [2025-04-13T22:36:45.305+0000] {dag.py:4180} INFO - Setting next_dagrun for example_subdag_operator.section-2 to None, run_after=None
[2025-04-13T22:36:45.485+0000] {processor.py:208} INFO - Processing /home/airflow/.local/lib/python3.12/site-packages/airflow/example_dags/example_subdag_operator.py took 0.783 seconds
[2025-04-13T22:37:35.565+0000] {processor.py:186} INFO - Started process (PID=692) to work on /home/airflow/.local/lib/python3.12/site-packages/airflow/example_dags/example_subdag_operator.py
[2025-04-13T22:37:35.585+0000] {processor.py:914} INFO - Processing file /home/airflow/.local/lib/python3.12/site-packages/airflow/example_dags/example_subdag_operator.py for tasks to queue
[2025-04-13T22:37:35.642+0000] {logging_mixin.py:190} INFO - [2025-04-13T22:37:35.638+0000] {dagbag.py:588} INFO - Filling up the DagBag from /home/airflow/.local/lib/python3.12/site-packages/airflow/example_dags/example_subdag_operator.py
[2025-04-13T22:37:35.819+0000] {processor.py:925} INFO - DAG(s) 'example_subdag_operator.section-1', 'example_subdag_operator.section-2', 'example_subdag_operator' retrieved from /home/airflow/.local/lib/python3.12/site-packages/airflow/example_dags/example_subdag_operator.py
[2025-04-13T22:37:35.895+0000] {logging_mixin.py:190} INFO - [2025-04-13T22:37:35.895+0000] {dag.py:3239} INFO - Sync 3 DAGs
[2025-04-13T22:37:36.064+0000] {logging_mixin.py:190} INFO - [2025-04-13T22:37:36.064+0000] {dag.py:4180} INFO - Setting next_dagrun for example_subdag_operator to 2022-01-01 00:00:00+00:00, run_after=2022-01-01 00:00:00+00:00
[2025-04-13T22:37:36.145+0000] {logging_mixin.py:190} INFO - [2025-04-13T22:37:36.145+0000] {dag.py:4180} INFO - Setting next_dagrun for example_subdag_operator.section-1 to None, run_after=None
[2025-04-13T22:37:36.171+0000] {logging_mixin.py:190} INFO - [2025-04-13T22:37:36.171+0000] {dag.py:4180} INFO - Setting next_dagrun for example_subdag_operator.section-2 to None, run_after=None
[2025-04-13T22:37:36.236+0000] {logging_mixin.py:190} INFO - [2025-04-13T22:37:36.236+0000] {dag.py:3239} INFO - Sync 2 DAGs
[2025-04-13T22:37:36.281+0000] {logging_mixin.py:190} INFO - [2025-04-13T22:37:36.281+0000] {dag.py:4180} INFO - Setting next_dagrun for example_subdag_operator.section-1 to None, run_after=None
[2025-04-13T22:37:36.287+0000] {logging_mixin.py:190} INFO - [2025-04-13T22:37:36.287+0000] {dag.py:4180} INFO - Setting next_dagrun for example_subdag_operator.section-2 to None, run_after=None
[2025-04-13T22:37:36.355+0000] {processor.py:208} INFO - Processing /home/airflow/.local/lib/python3.12/site-packages/airflow/example_dags/example_subdag_operator.py took 0.891 seconds
[2025-04-13T22:38:15.868+0000] {processor.py:186} INFO - Started process (PID=756) to work on /home/airflow/.local/lib/python3.12/site-packages/airflow/example_dags/example_subdag_operator.py
[2025-04-13T22:38:15.871+0000] {processor.py:914} INFO - Processing file /home/airflow/.local/lib/python3.12/site-packages/airflow/example_dags/example_subdag_operator.py for tasks to queue
[2025-04-13T22:38:15.902+0000] {logging_mixin.py:190} INFO - [2025-04-13T22:38:15.901+0000] {dagbag.py:588} INFO - Filling up the DagBag from /home/airflow/.local/lib/python3.12/site-packages/airflow/example_dags/example_subdag_operator.py
[2025-04-13T22:38:16.225+0000] {processor.py:925} INFO - DAG(s) 'example_subdag_operator.section-1', 'example_subdag_operator.section-2', 'example_subdag_operator' retrieved from /home/airflow/.local/lib/python3.12/site-packages/airflow/example_dags/example_subdag_operator.py
[2025-04-13T22:38:16.401+0000] {logging_mixin.py:190} INFO - [2025-04-13T22:38:16.400+0000] {dag.py:3239} INFO - Sync 3 DAGs
[2025-04-13T22:38:16.755+0000] {logging_mixin.py:190} INFO - [2025-04-13T22:38:16.754+0000] {dag.py:4180} INFO - Setting next_dagrun for example_subdag_operator to 2022-01-01 00:00:00+00:00, run_after=2022-01-01 00:00:00+00:00
[2025-04-13T22:38:16.812+0000] {logging_mixin.py:190} INFO - [2025-04-13T22:38:16.811+0000] {dag.py:4180} INFO - Setting next_dagrun for example_subdag_operator.section-1 to None, run_after=None
[2025-04-13T22:38:16.834+0000] {logging_mixin.py:190} INFO - [2025-04-13T22:38:16.833+0000] {dag.py:4180} INFO - Setting next_dagrun for example_subdag_operator.section-2 to None, run_after=None
[2025-04-13T22:38:16.938+0000] {logging_mixin.py:190} INFO - [2025-04-13T22:38:16.938+0000] {dag.py:3239} INFO - Sync 2 DAGs
[2025-04-13T22:38:16.965+0000] {logging_mixin.py:190} INFO - [2025-04-13T22:38:16.963+0000] {dag.py:4180} INFO - Setting next_dagrun for example_subdag_operator.section-1 to None, run_after=None
[2025-04-13T22:38:16.973+0000] {logging_mixin.py:190} INFO - [2025-04-13T22:38:16.973+0000] {dag.py:4180} INFO - Setting next_dagrun for example_subdag_operator.section-2 to None, run_after=None
[2025-04-13T22:38:17.103+0000] {processor.py:208} INFO - Processing /home/airflow/.local/lib/python3.12/site-packages/airflow/example_dags/example_subdag_operator.py took 1.317 seconds
[2025-04-13T22:38:53.814+0000] {processor.py:186} INFO - Started process (PID=820) to work on /home/airflow/.local/lib/python3.12/site-packages/airflow/example_dags/example_subdag_operator.py
[2025-04-13T22:38:53.827+0000] {processor.py:914} INFO - Processing file /home/airflow/.local/lib/python3.12/site-packages/airflow/example_dags/example_subdag_operator.py for tasks to queue
[2025-04-13T22:38:53.849+0000] {logging_mixin.py:190} INFO - [2025-04-13T22:38:53.848+0000] {dagbag.py:588} INFO - Filling up the DagBag from /home/airflow/.local/lib/python3.12/site-packages/airflow/example_dags/example_subdag_operator.py
[2025-04-13T22:38:54.224+0000] {processor.py:925} INFO - DAG(s) 'example_subdag_operator.section-1', 'example_subdag_operator.section-2', 'example_subdag_operator' retrieved from /home/airflow/.local/lib/python3.12/site-packages/airflow/example_dags/example_subdag_operator.py
[2025-04-13T22:38:54.418+0000] {logging_mixin.py:190} INFO - [2025-04-13T22:38:54.418+0000] {dag.py:3239} INFO - Sync 3 DAGs
[2025-04-13T22:38:55.003+0000] {logging_mixin.py:190} INFO - [2025-04-13T22:38:55.002+0000] {dag.py:4180} INFO - Setting next_dagrun for example_subdag_operator to 2022-01-01 00:00:00+00:00, run_after=2022-01-01 00:00:00+00:00
[2025-04-13T22:38:55.073+0000] {logging_mixin.py:190} INFO - [2025-04-13T22:38:55.060+0000] {dag.py:4180} INFO - Setting next_dagrun for example_subdag_operator.section-1 to None, run_after=None
[2025-04-13T22:38:55.130+0000] {logging_mixin.py:190} INFO - [2025-04-13T22:38:55.129+0000] {dag.py:4180} INFO - Setting next_dagrun for example_subdag_operator.section-2 to None, run_after=None
[2025-04-13T22:38:55.241+0000] {logging_mixin.py:190} INFO - [2025-04-13T22:38:55.241+0000] {dag.py:3239} INFO - Sync 2 DAGs
[2025-04-13T22:38:55.320+0000] {logging_mixin.py:190} INFO - [2025-04-13T22:38:55.288+0000] {dag.py:4180} INFO - Setting next_dagrun for example_subdag_operator.section-1 to None, run_after=None
[2025-04-13T22:38:55.338+0000] {logging_mixin.py:190} INFO - [2025-04-13T22:38:55.337+0000] {dag.py:4180} INFO - Setting next_dagrun for example_subdag_operator.section-2 to None, run_after=None
[2025-04-13T22:38:55.502+0000] {processor.py:208} INFO - Processing /home/airflow/.local/lib/python3.12/site-packages/airflow/example_dags/example_subdag_operator.py took 1.837 seconds
[2025-04-13T22:39:26.811+0000] {processor.py:186} INFO - Started process (PID=883) to work on /home/airflow/.local/lib/python3.12/site-packages/airflow/example_dags/example_subdag_operator.py
[2025-04-13T22:39:26.813+0000] {processor.py:914} INFO - Processing file /home/airflow/.local/lib/python3.12/site-packages/airflow/example_dags/example_subdag_operator.py for tasks to queue
[2025-04-13T22:39:26.820+0000] {logging_mixin.py:190} INFO - [2025-04-13T22:39:26.819+0000] {dagbag.py:588} INFO - Filling up the DagBag from /home/airflow/.local/lib/python3.12/site-packages/airflow/example_dags/example_subdag_operator.py
[2025-04-13T22:39:26.920+0000] {processor.py:925} INFO - DAG(s) 'example_subdag_operator.section-1', 'example_subdag_operator.section-2', 'example_subdag_operator' retrieved from /home/airflow/.local/lib/python3.12/site-packages/airflow/example_dags/example_subdag_operator.py
[2025-04-13T22:39:26.995+0000] {logging_mixin.py:190} INFO - [2025-04-13T22:39:26.994+0000] {dag.py:3239} INFO - Sync 3 DAGs
[2025-04-13T22:39:27.100+0000] {logging_mixin.py:190} INFO - [2025-04-13T22:39:27.100+0000] {dag.py:4180} INFO - Setting next_dagrun for example_subdag_operator to 2022-01-01 00:00:00+00:00, run_after=2022-01-01 00:00:00+00:00
[2025-04-13T22:39:27.116+0000] {logging_mixin.py:190} INFO - [2025-04-13T22:39:27.116+0000] {dag.py:4180} INFO - Setting next_dagrun for example_subdag_operator.section-1 to None, run_after=None
[2025-04-13T22:39:27.121+0000] {logging_mixin.py:190} INFO - [2025-04-13T22:39:27.120+0000] {dag.py:4180} INFO - Setting next_dagrun for example_subdag_operator.section-2 to None, run_after=None
[2025-04-13T22:39:27.149+0000] {logging_mixin.py:190} INFO - [2025-04-13T22:39:27.148+0000] {dag.py:3239} INFO - Sync 2 DAGs
[2025-04-13T22:39:27.169+0000] {logging_mixin.py:190} INFO - [2025-04-13T22:39:27.169+0000] {dag.py:4180} INFO - Setting next_dagrun for example_subdag_operator.section-1 to None, run_after=None
[2025-04-13T22:39:27.172+0000] {logging_mixin.py:190} INFO - [2025-04-13T22:39:27.171+0000] {dag.py:4180} INFO - Setting next_dagrun for example_subdag_operator.section-2 to None, run_after=None
[2025-04-13T22:39:27.305+0000] {processor.py:208} INFO - Processing /home/airflow/.local/lib/python3.12/site-packages/airflow/example_dags/example_subdag_operator.py took 0.533 seconds
[2025-04-13T22:40:38.807+0000] {processor.py:186} INFO - Started process (PID=933) to work on /home/airflow/.local/lib/python3.12/site-packages/airflow/example_dags/example_subdag_operator.py
[2025-04-13T22:40:38.818+0000] {processor.py:914} INFO - Processing file /home/airflow/.local/lib/python3.12/site-packages/airflow/example_dags/example_subdag_operator.py for tasks to queue
[2025-04-13T22:40:38.826+0000] {logging_mixin.py:190} INFO - [2025-04-13T22:40:38.825+0000] {dagbag.py:588} INFO - Filling up the DagBag from /home/airflow/.local/lib/python3.12/site-packages/airflow/example_dags/example_subdag_operator.py
[2025-04-13T22:40:39.292+0000] {processor.py:925} INFO - DAG(s) 'example_subdag_operator.section-1', 'example_subdag_operator.section-2', 'example_subdag_operator' retrieved from /home/airflow/.local/lib/python3.12/site-packages/airflow/example_dags/example_subdag_operator.py
[2025-04-13T22:40:39.432+0000] {logging_mixin.py:190} INFO - [2025-04-13T22:40:39.432+0000] {dag.py:3239} INFO - Sync 3 DAGs
[2025-04-13T22:40:39.761+0000] {logging_mixin.py:190} INFO - [2025-04-13T22:40:39.760+0000] {dag.py:4180} INFO - Setting next_dagrun for example_subdag_operator to 2022-01-01 00:00:00+00:00, run_after=2022-01-01 00:00:00+00:00
[2025-04-13T22:40:39.802+0000] {logging_mixin.py:190} INFO - [2025-04-13T22:40:39.802+0000] {dag.py:4180} INFO - Setting next_dagrun for example_subdag_operator.section-1 to None, run_after=None
[2025-04-13T22:40:39.818+0000] {logging_mixin.py:190} INFO - [2025-04-13T22:40:39.813+0000] {dag.py:4180} INFO - Setting next_dagrun for example_subdag_operator.section-2 to None, run_after=None
[2025-04-13T22:40:39.938+0000] {logging_mixin.py:190} INFO - [2025-04-13T22:40:39.937+0000] {dag.py:3239} INFO - Sync 2 DAGs
[2025-04-13T22:40:40.244+0000] {logging_mixin.py:190} INFO - [2025-04-13T22:40:40.243+0000] {dag.py:4180} INFO - Setting next_dagrun for example_subdag_operator.section-1 to None, run_after=None
[2025-04-13T22:40:40.259+0000] {logging_mixin.py:190} INFO - [2025-04-13T22:40:40.257+0000] {dag.py:4180} INFO - Setting next_dagrun for example_subdag_operator.section-2 to None, run_after=None
[2025-04-13T22:40:40.574+0000] {processor.py:208} INFO - Processing /home/airflow/.local/lib/python3.12/site-packages/airflow/example_dags/example_subdag_operator.py took 1.799 seconds
[2025-04-13T22:42:00.682+0000] {processor.py:186} INFO - Started process (PID=1002) to work on /home/airflow/.local/lib/python3.12/site-packages/airflow/example_dags/example_subdag_operator.py
[2025-04-13T22:42:00.688+0000] {processor.py:914} INFO - Processing file /home/airflow/.local/lib/python3.12/site-packages/airflow/example_dags/example_subdag_operator.py for tasks to queue
[2025-04-13T22:42:00.715+0000] {logging_mixin.py:190} INFO - [2025-04-13T22:42:00.715+0000] {dagbag.py:588} INFO - Filling up the DagBag from /home/airflow/.local/lib/python3.12/site-packages/airflow/example_dags/example_subdag_operator.py
[2025-04-13T22:42:00.878+0000] {processor.py:925} INFO - DAG(s) 'example_subdag_operator.section-1', 'example_subdag_operator.section-2', 'example_subdag_operator' retrieved from /home/airflow/.local/lib/python3.12/site-packages/airflow/example_dags/example_subdag_operator.py
[2025-04-13T22:42:00.960+0000] {logging_mixin.py:190} INFO - [2025-04-13T22:42:00.960+0000] {dag.py:3239} INFO - Sync 3 DAGs
[2025-04-13T22:42:01.226+0000] {logging_mixin.py:190} INFO - [2025-04-13T22:42:01.225+0000] {dag.py:4180} INFO - Setting next_dagrun for example_subdag_operator to 2022-01-01 00:00:00+00:00, run_after=2022-01-01 00:00:00+00:00
[2025-04-13T22:42:01.265+0000] {logging_mixin.py:190} INFO - [2025-04-13T22:42:01.264+0000] {dag.py:4180} INFO - Setting next_dagrun for example_subdag_operator.section-1 to None, run_after=None
[2025-04-13T22:42:01.281+0000] {logging_mixin.py:190} INFO - [2025-04-13T22:42:01.281+0000] {dag.py:4180} INFO - Setting next_dagrun for example_subdag_operator.section-2 to None, run_after=None
[2025-04-13T22:42:01.318+0000] {logging_mixin.py:190} INFO - [2025-04-13T22:42:01.317+0000] {dag.py:3239} INFO - Sync 2 DAGs
[2025-04-13T22:42:01.377+0000] {logging_mixin.py:190} INFO - [2025-04-13T22:42:01.377+0000] {dag.py:4180} INFO - Setting next_dagrun for example_subdag_operator.section-1 to None, run_after=None
[2025-04-13T22:42:01.379+0000] {logging_mixin.py:190} INFO - [2025-04-13T22:42:01.379+0000] {dag.py:4180} INFO - Setting next_dagrun for example_subdag_operator.section-2 to None, run_after=None
[2025-04-13T22:42:01.468+0000] {processor.py:208} INFO - Processing /home/airflow/.local/lib/python3.12/site-packages/airflow/example_dags/example_subdag_operator.py took 0.805 seconds
[2025-04-13T22:42:38.480+0000] {processor.py:186} INFO - Started process (PID=1066) to work on /home/airflow/.local/lib/python3.12/site-packages/airflow/example_dags/example_subdag_operator.py
[2025-04-13T22:42:38.495+0000] {processor.py:914} INFO - Processing file /home/airflow/.local/lib/python3.12/site-packages/airflow/example_dags/example_subdag_operator.py for tasks to queue
[2025-04-13T22:42:38.505+0000] {logging_mixin.py:190} INFO - [2025-04-13T22:42:38.504+0000] {dagbag.py:588} INFO - Filling up the DagBag from /home/airflow/.local/lib/python3.12/site-packages/airflow/example_dags/example_subdag_operator.py
[2025-04-13T22:42:38.857+0000] {processor.py:925} INFO - DAG(s) 'example_subdag_operator.section-1', 'example_subdag_operator.section-2', 'example_subdag_operator' retrieved from /home/airflow/.local/lib/python3.12/site-packages/airflow/example_dags/example_subdag_operator.py
[2025-04-13T22:42:38.923+0000] {logging_mixin.py:190} INFO - [2025-04-13T22:42:38.923+0000] {dag.py:3239} INFO - Sync 3 DAGs
[2025-04-13T22:42:39.134+0000] {logging_mixin.py:190} INFO - [2025-04-13T22:42:39.134+0000] {dag.py:4180} INFO - Setting next_dagrun for example_subdag_operator to 2022-01-01 00:00:00+00:00, run_after=2022-01-01 00:00:00+00:00
[2025-04-13T22:42:39.174+0000] {logging_mixin.py:190} INFO - [2025-04-13T22:42:39.174+0000] {dag.py:4180} INFO - Setting next_dagrun for example_subdag_operator.section-1 to None, run_after=None
[2025-04-13T22:42:39.226+0000] {logging_mixin.py:190} INFO - [2025-04-13T22:42:39.223+0000] {dag.py:4180} INFO - Setting next_dagrun for example_subdag_operator.section-2 to None, run_after=None
[2025-04-13T22:42:39.269+0000] {logging_mixin.py:190} INFO - [2025-04-13T22:42:39.268+0000] {dag.py:3239} INFO - Sync 2 DAGs
[2025-04-13T22:42:39.317+0000] {logging_mixin.py:190} INFO - [2025-04-13T22:42:39.317+0000] {dag.py:4180} INFO - Setting next_dagrun for example_subdag_operator.section-1 to None, run_after=None
[2025-04-13T22:42:39.321+0000] {logging_mixin.py:190} INFO - [2025-04-13T22:42:39.321+0000] {dag.py:4180} INFO - Setting next_dagrun for example_subdag_operator.section-2 to None, run_after=None
[2025-04-13T22:42:39.381+0000] {processor.py:208} INFO - Processing /home/airflow/.local/lib/python3.12/site-packages/airflow/example_dags/example_subdag_operator.py took 0.925 seconds
[2025-04-13T22:43:37.441+0000] {processor.py:186} INFO - Started process (PID=1140) to work on /home/airflow/.local/lib/python3.12/site-packages/airflow/example_dags/example_subdag_operator.py
[2025-04-13T22:43:37.457+0000] {processor.py:914} INFO - Processing file /home/airflow/.local/lib/python3.12/site-packages/airflow/example_dags/example_subdag_operator.py for tasks to queue
[2025-04-13T22:43:37.497+0000] {logging_mixin.py:190} INFO - [2025-04-13T22:43:37.496+0000] {dagbag.py:588} INFO - Filling up the DagBag from /home/airflow/.local/lib/python3.12/site-packages/airflow/example_dags/example_subdag_operator.py
[2025-04-13T22:43:38.260+0000] {processor.py:925} INFO - DAG(s) 'example_subdag_operator.section-1', 'example_subdag_operator.section-2', 'example_subdag_operator' retrieved from /home/airflow/.local/lib/python3.12/site-packages/airflow/example_dags/example_subdag_operator.py
[2025-04-13T22:43:38.462+0000] {logging_mixin.py:190} INFO - [2025-04-13T22:43:38.461+0000] {dag.py:3239} INFO - Sync 3 DAGs
[2025-04-13T22:43:39.347+0000] {logging_mixin.py:190} INFO - [2025-04-13T22:43:39.313+0000] {dag.py:4180} INFO - Setting next_dagrun for example_subdag_operator to 2022-01-01 00:00:00+00:00, run_after=2022-01-01 00:00:00+00:00
[2025-04-13T22:43:39.477+0000] {logging_mixin.py:190} INFO - [2025-04-13T22:43:39.476+0000] {dag.py:4180} INFO - Setting next_dagrun for example_subdag_operator.section-1 to None, run_after=None
[2025-04-13T22:43:39.491+0000] {logging_mixin.py:190} INFO - [2025-04-13T22:43:39.486+0000] {dag.py:4180} INFO - Setting next_dagrun for example_subdag_operator.section-2 to None, run_after=None
[2025-04-13T22:43:39.563+0000] {logging_mixin.py:190} INFO - [2025-04-13T22:43:39.541+0000] {dag.py:3239} INFO - Sync 2 DAGs
[2025-04-13T22:43:39.649+0000] {logging_mixin.py:190} INFO - [2025-04-13T22:43:39.648+0000] {dag.py:4180} INFO - Setting next_dagrun for example_subdag_operator.section-1 to None, run_after=None
[2025-04-13T22:43:39.667+0000] {logging_mixin.py:190} INFO - [2025-04-13T22:43:39.665+0000] {dag.py:4180} INFO - Setting next_dagrun for example_subdag_operator.section-2 to None, run_after=None
[2025-04-13T22:43:40.118+0000] {processor.py:208} INFO - Processing /home/airflow/.local/lib/python3.12/site-packages/airflow/example_dags/example_subdag_operator.py took 2.730 seconds
[2025-04-13T22:44:45.439+0000] {processor.py:186} INFO - Started process (PID=1195) to work on /home/airflow/.local/lib/python3.12/site-packages/airflow/example_dags/example_subdag_operator.py
[2025-04-13T22:44:45.449+0000] {processor.py:914} INFO - Processing file /home/airflow/.local/lib/python3.12/site-packages/airflow/example_dags/example_subdag_operator.py for tasks to queue
[2025-04-13T22:44:45.477+0000] {logging_mixin.py:190} INFO - [2025-04-13T22:44:45.476+0000] {dagbag.py:588} INFO - Filling up the DagBag from /home/airflow/.local/lib/python3.12/site-packages/airflow/example_dags/example_subdag_operator.py
[2025-04-13T22:44:45.781+0000] {processor.py:925} INFO - DAG(s) 'example_subdag_operator.section-1', 'example_subdag_operator.section-2', 'example_subdag_operator' retrieved from /home/airflow/.local/lib/python3.12/site-packages/airflow/example_dags/example_subdag_operator.py
[2025-04-13T22:44:46.080+0000] {logging_mixin.py:190} INFO - [2025-04-13T22:44:46.080+0000] {dag.py:3239} INFO - Sync 3 DAGs
[2025-04-13T22:44:46.423+0000] {logging_mixin.py:190} INFO - [2025-04-13T22:44:46.422+0000] {dag.py:4180} INFO - Setting next_dagrun for example_subdag_operator to 2022-01-01 00:00:00+00:00, run_after=2022-01-01 00:00:00+00:00
[2025-04-13T22:44:46.514+0000] {logging_mixin.py:190} INFO - [2025-04-13T22:44:46.513+0000] {dag.py:4180} INFO - Setting next_dagrun for example_subdag_operator.section-1 to None, run_after=None
[2025-04-13T22:44:46.570+0000] {logging_mixin.py:190} INFO - [2025-04-13T22:44:46.570+0000] {dag.py:4180} INFO - Setting next_dagrun for example_subdag_operator.section-2 to None, run_after=None
[2025-04-13T22:44:46.660+0000] {logging_mixin.py:190} INFO - [2025-04-13T22:44:46.646+0000] {dag.py:3239} INFO - Sync 2 DAGs
[2025-04-13T22:44:46.749+0000] {logging_mixin.py:190} INFO - [2025-04-13T22:44:46.714+0000] {dag.py:4180} INFO - Setting next_dagrun for example_subdag_operator.section-1 to None, run_after=None
[2025-04-13T22:44:46.819+0000] {logging_mixin.py:190} INFO - [2025-04-13T22:44:46.760+0000] {dag.py:4180} INFO - Setting next_dagrun for example_subdag_operator.section-2 to None, run_after=None
[2025-04-13T22:44:46.992+0000] {processor.py:208} INFO - Processing /home/airflow/.local/lib/python3.12/site-packages/airflow/example_dags/example_subdag_operator.py took 1.580 seconds
