[2025-04-13T16:48:34.189+0000] {processor.py:186} INFO - Started process (PID=99) to work on /home/airflow/.local/lib/python3.12/site-packages/airflow/example_dags/example_dataset_alias_with_no_taskflow.py
[2025-04-13T16:48:34.191+0000] {processor.py:914} INFO - Processing file /home/airflow/.local/lib/python3.12/site-packages/airflow/example_dags/example_dataset_alias_with_no_taskflow.py for tasks to queue
[2025-04-13T16:48:34.210+0000] {logging_mixin.py:190} INFO - [2025-04-13T16:48:34.210+0000] {dagbag.py:588} INFO - Filling up the DagBag from /home/airflow/.local/lib/python3.12/site-packages/airflow/example_dags/example_dataset_alias_with_no_taskflow.py
[2025-04-13T16:48:39.784+0000] {processor.py:925} INFO - DAG(s) 'dataset_alias_example_alias_producer_with_no_taskflow', 'dataset_s3_bucket_producer_with_no_taskflow', 'dataset_alias_example_alias_consumer_with_no_taskflow', 'dataset_s3_bucket_consumer_with_no_taskflow' retrieved from /home/airflow/.local/lib/python3.12/site-packages/airflow/example_dags/example_dataset_alias_with_no_taskflow.py
[2025-04-13T16:48:41.592+0000] {logging_mixin.py:190} INFO - [2025-04-13T16:48:41.590+0000] {override.py:1912} INFO - Created Permission View: can read on DAG:dataset_alias_example_alias_producer_with_no_taskflow
[2025-04-13T16:48:41.718+0000] {logging_mixin.py:190} INFO - [2025-04-13T16:48:41.717+0000] {override.py:1912} INFO - Created Permission View: can edit on DAG:dataset_alias_example_alias_producer_with_no_taskflow
[2025-04-13T16:48:41.960+0000] {logging_mixin.py:190} INFO - [2025-04-13T16:48:41.959+0000] {override.py:1912} INFO - Created Permission View: can delete on DAG:dataset_alias_example_alias_producer_with_no_taskflow
[2025-04-13T16:48:42.063+0000] {logging_mixin.py:190} INFO - [2025-04-13T16:48:42.060+0000] {override.py:1912} INFO - Created Permission View: can read on DAG Run:dataset_alias_example_alias_producer_with_no_taskflow
[2025-04-13T16:48:42.214+0000] {logging_mixin.py:190} INFO - [2025-04-13T16:48:42.213+0000] {override.py:1912} INFO - Created Permission View: menu access on DAG Run:dataset_alias_example_alias_producer_with_no_taskflow
[2025-04-13T16:48:42.244+0000] {logging_mixin.py:190} INFO - [2025-04-13T16:48:42.243+0000] {override.py:1912} INFO - Created Permission View: can create on DAG Run:dataset_alias_example_alias_producer_with_no_taskflow
[2025-04-13T16:48:42.277+0000] {logging_mixin.py:190} INFO - [2025-04-13T16:48:42.276+0000] {override.py:1912} INFO - Created Permission View: can delete on DAG Run:dataset_alias_example_alias_producer_with_no_taskflow
[2025-04-13T16:48:42.576+0000] {logging_mixin.py:190} INFO - [2025-04-13T16:48:42.575+0000] {override.py:1912} INFO - Created Permission View: can read on DAG:dataset_s3_bucket_producer_with_no_taskflow
[2025-04-13T16:48:42.742+0000] {logging_mixin.py:190} INFO - [2025-04-13T16:48:42.741+0000] {override.py:1912} INFO - Created Permission View: can edit on DAG:dataset_s3_bucket_producer_with_no_taskflow
[2025-04-13T16:48:42.855+0000] {logging_mixin.py:190} INFO - [2025-04-13T16:48:42.844+0000] {override.py:1912} INFO - Created Permission View: can delete on DAG:dataset_s3_bucket_producer_with_no_taskflow
[2025-04-13T16:48:43.065+0000] {logging_mixin.py:190} INFO - [2025-04-13T16:48:43.065+0000] {override.py:1912} INFO - Created Permission View: can read on DAG Run:dataset_s3_bucket_producer_with_no_taskflow
[2025-04-13T16:48:43.255+0000] {logging_mixin.py:190} INFO - [2025-04-13T16:48:43.237+0000] {override.py:1912} INFO - Created Permission View: menu access on DAG Run:dataset_s3_bucket_producer_with_no_taskflow
[2025-04-13T16:48:43.346+0000] {logging_mixin.py:190} INFO - [2025-04-13T16:48:43.344+0000] {override.py:1912} INFO - Created Permission View: can create on DAG Run:dataset_s3_bucket_producer_with_no_taskflow
[2025-04-13T16:48:43.413+0000] {logging_mixin.py:190} INFO - [2025-04-13T16:48:43.413+0000] {override.py:1912} INFO - Created Permission View: can delete on DAG Run:dataset_s3_bucket_producer_with_no_taskflow
[2025-04-13T16:48:43.553+0000] {logging_mixin.py:190} INFO - [2025-04-13T16:48:43.553+0000] {override.py:1912} INFO - Created Permission View: can read on DAG:dataset_alias_example_alias_consumer_with_no_taskflow
[2025-04-13T16:48:43.615+0000] {logging_mixin.py:190} INFO - [2025-04-13T16:48:43.614+0000] {override.py:1912} INFO - Created Permission View: can edit on DAG:dataset_alias_example_alias_consumer_with_no_taskflow
[2025-04-13T16:48:43.658+0000] {logging_mixin.py:190} INFO - [2025-04-13T16:48:43.657+0000] {override.py:1912} INFO - Created Permission View: can delete on DAG:dataset_alias_example_alias_consumer_with_no_taskflow
[2025-04-13T16:48:43.734+0000] {logging_mixin.py:190} INFO - [2025-04-13T16:48:43.733+0000] {override.py:1912} INFO - Created Permission View: can read on DAG Run:dataset_alias_example_alias_consumer_with_no_taskflow
[2025-04-13T16:48:43.786+0000] {logging_mixin.py:190} INFO - [2025-04-13T16:48:43.785+0000] {override.py:1912} INFO - Created Permission View: menu access on DAG Run:dataset_alias_example_alias_consumer_with_no_taskflow
[2025-04-13T16:48:43.814+0000] {logging_mixin.py:190} INFO - [2025-04-13T16:48:43.813+0000] {override.py:1912} INFO - Created Permission View: can create on DAG Run:dataset_alias_example_alias_consumer_with_no_taskflow
[2025-04-13T16:48:43.846+0000] {logging_mixin.py:190} INFO - [2025-04-13T16:48:43.846+0000] {override.py:1912} INFO - Created Permission View: can delete on DAG Run:dataset_alias_example_alias_consumer_with_no_taskflow
[2025-04-13T16:48:43.933+0000] {logging_mixin.py:190} INFO - [2025-04-13T16:48:43.932+0000] {override.py:1912} INFO - Created Permission View: can read on DAG:dataset_s3_bucket_consumer_with_no_taskflow
[2025-04-13T16:48:43.973+0000] {logging_mixin.py:190} INFO - [2025-04-13T16:48:43.972+0000] {override.py:1912} INFO - Created Permission View: can edit on DAG:dataset_s3_bucket_consumer_with_no_taskflow
[2025-04-13T16:48:44.016+0000] {logging_mixin.py:190} INFO - [2025-04-13T16:48:44.015+0000] {override.py:1912} INFO - Created Permission View: can delete on DAG:dataset_s3_bucket_consumer_with_no_taskflow
[2025-04-13T16:48:44.074+0000] {logging_mixin.py:190} INFO - [2025-04-13T16:48:44.073+0000] {override.py:1912} INFO - Created Permission View: can read on DAG Run:dataset_s3_bucket_consumer_with_no_taskflow
[2025-04-13T16:48:44.118+0000] {logging_mixin.py:190} INFO - [2025-04-13T16:48:44.118+0000] {override.py:1912} INFO - Created Permission View: menu access on DAG Run:dataset_s3_bucket_consumer_with_no_taskflow
[2025-04-13T16:48:44.149+0000] {logging_mixin.py:190} INFO - [2025-04-13T16:48:44.139+0000] {override.py:1912} INFO - Created Permission View: can create on DAG Run:dataset_s3_bucket_consumer_with_no_taskflow
[2025-04-13T16:48:44.229+0000] {logging_mixin.py:190} INFO - [2025-04-13T16:48:44.228+0000] {override.py:1912} INFO - Created Permission View: can delete on DAG Run:dataset_s3_bucket_consumer_with_no_taskflow
[2025-04-13T16:48:44.239+0000] {logging_mixin.py:190} INFO - [2025-04-13T16:48:44.232+0000] {dag.py:3239} INFO - Sync 4 DAGs
[2025-04-13T16:48:44.317+0000] {logging_mixin.py:190} INFO - [2025-04-13T16:48:44.313+0000] {dag.py:3262} INFO - Creating ORM DAG for dataset_s3_bucket_consumer_with_no_taskflow
[2025-04-13T16:48:44.329+0000] {logging_mixin.py:190} INFO - [2025-04-13T16:48:44.328+0000] {dag.py:3262} INFO - Creating ORM DAG for dataset_alias_example_alias_consumer_with_no_taskflow
[2025-04-13T16:48:44.331+0000] {logging_mixin.py:190} INFO - [2025-04-13T16:48:44.330+0000] {dag.py:3262} INFO - Creating ORM DAG for dataset_alias_example_alias_producer_with_no_taskflow
[2025-04-13T16:48:44.332+0000] {logging_mixin.py:190} INFO - [2025-04-13T16:48:44.332+0000] {dag.py:3262} INFO - Creating ORM DAG for dataset_s3_bucket_producer_with_no_taskflow
[2025-04-13T16:48:44.418+0000] {logging_mixin.py:190} INFO - [2025-04-13T16:48:44.418+0000] {dag.py:4180} INFO - Setting next_dagrun for dataset_alias_example_alias_consumer_with_no_taskflow to None, run_after=None
[2025-04-13T16:48:44.420+0000] {logging_mixin.py:190} INFO - [2025-04-13T16:48:44.420+0000] {dag.py:4180} INFO - Setting next_dagrun for dataset_alias_example_alias_producer_with_no_taskflow to None, run_after=None
[2025-04-13T16:48:44.435+0000] {logging_mixin.py:190} INFO - [2025-04-13T16:48:44.434+0000] {dag.py:4180} INFO - Setting next_dagrun for dataset_s3_bucket_consumer_with_no_taskflow to None, run_after=None
[2025-04-13T16:48:44.437+0000] {logging_mixin.py:190} INFO - [2025-04-13T16:48:44.437+0000] {dag.py:4180} INFO - Setting next_dagrun for dataset_s3_bucket_producer_with_no_taskflow to None, run_after=None
[2025-04-13T16:48:44.612+0000] {processor.py:208} INFO - Processing /home/airflow/.local/lib/python3.12/site-packages/airflow/example_dags/example_dataset_alias_with_no_taskflow.py took 10.466 seconds
[2025-04-13T16:50:38.572+0000] {processor.py:186} INFO - Started process (PID=180) to work on /home/airflow/.local/lib/python3.12/site-packages/airflow/example_dags/example_dataset_alias_with_no_taskflow.py
[2025-04-13T16:50:38.575+0000] {processor.py:914} INFO - Processing file /home/airflow/.local/lib/python3.12/site-packages/airflow/example_dags/example_dataset_alias_with_no_taskflow.py for tasks to queue
[2025-04-13T16:50:38.583+0000] {logging_mixin.py:190} INFO - [2025-04-13T16:50:38.583+0000] {dagbag.py:588} INFO - Filling up the DagBag from /home/airflow/.local/lib/python3.12/site-packages/airflow/example_dags/example_dataset_alias_with_no_taskflow.py
[2025-04-13T16:50:42.574+0000] {processor.py:925} INFO - DAG(s) 'dataset_s3_bucket_producer_with_no_taskflow', 'dataset_alias_example_alias_producer_with_no_taskflow', 'dataset_s3_bucket_consumer_with_no_taskflow', 'dataset_alias_example_alias_consumer_with_no_taskflow' retrieved from /home/airflow/.local/lib/python3.12/site-packages/airflow/example_dags/example_dataset_alias_with_no_taskflow.py
[2025-04-13T16:50:42.687+0000] {logging_mixin.py:190} INFO - [2025-04-13T16:50:42.686+0000] {dag.py:3239} INFO - Sync 4 DAGs
[2025-04-13T16:50:43.063+0000] {logging_mixin.py:190} INFO - [2025-04-13T16:50:43.062+0000] {dag.py:4180} INFO - Setting next_dagrun for dataset_alias_example_alias_consumer_with_no_taskflow to None, run_after=None
[2025-04-13T16:50:43.086+0000] {logging_mixin.py:190} INFO - [2025-04-13T16:50:43.085+0000] {dag.py:4180} INFO - Setting next_dagrun for dataset_alias_example_alias_producer_with_no_taskflow to None, run_after=None
[2025-04-13T16:50:43.092+0000] {logging_mixin.py:190} INFO - [2025-04-13T16:50:43.092+0000] {dag.py:4180} INFO - Setting next_dagrun for dataset_s3_bucket_consumer_with_no_taskflow to None, run_after=None
[2025-04-13T16:50:43.139+0000] {logging_mixin.py:190} INFO - [2025-04-13T16:50:43.138+0000] {dag.py:4180} INFO - Setting next_dagrun for dataset_s3_bucket_producer_with_no_taskflow to None, run_after=None
[2025-04-13T16:50:43.381+0000] {processor.py:208} INFO - Processing /home/airflow/.local/lib/python3.12/site-packages/airflow/example_dags/example_dataset_alias_with_no_taskflow.py took 4.824 seconds
[2025-04-13T16:51:17.690+0000] {processor.py:186} INFO - Started process (PID=244) to work on /home/airflow/.local/lib/python3.12/site-packages/airflow/example_dags/example_dataset_alias_with_no_taskflow.py
[2025-04-13T16:51:17.692+0000] {processor.py:914} INFO - Processing file /home/airflow/.local/lib/python3.12/site-packages/airflow/example_dags/example_dataset_alias_with_no_taskflow.py for tasks to queue
[2025-04-13T16:51:17.702+0000] {logging_mixin.py:190} INFO - [2025-04-13T16:51:17.701+0000] {dagbag.py:588} INFO - Filling up the DagBag from /home/airflow/.local/lib/python3.12/site-packages/airflow/example_dags/example_dataset_alias_with_no_taskflow.py
[2025-04-13T16:51:21.640+0000] {processor.py:925} INFO - DAG(s) 'dataset_alias_example_alias_producer_with_no_taskflow', 'dataset_s3_bucket_producer_with_no_taskflow', 'dataset_alias_example_alias_consumer_with_no_taskflow', 'dataset_s3_bucket_consumer_with_no_taskflow' retrieved from /home/airflow/.local/lib/python3.12/site-packages/airflow/example_dags/example_dataset_alias_with_no_taskflow.py
[2025-04-13T16:51:21.799+0000] {logging_mixin.py:190} INFO - [2025-04-13T16:51:21.797+0000] {dag.py:3239} INFO - Sync 4 DAGs
[2025-04-13T16:51:22.020+0000] {logging_mixin.py:190} INFO - [2025-04-13T16:51:22.018+0000] {dag.py:4180} INFO - Setting next_dagrun for dataset_alias_example_alias_consumer_with_no_taskflow to None, run_after=None
[2025-04-13T16:51:22.030+0000] {logging_mixin.py:190} INFO - [2025-04-13T16:51:22.030+0000] {dag.py:4180} INFO - Setting next_dagrun for dataset_alias_example_alias_producer_with_no_taskflow to None, run_after=None
[2025-04-13T16:51:22.041+0000] {logging_mixin.py:190} INFO - [2025-04-13T16:51:22.041+0000] {dag.py:4180} INFO - Setting next_dagrun for dataset_s3_bucket_consumer_with_no_taskflow to None, run_after=None
[2025-04-13T16:51:22.066+0000] {logging_mixin.py:190} INFO - [2025-04-13T16:51:22.066+0000] {dag.py:4180} INFO - Setting next_dagrun for dataset_s3_bucket_producer_with_no_taskflow to None, run_after=None
[2025-04-13T16:51:22.324+0000] {processor.py:208} INFO - Processing /home/airflow/.local/lib/python3.12/site-packages/airflow/example_dags/example_dataset_alias_with_no_taskflow.py took 4.656 seconds
[2025-04-13T16:51:52.575+0000] {processor.py:186} INFO - Started process (PID=317) to work on /home/airflow/.local/lib/python3.12/site-packages/airflow/example_dags/example_dataset_alias_with_no_taskflow.py
[2025-04-13T16:51:52.578+0000] {processor.py:914} INFO - Processing file /home/airflow/.local/lib/python3.12/site-packages/airflow/example_dags/example_dataset_alias_with_no_taskflow.py for tasks to queue
[2025-04-13T16:51:52.587+0000] {logging_mixin.py:190} INFO - [2025-04-13T16:51:52.586+0000] {dagbag.py:588} INFO - Filling up the DagBag from /home/airflow/.local/lib/python3.12/site-packages/airflow/example_dags/example_dataset_alias_with_no_taskflow.py
[2025-04-13T16:51:54.832+0000] {processor.py:925} INFO - DAG(s) 'dataset_alias_example_alias_producer_with_no_taskflow', 'dataset_s3_bucket_producer_with_no_taskflow', 'dataset_alias_example_alias_consumer_with_no_taskflow', 'dataset_s3_bucket_consumer_with_no_taskflow' retrieved from /home/airflow/.local/lib/python3.12/site-packages/airflow/example_dags/example_dataset_alias_with_no_taskflow.py
[2025-04-13T16:51:54.897+0000] {logging_mixin.py:190} INFO - [2025-04-13T16:51:54.896+0000] {dag.py:3239} INFO - Sync 4 DAGs
[2025-04-13T16:51:54.978+0000] {logging_mixin.py:190} INFO - [2025-04-13T16:51:54.977+0000] {dag.py:4180} INFO - Setting next_dagrun for dataset_alias_example_alias_consumer_with_no_taskflow to None, run_after=None
[2025-04-13T16:51:54.985+0000] {logging_mixin.py:190} INFO - [2025-04-13T16:51:54.985+0000] {dag.py:4180} INFO - Setting next_dagrun for dataset_alias_example_alias_producer_with_no_taskflow to None, run_after=None
[2025-04-13T16:51:54.990+0000] {logging_mixin.py:190} INFO - [2025-04-13T16:51:54.990+0000] {dag.py:4180} INFO - Setting next_dagrun for dataset_s3_bucket_consumer_with_no_taskflow to None, run_after=None
[2025-04-13T16:51:54.996+0000] {logging_mixin.py:190} INFO - [2025-04-13T16:51:54.996+0000] {dag.py:4180} INFO - Setting next_dagrun for dataset_s3_bucket_producer_with_no_taskflow to None, run_after=None
[2025-04-13T16:51:55.079+0000] {processor.py:208} INFO - Processing /home/airflow/.local/lib/python3.12/site-packages/airflow/example_dags/example_dataset_alias_with_no_taskflow.py took 2.543 seconds
[2025-04-13T16:52:26.576+0000] {processor.py:186} INFO - Started process (PID=383) to work on /home/airflow/.local/lib/python3.12/site-packages/airflow/example_dags/example_dataset_alias_with_no_taskflow.py
[2025-04-13T16:52:26.583+0000] {processor.py:914} INFO - Processing file /home/airflow/.local/lib/python3.12/site-packages/airflow/example_dags/example_dataset_alias_with_no_taskflow.py for tasks to queue
[2025-04-13T16:52:26.598+0000] {logging_mixin.py:190} INFO - [2025-04-13T16:52:26.597+0000] {dagbag.py:588} INFO - Filling up the DagBag from /home/airflow/.local/lib/python3.12/site-packages/airflow/example_dags/example_dataset_alias_with_no_taskflow.py
[2025-04-13T16:52:29.081+0000] {processor.py:925} INFO - DAG(s) 'dataset_alias_example_alias_consumer_with_no_taskflow', 'dataset_s3_bucket_consumer_with_no_taskflow', 'dataset_alias_example_alias_producer_with_no_taskflow', 'dataset_s3_bucket_producer_with_no_taskflow' retrieved from /home/airflow/.local/lib/python3.12/site-packages/airflow/example_dags/example_dataset_alias_with_no_taskflow.py
[2025-04-13T16:52:29.169+0000] {logging_mixin.py:190} INFO - [2025-04-13T16:52:29.168+0000] {dag.py:3239} INFO - Sync 4 DAGs
[2025-04-13T16:52:29.237+0000] {logging_mixin.py:190} INFO - [2025-04-13T16:52:29.237+0000] {dag.py:4180} INFO - Setting next_dagrun for dataset_alias_example_alias_consumer_with_no_taskflow to None, run_after=None
[2025-04-13T16:52:29.260+0000] {logging_mixin.py:190} INFO - [2025-04-13T16:52:29.259+0000] {dag.py:4180} INFO - Setting next_dagrun for dataset_alias_example_alias_producer_with_no_taskflow to None, run_after=None
[2025-04-13T16:52:29.264+0000] {logging_mixin.py:190} INFO - [2025-04-13T16:52:29.263+0000] {dag.py:4180} INFO - Setting next_dagrun for dataset_s3_bucket_consumer_with_no_taskflow to None, run_after=None
[2025-04-13T16:52:29.268+0000] {logging_mixin.py:190} INFO - [2025-04-13T16:52:29.267+0000] {dag.py:4180} INFO - Setting next_dagrun for dataset_s3_bucket_producer_with_no_taskflow to None, run_after=None
[2025-04-13T16:52:29.473+0000] {processor.py:208} INFO - Processing /home/airflow/.local/lib/python3.12/site-packages/airflow/example_dags/example_dataset_alias_with_no_taskflow.py took 2.912 seconds
[2025-04-13T16:53:03.453+0000] {processor.py:186} INFO - Started process (PID=446) to work on /home/airflow/.local/lib/python3.12/site-packages/airflow/example_dags/example_dataset_alias_with_no_taskflow.py
[2025-04-13T16:53:03.457+0000] {processor.py:914} INFO - Processing file /home/airflow/.local/lib/python3.12/site-packages/airflow/example_dags/example_dataset_alias_with_no_taskflow.py for tasks to queue
[2025-04-13T16:53:03.484+0000] {logging_mixin.py:190} INFO - [2025-04-13T16:53:03.483+0000] {dagbag.py:588} INFO - Filling up the DagBag from /home/airflow/.local/lib/python3.12/site-packages/airflow/example_dags/example_dataset_alias_with_no_taskflow.py
[2025-04-13T16:53:09.213+0000] {processor.py:925} INFO - DAG(s) 'dataset_alias_example_alias_consumer_with_no_taskflow', 'dataset_alias_example_alias_producer_with_no_taskflow', 'dataset_s3_bucket_producer_with_no_taskflow', 'dataset_s3_bucket_consumer_with_no_taskflow' retrieved from /home/airflow/.local/lib/python3.12/site-packages/airflow/example_dags/example_dataset_alias_with_no_taskflow.py
[2025-04-13T16:53:10.258+0000] {logging_mixin.py:190} INFO - [2025-04-13T16:53:10.224+0000] {dag.py:3239} INFO - Sync 4 DAGs
[2025-04-13T16:53:11.076+0000] {logging_mixin.py:190} INFO - [2025-04-13T16:53:11.062+0000] {dag.py:4180} INFO - Setting next_dagrun for dataset_alias_example_alias_consumer_with_no_taskflow to None, run_after=None
[2025-04-13T16:53:11.393+0000] {logging_mixin.py:190} INFO - [2025-04-13T16:53:11.392+0000] {dag.py:4180} INFO - Setting next_dagrun for dataset_alias_example_alias_producer_with_no_taskflow to None, run_after=None
[2025-04-13T16:53:11.448+0000] {logging_mixin.py:190} INFO - [2025-04-13T16:53:11.445+0000] {dag.py:4180} INFO - Setting next_dagrun for dataset_s3_bucket_consumer_with_no_taskflow to None, run_after=None
[2025-04-13T16:53:11.488+0000] {logging_mixin.py:190} INFO - [2025-04-13T16:53:11.487+0000] {dag.py:4180} INFO - Setting next_dagrun for dataset_s3_bucket_producer_with_no_taskflow to None, run_after=None
[2025-04-13T16:53:11.820+0000] {processor.py:208} INFO - Processing /home/airflow/.local/lib/python3.12/site-packages/airflow/example_dags/example_dataset_alias_with_no_taskflow.py took 8.403 seconds
[2025-04-13T16:53:49.564+0000] {processor.py:186} INFO - Started process (PID=504) to work on /home/airflow/.local/lib/python3.12/site-packages/airflow/example_dags/example_dataset_alias_with_no_taskflow.py
[2025-04-13T16:53:49.587+0000] {processor.py:914} INFO - Processing file /home/airflow/.local/lib/python3.12/site-packages/airflow/example_dags/example_dataset_alias_with_no_taskflow.py for tasks to queue
[2025-04-13T16:53:49.614+0000] {logging_mixin.py:190} INFO - [2025-04-13T16:53:49.613+0000] {dagbag.py:588} INFO - Filling up the DagBag from /home/airflow/.local/lib/python3.12/site-packages/airflow/example_dags/example_dataset_alias_with_no_taskflow.py
[2025-04-13T16:53:51.744+0000] {processor.py:925} INFO - DAG(s) 'dataset_alias_example_alias_producer_with_no_taskflow', 'dataset_alias_example_alias_consumer_with_no_taskflow', 'dataset_s3_bucket_consumer_with_no_taskflow', 'dataset_s3_bucket_producer_with_no_taskflow' retrieved from /home/airflow/.local/lib/python3.12/site-packages/airflow/example_dags/example_dataset_alias_with_no_taskflow.py
[2025-04-13T16:53:51.839+0000] {logging_mixin.py:190} INFO - [2025-04-13T16:53:51.838+0000] {dag.py:3239} INFO - Sync 4 DAGs
[2025-04-13T16:53:51.921+0000] {logging_mixin.py:190} INFO - [2025-04-13T16:53:51.921+0000] {dag.py:4180} INFO - Setting next_dagrun for dataset_alias_example_alias_consumer_with_no_taskflow to None, run_after=None
[2025-04-13T16:53:51.930+0000] {logging_mixin.py:190} INFO - [2025-04-13T16:53:51.930+0000] {dag.py:4180} INFO - Setting next_dagrun for dataset_alias_example_alias_producer_with_no_taskflow to None, run_after=None
[2025-04-13T16:53:51.936+0000] {logging_mixin.py:190} INFO - [2025-04-13T16:53:51.935+0000] {dag.py:4180} INFO - Setting next_dagrun for dataset_s3_bucket_consumer_with_no_taskflow to None, run_after=None
[2025-04-13T16:53:51.939+0000] {logging_mixin.py:190} INFO - [2025-04-13T16:53:51.939+0000] {dag.py:4180} INFO - Setting next_dagrun for dataset_s3_bucket_producer_with_no_taskflow to None, run_after=None
[2025-04-13T16:53:52.018+0000] {processor.py:208} INFO - Processing /home/airflow/.local/lib/python3.12/site-packages/airflow/example_dags/example_dataset_alias_with_no_taskflow.py took 2.647 seconds
[2025-04-13T16:54:27.040+0000] {processor.py:186} INFO - Started process (PID=560) to work on /home/airflow/.local/lib/python3.12/site-packages/airflow/example_dags/example_dataset_alias_with_no_taskflow.py
[2025-04-13T16:54:27.046+0000] {processor.py:914} INFO - Processing file /home/airflow/.local/lib/python3.12/site-packages/airflow/example_dags/example_dataset_alias_with_no_taskflow.py for tasks to queue
[2025-04-13T16:54:27.072+0000] {logging_mixin.py:190} INFO - [2025-04-13T16:54:27.068+0000] {dagbag.py:588} INFO - Filling up the DagBag from /home/airflow/.local/lib/python3.12/site-packages/airflow/example_dags/example_dataset_alias_with_no_taskflow.py
[2025-04-13T16:54:32.408+0000] {processor.py:925} INFO - DAG(s) 'dataset_alias_example_alias_producer_with_no_taskflow', 'dataset_s3_bucket_consumer_with_no_taskflow', 'dataset_alias_example_alias_consumer_with_no_taskflow', 'dataset_s3_bucket_producer_with_no_taskflow' retrieved from /home/airflow/.local/lib/python3.12/site-packages/airflow/example_dags/example_dataset_alias_with_no_taskflow.py
[2025-04-13T16:54:32.559+0000] {logging_mixin.py:190} INFO - [2025-04-13T16:54:32.558+0000] {dag.py:3239} INFO - Sync 4 DAGs
[2025-04-13T16:54:32.755+0000] {logging_mixin.py:190} INFO - [2025-04-13T16:54:32.755+0000] {dag.py:4180} INFO - Setting next_dagrun for dataset_alias_example_alias_consumer_with_no_taskflow to None, run_after=None
[2025-04-13T16:54:32.767+0000] {logging_mixin.py:190} INFO - [2025-04-13T16:54:32.766+0000] {dag.py:4180} INFO - Setting next_dagrun for dataset_alias_example_alias_producer_with_no_taskflow to None, run_after=None
[2025-04-13T16:54:32.774+0000] {logging_mixin.py:190} INFO - [2025-04-13T16:54:32.774+0000] {dag.py:4180} INFO - Setting next_dagrun for dataset_s3_bucket_consumer_with_no_taskflow to None, run_after=None
[2025-04-13T16:54:32.782+0000] {logging_mixin.py:190} INFO - [2025-04-13T16:54:32.781+0000] {dag.py:4180} INFO - Setting next_dagrun for dataset_s3_bucket_producer_with_no_taskflow to None, run_after=None
[2025-04-13T16:54:33.009+0000] {processor.py:208} INFO - Processing /home/airflow/.local/lib/python3.12/site-packages/airflow/example_dags/example_dataset_alias_with_no_taskflow.py took 6.033 seconds
[2025-04-13T16:55:07.369+0000] {processor.py:186} INFO - Started process (PID=620) to work on /home/airflow/.local/lib/python3.12/site-packages/airflow/example_dags/example_dataset_alias_with_no_taskflow.py
[2025-04-13T16:55:07.382+0000] {processor.py:914} INFO - Processing file /home/airflow/.local/lib/python3.12/site-packages/airflow/example_dags/example_dataset_alias_with_no_taskflow.py for tasks to queue
[2025-04-13T16:55:07.439+0000] {logging_mixin.py:190} INFO - [2025-04-13T16:55:07.433+0000] {dagbag.py:588} INFO - Filling up the DagBag from /home/airflow/.local/lib/python3.12/site-packages/airflow/example_dags/example_dataset_alias_with_no_taskflow.py
[2025-04-13T16:55:15.526+0000] {processor.py:925} INFO - DAG(s) 'dataset_s3_bucket_consumer_with_no_taskflow', 'dataset_s3_bucket_producer_with_no_taskflow', 'dataset_alias_example_alias_consumer_with_no_taskflow', 'dataset_alias_example_alias_producer_with_no_taskflow' retrieved from /home/airflow/.local/lib/python3.12/site-packages/airflow/example_dags/example_dataset_alias_with_no_taskflow.py
[2025-04-13T16:55:15.771+0000] {logging_mixin.py:190} INFO - [2025-04-13T16:55:15.767+0000] {dag.py:3239} INFO - Sync 4 DAGs
[2025-04-13T16:55:16.254+0000] {logging_mixin.py:190} INFO - [2025-04-13T16:55:16.253+0000] {dag.py:4180} INFO - Setting next_dagrun for dataset_alias_example_alias_consumer_with_no_taskflow to None, run_after=None
[2025-04-13T16:55:16.275+0000] {logging_mixin.py:190} INFO - [2025-04-13T16:55:16.275+0000] {dag.py:4180} INFO - Setting next_dagrun for dataset_alias_example_alias_producer_with_no_taskflow to None, run_after=None
[2025-04-13T16:55:16.304+0000] {logging_mixin.py:190} INFO - [2025-04-13T16:55:16.304+0000] {dag.py:4180} INFO - Setting next_dagrun for dataset_s3_bucket_consumer_with_no_taskflow to None, run_after=None
[2025-04-13T16:55:16.354+0000] {logging_mixin.py:190} INFO - [2025-04-13T16:55:16.353+0000] {dag.py:4180} INFO - Setting next_dagrun for dataset_s3_bucket_producer_with_no_taskflow to None, run_after=None
[2025-04-13T16:55:16.620+0000] {processor.py:208} INFO - Processing /home/airflow/.local/lib/python3.12/site-packages/airflow/example_dags/example_dataset_alias_with_no_taskflow.py took 9.302 seconds
[2025-04-13T17:03:05.715+0000] {processor.py:186} INFO - Started process (PID=107) to work on /home/airflow/.local/lib/python3.12/site-packages/airflow/example_dags/example_dataset_alias_with_no_taskflow.py
[2025-04-13T17:03:05.805+0000] {processor.py:914} INFO - Processing file /home/airflow/.local/lib/python3.12/site-packages/airflow/example_dags/example_dataset_alias_with_no_taskflow.py for tasks to queue
[2025-04-13T17:03:05.919+0000] {logging_mixin.py:190} INFO - [2025-04-13T17:03:05.889+0000] {dagbag.py:588} INFO - Filling up the DagBag from /home/airflow/.local/lib/python3.12/site-packages/airflow/example_dags/example_dataset_alias_with_no_taskflow.py
[2025-04-13T17:03:20.442+0000] {processor.py:925} INFO - DAG(s) 'dataset_s3_bucket_producer_with_no_taskflow', 'dataset_alias_example_alias_producer_with_no_taskflow', 'dataset_alias_example_alias_consumer_with_no_taskflow', 'dataset_s3_bucket_consumer_with_no_taskflow' retrieved from /home/airflow/.local/lib/python3.12/site-packages/airflow/example_dags/example_dataset_alias_with_no_taskflow.py
[2025-04-13T17:03:21.096+0000] {logging_mixin.py:190} INFO - [2025-04-13T17:03:21.095+0000] {dag.py:3239} INFO - Sync 4 DAGs
[2025-04-13T17:03:21.781+0000] {logging_mixin.py:190} INFO - [2025-04-13T17:03:21.781+0000] {dag.py:4180} INFO - Setting next_dagrun for dataset_alias_example_alias_consumer_with_no_taskflow to None, run_after=None
[2025-04-13T17:03:21.979+0000] {logging_mixin.py:190} INFO - [2025-04-13T17:03:21.975+0000] {dag.py:4180} INFO - Setting next_dagrun for dataset_alias_example_alias_producer_with_no_taskflow to None, run_after=None
[2025-04-13T17:03:22.064+0000] {logging_mixin.py:190} INFO - [2025-04-13T17:03:22.064+0000] {dag.py:4180} INFO - Setting next_dagrun for dataset_s3_bucket_consumer_with_no_taskflow to None, run_after=None
[2025-04-13T17:03:22.084+0000] {logging_mixin.py:190} INFO - [2025-04-13T17:03:22.083+0000] {dag.py:4180} INFO - Setting next_dagrun for dataset_s3_bucket_producer_with_no_taskflow to None, run_after=None
[2025-04-13T17:03:22.921+0000] {processor.py:208} INFO - Processing /home/airflow/.local/lib/python3.12/site-packages/airflow/example_dags/example_dataset_alias_with_no_taskflow.py took 17.537 seconds
[2025-04-13T17:05:27.226+0000] {processor.py:186} INFO - Started process (PID=188) to work on /home/airflow/.local/lib/python3.12/site-packages/airflow/example_dags/example_dataset_alias_with_no_taskflow.py
[2025-04-13T17:05:27.276+0000] {processor.py:914} INFO - Processing file /home/airflow/.local/lib/python3.12/site-packages/airflow/example_dags/example_dataset_alias_with_no_taskflow.py for tasks to queue
[2025-04-13T17:05:27.381+0000] {logging_mixin.py:190} INFO - [2025-04-13T17:05:27.381+0000] {dagbag.py:588} INFO - Filling up the DagBag from /home/airflow/.local/lib/python3.12/site-packages/airflow/example_dags/example_dataset_alias_with_no_taskflow.py
[2025-04-13T17:05:39.742+0000] {processor.py:925} INFO - DAG(s) 'dataset_alias_example_alias_producer_with_no_taskflow', 'dataset_s3_bucket_producer_with_no_taskflow', 'dataset_s3_bucket_consumer_with_no_taskflow', 'dataset_alias_example_alias_consumer_with_no_taskflow' retrieved from /home/airflow/.local/lib/python3.12/site-packages/airflow/example_dags/example_dataset_alias_with_no_taskflow.py
[2025-04-13T17:05:40.274+0000] {logging_mixin.py:190} INFO - [2025-04-13T17:05:40.273+0000] {dag.py:3239} INFO - Sync 4 DAGs
[2025-04-13T17:05:40.790+0000] {logging_mixin.py:190} INFO - [2025-04-13T17:05:40.789+0000] {dag.py:4180} INFO - Setting next_dagrun for dataset_alias_example_alias_consumer_with_no_taskflow to None, run_after=None
[2025-04-13T17:05:40.833+0000] {logging_mixin.py:190} INFO - [2025-04-13T17:05:40.832+0000] {dag.py:4180} INFO - Setting next_dagrun for dataset_alias_example_alias_producer_with_no_taskflow to None, run_after=None
[2025-04-13T17:05:40.848+0000] {logging_mixin.py:190} INFO - [2025-04-13T17:05:40.847+0000] {dag.py:4180} INFO - Setting next_dagrun for dataset_s3_bucket_consumer_with_no_taskflow to None, run_after=None
[2025-04-13T17:05:40.863+0000] {logging_mixin.py:190} INFO - [2025-04-13T17:05:40.863+0000] {dag.py:4180} INFO - Setting next_dagrun for dataset_s3_bucket_producer_with_no_taskflow to None, run_after=None
[2025-04-13T17:05:41.161+0000] {processor.py:208} INFO - Processing /home/airflow/.local/lib/python3.12/site-packages/airflow/example_dags/example_dataset_alias_with_no_taskflow.py took 13.993 seconds
[2025-04-13T17:23:02.608+0000] {processor.py:186} INFO - Started process (PID=150) to work on /home/airflow/.local/lib/python3.12/site-packages/airflow/example_dags/example_dataset_alias_with_no_taskflow.py
[2025-04-13T17:23:02.624+0000] {processor.py:914} INFO - Processing file /home/airflow/.local/lib/python3.12/site-packages/airflow/example_dags/example_dataset_alias_with_no_taskflow.py for tasks to queue
[2025-04-13T17:23:02.703+0000] {logging_mixin.py:190} INFO - [2025-04-13T17:23:02.699+0000] {dagbag.py:588} INFO - Filling up the DagBag from /home/airflow/.local/lib/python3.12/site-packages/airflow/example_dags/example_dataset_alias_with_no_taskflow.py
[2025-04-13T17:23:33.325+0000] {logging_mixin.py:190} INFO - [2025-04-13T17:23:33.321+0000] {timeout.py:68} ERROR - Process timed out, PID: 150
[2025-04-13T17:23:33.838+0000] {logging_mixin.py:190} INFO - [2025-04-13T17:23:33.405+0000] {dagbag.py:387} ERROR - Failed to import: /home/airflow/.local/lib/python3.12/site-packages/airflow/example_dags/example_dataset_alias_with_no_taskflow.py
Traceback (most recent call last):
  File "/home/airflow/.local/lib/python3.12/site-packages/airflow/models/dagbag.py", line 383, in parse
    loader.exec_module(new_module)
  File "<frozen importlib._bootstrap_external>", line 999, in exec_module
  File "<frozen importlib._bootstrap>", line 488, in _call_with_frames_removed
  File "/home/airflow/.local/lib/python3.12/site-packages/airflow/example_dags/example_dataset_alias_with_no_taskflow.py", line 55, in <module>
    outlets=[Dataset("s3://bucket/my-task-with-no-taskflow")],
             ^^^^^^^^^^^^^^^^^^^^^^^^^^^^^^^^^^^^^^^^^^^^^^^
  File "<attrs generated init airflow.datasets.Dataset>", line 3, in __init__
    _setattr('uri', __attr_converter_uri(uri))
                    ^^^^^^^^^^^^^^^^^^^^^^^^^
  File "/home/airflow/.local/lib/python3.12/site-packages/airflow/datasets/__init__.py", line 108, in _sanitize_uri
    if (normalizer := _get_uri_normalizer(normalized_scheme)) is not None:
                      ^^^^^^^^^^^^^^^^^^^^^^^^^^^^^^^^^^^^^^
  File "/home/airflow/.local/lib/python3.12/site-packages/airflow/datasets/__init__.py", line 58, in _get_uri_normalizer
    return ProvidersManager().dataset_uri_handlers.get(scheme)
           ^^^^^^^^^^^^^^^^^^^^^^^^^^^^^^^^^^^^^^^
  File "/home/airflow/.local/lib/python3.12/site-packages/airflow/providers_manager.py", line 1333, in dataset_uri_handlers
    self.initialize_providers_dataset_uri_resources()
  File "/home/airflow/.local/lib/python3.12/site-packages/airflow/providers_manager.py", line 384, in wrapped_function
    func(*args, **kwargs)
  File "/home/airflow/.local/lib/python3.12/site-packages/airflow/providers_manager.py", line 532, in initialize_providers_dataset_uri_resources
    self._discover_dataset_uri_resources()
  File "/home/airflow/.local/lib/python3.12/site-packages/airflow/providers_manager.py", line 914, in _discover_dataset_uri_resources
    _safe_register_resource(
  File "/home/airflow/.local/lib/python3.12/site-packages/airflow/providers_manager.py", line 902, in _safe_register_resource
    _correctness_check(provider_package_name, resource_path, provider)
  File "/home/airflow/.local/lib/python3.12/site-packages/airflow/providers_manager.py", line 327, in _correctness_check
    imported_class = import_string(class_name)
                     ^^^^^^^^^^^^^^^^^^^^^^^^^
  File "/home/airflow/.local/lib/python3.12/site-packages/airflow/utils/module_loading.py", line 39, in import_string
    module = import_module(module_path)
             ^^^^^^^^^^^^^^^^^^^^^^^^^^
  File "/usr/local/lib/python3.12/importlib/__init__.py", line 90, in import_module
    return _bootstrap._gcd_import(name[level:], package, level)
           ^^^^^^^^^^^^^^^^^^^^^^^^^^^^^^^^^^^^^^^^^^^^^^^^^^^^
  File "<frozen importlib._bootstrap>", line 1387, in _gcd_import
  File "<frozen importlib._bootstrap>", line 1360, in _find_and_load
  File "<frozen importlib._bootstrap>", line 1331, in _find_and_load_unlocked
  File "<frozen importlib._bootstrap>", line 935, in _load_unlocked
  File "<frozen importlib._bootstrap_external>", line 999, in exec_module
  File "<frozen importlib._bootstrap>", line 488, in _call_with_frames_removed
  File "/home/airflow/.local/lib/python3.12/site-packages/airflow/providers/google/assets/gcs.py", line 21, in <module>
    from airflow.providers.google.cloud.hooks.gcs import _parse_gcs_url
  File "/home/airflow/.local/lib/python3.12/site-packages/airflow/providers/google/cloud/hooks/gcs.py", line 50, in <module>
    from airflow.providers.google.common.hooks.base_google import (
  File "/home/airflow/.local/lib/python3.12/site-packages/airflow/providers/google/common/hooks/base_google.py", line 36, in <module>
    import google_auth_httplib2
  File "/home/airflow/.local/lib/python3.12/site-packages/google_auth_httplib2.py", line 24, in <module>
    import httplib2
  File "/home/airflow/.local/lib/python3.12/site-packages/httplib2/__init__.py", line 53, in <module>
    from . import auth
  File "/home/airflow/.local/lib/python3.12/site-packages/httplib2/auth.py", line 4, in <module>
    import pyparsing as pp
  File "/home/airflow/.local/lib/python3.12/site-packages/pyparsing/__init__.py", line 141, in <module>
    from .common import (
  File "/home/airflow/.local/lib/python3.12/site-packages/pyparsing/common.py", line 8, in <module>
    class pyparsing_common:
  File "/home/airflow/.local/lib/python3.12/site-packages/pyparsing/common.py", line 226, in pyparsing_common
    identifier = Word(identchars, identbodychars).set_name("identifier")
                 ^^^^^^^^^^^^^^^^^^^^^^^^^^^^^^^^
  File "/home/airflow/.local/lib/python3.12/site-packages/pyparsing/core.py", line 2917, in __init__
    re_body_fragment = f"[{_collapse_string_to_ranges(self.bodyChars)}]"
                           ^^^^^^^^^^^^^^^^^^^^^^^^^^^^^^^^^^^^^^^^^^
  File "/home/airflow/.local/lib/python3.12/site-packages/pyparsing/util.py", line 253, in _collapse_string_to_ranges
    s_chars: list[str] = sorted(set(s))
                         ^^^^^^^^^^^^^^
  File "/home/airflow/.local/lib/python3.12/site-packages/airflow/utils/timeout.py", line 69, in handle_timeout
    raise AirflowTaskTimeout(self.error_message)
airflow.exceptions.AirflowTaskTimeout: DagBag import timeout for /home/airflow/.local/lib/python3.12/site-packages/airflow/example_dags/example_dataset_alias_with_no_taskflow.py after 30.0s.
Please take a look at these docs to improve your DAG import time:
* https://airflow.apache.org/docs/apache-airflow/2.10.5/best-practices.html#top-level-python-code
* https://airflow.apache.org/docs/apache-airflow/2.10.5/best-practices.html#reducing-dag-complexity, PID: 150
[2025-04-13T17:23:34.158+0000] {processor.py:927} WARNING - No viable dags retrieved from /home/airflow/.local/lib/python3.12/site-packages/airflow/example_dags/example_dataset_alias_with_no_taskflow.py
[2025-04-13T17:23:37.130+0000] {processor.py:208} INFO - Processing /home/airflow/.local/lib/python3.12/site-packages/airflow/example_dags/example_dataset_alias_with_no_taskflow.py took 34.832 seconds
[2025-04-13T18:09:18.189+0000] {processor.py:186} INFO - Started process (PID=246) to work on /home/airflow/.local/lib/python3.12/site-packages/airflow/example_dags/example_dataset_alias_with_no_taskflow.py
[2025-04-13T18:09:18.368+0000] {processor.py:914} INFO - Processing file /home/airflow/.local/lib/python3.12/site-packages/airflow/example_dags/example_dataset_alias_with_no_taskflow.py for tasks to queue
[2025-04-13T18:09:18.862+0000] {logging_mixin.py:190} INFO - [2025-04-13T18:09:18.531+0000] {dagbag.py:588} INFO - Filling up the DagBag from /home/airflow/.local/lib/python3.12/site-packages/airflow/example_dags/example_dataset_alias_with_no_taskflow.py
[2025-04-13T18:09:49.153+0000] {logging_mixin.py:190} INFO - [2025-04-13T18:09:49.151+0000] {timeout.py:68} ERROR - Process timed out, PID: 246
[2025-04-13T18:09:50.574+0000] {logging_mixin.py:190} INFO - [2025-04-13T18:09:49.374+0000] {dagbag.py:387} ERROR - Failed to import: /home/airflow/.local/lib/python3.12/site-packages/airflow/example_dags/example_dataset_alias_with_no_taskflow.py
Traceback (most recent call last):
  File "/home/airflow/.local/lib/python3.12/site-packages/airflow/models/dagbag.py", line 383, in parse
    loader.exec_module(new_module)
  File "<frozen importlib._bootstrap_external>", line 999, in exec_module
  File "<frozen importlib._bootstrap>", line 488, in _call_with_frames_removed
  File "/home/airflow/.local/lib/python3.12/site-packages/airflow/example_dags/example_dataset_alias_with_no_taskflow.py", line 55, in <module>
    outlets=[Dataset("s3://bucket/my-task-with-no-taskflow")],
             ^^^^^^^^^^^^^^^^^^^^^^^^^^^^^^^^^^^^^^^^^^^^^^^
  File "<attrs generated init airflow.datasets.Dataset>", line 3, in __init__
    _setattr('uri', __attr_converter_uri(uri))
                    ^^^^^^^^^^^^^^^^^^^^^^^^^
  File "/home/airflow/.local/lib/python3.12/site-packages/airflow/datasets/__init__.py", line 108, in _sanitize_uri
    if (normalizer := _get_uri_normalizer(normalized_scheme)) is not None:
                      ^^^^^^^^^^^^^^^^^^^^^^^^^^^^^^^^^^^^^^
  File "/home/airflow/.local/lib/python3.12/site-packages/airflow/datasets/__init__.py", line 58, in _get_uri_normalizer
    return ProvidersManager().dataset_uri_handlers.get(scheme)
           ^^^^^^^^^^^^^^^^^^^^^^^^^^^^^^^^^^^^^^^
  File "/home/airflow/.local/lib/python3.12/site-packages/airflow/providers_manager.py", line 1333, in dataset_uri_handlers
    self.initialize_providers_dataset_uri_resources()
  File "/home/airflow/.local/lib/python3.12/site-packages/airflow/providers_manager.py", line 384, in wrapped_function
    func(*args, **kwargs)
  File "/home/airflow/.local/lib/python3.12/site-packages/airflow/providers_manager.py", line 532, in initialize_providers_dataset_uri_resources
    self._discover_dataset_uri_resources()
  File "/home/airflow/.local/lib/python3.12/site-packages/airflow/providers_manager.py", line 914, in _discover_dataset_uri_resources
    _safe_register_resource(
  File "/home/airflow/.local/lib/python3.12/site-packages/airflow/providers_manager.py", line 902, in _safe_register_resource
    _correctness_check(provider_package_name, resource_path, provider)
  File "/home/airflow/.local/lib/python3.12/site-packages/airflow/providers_manager.py", line 327, in _correctness_check
    imported_class = import_string(class_name)
                     ^^^^^^^^^^^^^^^^^^^^^^^^^
  File "/home/airflow/.local/lib/python3.12/site-packages/airflow/utils/module_loading.py", line 39, in import_string
    module = import_module(module_path)
             ^^^^^^^^^^^^^^^^^^^^^^^^^^
  File "/usr/local/lib/python3.12/importlib/__init__.py", line 90, in import_module
    return _bootstrap._gcd_import(name[level:], package, level)
           ^^^^^^^^^^^^^^^^^^^^^^^^^^^^^^^^^^^^^^^^^^^^^^^^^^^^
  File "<frozen importlib._bootstrap>", line 1387, in _gcd_import
  File "<frozen importlib._bootstrap>", line 1360, in _find_and_load
  File "<frozen importlib._bootstrap>", line 1331, in _find_and_load_unlocked
  File "<frozen importlib._bootstrap>", line 935, in _load_unlocked
  File "<frozen importlib._bootstrap_external>", line 999, in exec_module
  File "<frozen importlib._bootstrap>", line 488, in _call_with_frames_removed
  File "/home/airflow/.local/lib/python3.12/site-packages/airflow/providers/google/assets/gcs.py", line 21, in <module>
    from airflow.providers.google.cloud.hooks.gcs import _parse_gcs_url
  File "/home/airflow/.local/lib/python3.12/site-packages/airflow/providers/google/cloud/hooks/gcs.py", line 38, in <module>
    from google.api_core.exceptions import GoogleAPICallError, NotFound
  File "/home/airflow/.local/lib/python3.12/site-packages/google/api_core/exceptions.py", line 52, in <module>
    _HTTP_CODE_TO_EXCEPTION: Dict[int, Exception] = {}
                             ~~~~^^^^^^^^^^^^^^^^
  File "/usr/local/lib/python3.12/typing.py", line 395, in inner
    return _caches[func](*args, **kwds)
           ^^^^^^^^^^^^^^^^^^^^^^^^^^^^
  File "/usr/local/lib/python3.12/typing.py", line 1481, in __getitem__
    params = tuple(_type_check(p, msg) for p in params)
             ^^^^^^^^^^^^^^^^^^^^^^^^^^^^^^^^^^^^^^^^^^
  File "/usr/local/lib/python3.12/typing.py", line 1481, in <genexpr>
    params = tuple(_type_check(p, msg) for p in params)
                   ^^^^^^^^^^^^^^^^^^^
  File "/usr/local/lib/python3.12/typing.py", line 175, in _type_check
    def _type_check(arg, msg, is_argument=True, module=None, *, allow_special_forms=False):
    
  File "/home/airflow/.local/lib/python3.12/site-packages/airflow/utils/timeout.py", line 69, in handle_timeout
    raise AirflowTaskTimeout(self.error_message)
airflow.exceptions.AirflowTaskTimeout: DagBag import timeout for /home/airflow/.local/lib/python3.12/site-packages/airflow/example_dags/example_dataset_alias_with_no_taskflow.py after 30.0s.
Please take a look at these docs to improve your DAG import time:
* https://airflow.apache.org/docs/apache-airflow/2.10.5/best-practices.html#top-level-python-code
* https://airflow.apache.org/docs/apache-airflow/2.10.5/best-practices.html#reducing-dag-complexity, PID: 246
[2025-04-13T18:09:51.070+0000] {processor.py:927} WARNING - No viable dags retrieved from /home/airflow/.local/lib/python3.12/site-packages/airflow/example_dags/example_dataset_alias_with_no_taskflow.py
[2025-04-13T18:09:57.303+0000] {processor.py:208} INFO - Processing /home/airflow/.local/lib/python3.12/site-packages/airflow/example_dags/example_dataset_alias_with_no_taskflow.py took 39.345 seconds
[2025-04-13T18:18:02.311+0000] {processor.py:186} INFO - Started process (PID=385) to work on /home/airflow/.local/lib/python3.12/site-packages/airflow/example_dags/example_dataset_alias_with_no_taskflow.py
[2025-04-13T18:18:02.412+0000] {processor.py:914} INFO - Processing file /home/airflow/.local/lib/python3.12/site-packages/airflow/example_dags/example_dataset_alias_with_no_taskflow.py for tasks to queue
[2025-04-13T18:18:02.427+0000] {logging_mixin.py:190} INFO - [2025-04-13T18:18:02.416+0000] {dagbag.py:588} INFO - Filling up the DagBag from /home/airflow/.local/lib/python3.12/site-packages/airflow/example_dags/example_dataset_alias_with_no_taskflow.py
[2025-04-13T18:18:32.637+0000] {logging_mixin.py:190} INFO - [2025-04-13T18:18:32.635+0000] {timeout.py:68} ERROR - Process timed out, PID: 385
[2025-04-13T18:18:32.742+0000] {logging_mixin.py:190} INFO - [2025-04-13T18:18:32.640+0000] {dagbag.py:387} ERROR - Failed to import: /home/airflow/.local/lib/python3.12/site-packages/airflow/example_dags/example_dataset_alias_with_no_taskflow.py
Traceback (most recent call last):
  File "/home/airflow/.local/lib/python3.12/site-packages/airflow/models/dagbag.py", line 383, in parse
    loader.exec_module(new_module)
  File "<frozen importlib._bootstrap_external>", line 999, in exec_module
  File "<frozen importlib._bootstrap>", line 488, in _call_with_frames_removed
  File "/home/airflow/.local/lib/python3.12/site-packages/airflow/example_dags/example_dataset_alias_with_no_taskflow.py", line 55, in <module>
    outlets=[Dataset("s3://bucket/my-task-with-no-taskflow")],
             ^^^^^^^^^^^^^^^^^^^^^^^^^^^^^^^^^^^^^^^^^^^^^^^
  File "<attrs generated init airflow.datasets.Dataset>", line 3, in __init__
    _setattr('uri', __attr_converter_uri(uri))
                    ^^^^^^^^^^^^^^^^^^^^^^^^^
  File "/home/airflow/.local/lib/python3.12/site-packages/airflow/datasets/__init__.py", line 108, in _sanitize_uri
    if (normalizer := _get_uri_normalizer(normalized_scheme)) is not None:
                      ^^^^^^^^^^^^^^^^^^^^^^^^^^^^^^^^^^^^^^
  File "/home/airflow/.local/lib/python3.12/site-packages/airflow/datasets/__init__.py", line 58, in _get_uri_normalizer
    return ProvidersManager().dataset_uri_handlers.get(scheme)
           ^^^^^^^^^^^^^^^^^^^^^^^^^^^^^^^^^^^^^^^
  File "/home/airflow/.local/lib/python3.12/site-packages/airflow/providers_manager.py", line 1333, in dataset_uri_handlers
    self.initialize_providers_dataset_uri_resources()
  File "/home/airflow/.local/lib/python3.12/site-packages/airflow/providers_manager.py", line 384, in wrapped_function
    func(*args, **kwargs)
  File "/home/airflow/.local/lib/python3.12/site-packages/airflow/providers_manager.py", line 532, in initialize_providers_dataset_uri_resources
    self._discover_dataset_uri_resources()
  File "/home/airflow/.local/lib/python3.12/site-packages/airflow/providers_manager.py", line 914, in _discover_dataset_uri_resources
    _safe_register_resource(
  File "/home/airflow/.local/lib/python3.12/site-packages/airflow/providers_manager.py", line 902, in _safe_register_resource
    _correctness_check(provider_package_name, resource_path, provider)
  File "/home/airflow/.local/lib/python3.12/site-packages/airflow/providers_manager.py", line 327, in _correctness_check
    imported_class = import_string(class_name)
                     ^^^^^^^^^^^^^^^^^^^^^^^^^
  File "/home/airflow/.local/lib/python3.12/site-packages/airflow/utils/module_loading.py", line 39, in import_string
    module = import_module(module_path)
             ^^^^^^^^^^^^^^^^^^^^^^^^^^
  File "/usr/local/lib/python3.12/importlib/__init__.py", line 90, in import_module
    return _bootstrap._gcd_import(name[level:], package, level)
           ^^^^^^^^^^^^^^^^^^^^^^^^^^^^^^^^^^^^^^^^^^^^^^^^^^^^
  File "<frozen importlib._bootstrap>", line 1387, in _gcd_import
  File "<frozen importlib._bootstrap>", line 1360, in _find_and_load
  File "<frozen importlib._bootstrap>", line 1331, in _find_and_load_unlocked
  File "<frozen importlib._bootstrap>", line 935, in _load_unlocked
  File "<frozen importlib._bootstrap_external>", line 999, in exec_module
  File "<frozen importlib._bootstrap>", line 488, in _call_with_frames_removed
  File "/home/airflow/.local/lib/python3.12/site-packages/airflow/providers/google/assets/gcs.py", line 21, in <module>
    from airflow.providers.google.cloud.hooks.gcs import _parse_gcs_url
  File "/home/airflow/.local/lib/python3.12/site-packages/airflow/providers/google/cloud/hooks/gcs.py", line 41, in <module>
    from google.cloud import storage  # type: ignore[attr-defined]
    ^^^^^^^^^^^^^^^^^^^^^^^^^^^^^^^^
  File "/home/airflow/.local/lib/python3.12/site-packages/google/cloud/storage/__init__.py", line 37, in <module>
    from google.cloud.storage.bucket import Bucket
  File "<frozen importlib._bootstrap>", line 1360, in _find_and_load
  File "<frozen importlib._bootstrap>", line 1331, in _find_and_load_unlocked
  File "<frozen importlib._bootstrap>", line 935, in _load_unlocked
  File "<frozen importlib._bootstrap_external>", line 995, in exec_module
  File "<frozen importlib._bootstrap_external>", line 1091, in get_code
  File "<frozen importlib._bootstrap_external>", line 1191, in get_data
  File "/home/airflow/.local/lib/python3.12/site-packages/airflow/utils/timeout.py", line 69, in handle_timeout
    raise AirflowTaskTimeout(self.error_message)
airflow.exceptions.AirflowTaskTimeout: DagBag import timeout for /home/airflow/.local/lib/python3.12/site-packages/airflow/example_dags/example_dataset_alias_with_no_taskflow.py after 30.0s.
Please take a look at these docs to improve your DAG import time:
* https://airflow.apache.org/docs/apache-airflow/2.10.5/best-practices.html#top-level-python-code
* https://airflow.apache.org/docs/apache-airflow/2.10.5/best-practices.html#reducing-dag-complexity, PID: 385
[2025-04-13T18:18:33.684+0000] {processor.py:927} WARNING - No viable dags retrieved from /home/airflow/.local/lib/python3.12/site-packages/airflow/example_dags/example_dataset_alias_with_no_taskflow.py
[2025-04-13T18:18:35.969+0000] {processor.py:208} INFO - Processing /home/airflow/.local/lib/python3.12/site-packages/airflow/example_dags/example_dataset_alias_with_no_taskflow.py took 35.004 seconds
[2025-04-13T18:25:06.009+0000] {processor.py:186} INFO - Started process (PID=502) to work on /home/airflow/.local/lib/python3.12/site-packages/airflow/example_dags/example_dataset_alias_with_no_taskflow.py
[2025-04-13T18:25:06.382+0000] {processor.py:914} INFO - Processing file /home/airflow/.local/lib/python3.12/site-packages/airflow/example_dags/example_dataset_alias_with_no_taskflow.py for tasks to queue
[2025-04-13T18:25:07.135+0000] {logging_mixin.py:190} INFO - [2025-04-13T18:25:06.904+0000] {dagbag.py:588} INFO - Filling up the DagBag from /home/airflow/.local/lib/python3.12/site-packages/airflow/example_dags/example_dataset_alias_with_no_taskflow.py
[2025-04-13T18:25:37.936+0000] {logging_mixin.py:190} INFO - [2025-04-13T18:25:37.933+0000] {timeout.py:68} ERROR - Process timed out, PID: 502
[2025-04-13T18:25:38.860+0000] {logging_mixin.py:190} INFO - [2025-04-13T18:25:38.064+0000] {dagbag.py:387} ERROR - Failed to import: /home/airflow/.local/lib/python3.12/site-packages/airflow/example_dags/example_dataset_alias_with_no_taskflow.py
Traceback (most recent call last):
  File "/home/airflow/.local/lib/python3.12/site-packages/airflow/models/dagbag.py", line 383, in parse
    loader.exec_module(new_module)
  File "<frozen importlib._bootstrap_external>", line 999, in exec_module
  File "<frozen importlib._bootstrap>", line 488, in _call_with_frames_removed
  File "/home/airflow/.local/lib/python3.12/site-packages/airflow/example_dags/example_dataset_alias_with_no_taskflow.py", line 55, in <module>
    outlets=[Dataset("s3://bucket/my-task-with-no-taskflow")],
             ^^^^^^^^^^^^^^^^^^^^^^^^^^^^^^^^^^^^^^^^^^^^^^^
  File "<attrs generated init airflow.datasets.Dataset>", line 3, in __init__
    _setattr('uri', __attr_converter_uri(uri))
                    ^^^^^^^^^^^^^^^^^^^^^^^^^
  File "/home/airflow/.local/lib/python3.12/site-packages/airflow/datasets/__init__.py", line 108, in _sanitize_uri
    if (normalizer := _get_uri_normalizer(normalized_scheme)) is not None:
                      ^^^^^^^^^^^^^^^^^^^^^^^^^^^^^^^^^^^^^^
  File "/home/airflow/.local/lib/python3.12/site-packages/airflow/datasets/__init__.py", line 58, in _get_uri_normalizer
    return ProvidersManager().dataset_uri_handlers.get(scheme)
           ^^^^^^^^^^^^^^^^^^^^^^^^^^^^^^^^^^^^^^^
  File "/home/airflow/.local/lib/python3.12/site-packages/airflow/providers_manager.py", line 1333, in dataset_uri_handlers
    self.initialize_providers_dataset_uri_resources()
  File "/home/airflow/.local/lib/python3.12/site-packages/airflow/providers_manager.py", line 384, in wrapped_function
    func(*args, **kwargs)
  File "/home/airflow/.local/lib/python3.12/site-packages/airflow/providers_manager.py", line 532, in initialize_providers_dataset_uri_resources
    self._discover_dataset_uri_resources()
  File "/home/airflow/.local/lib/python3.12/site-packages/airflow/providers_manager.py", line 914, in _discover_dataset_uri_resources
    _safe_register_resource(
  File "/home/airflow/.local/lib/python3.12/site-packages/airflow/providers_manager.py", line 902, in _safe_register_resource
    _correctness_check(provider_package_name, resource_path, provider)
  File "/home/airflow/.local/lib/python3.12/site-packages/airflow/providers_manager.py", line 327, in _correctness_check
    imported_class = import_string(class_name)
                     ^^^^^^^^^^^^^^^^^^^^^^^^^
  File "/home/airflow/.local/lib/python3.12/site-packages/airflow/utils/module_loading.py", line 39, in import_string
    module = import_module(module_path)
             ^^^^^^^^^^^^^^^^^^^^^^^^^^
  File "/usr/local/lib/python3.12/importlib/__init__.py", line 90, in import_module
    return _bootstrap._gcd_import(name[level:], package, level)
           ^^^^^^^^^^^^^^^^^^^^^^^^^^^^^^^^^^^^^^^^^^^^^^^^^^^^
  File "<frozen importlib._bootstrap>", line 1387, in _gcd_import
  File "<frozen importlib._bootstrap>", line 1360, in _find_and_load
  File "<frozen importlib._bootstrap>", line 1331, in _find_and_load_unlocked
  File "<frozen importlib._bootstrap>", line 935, in _load_unlocked
  File "<frozen importlib._bootstrap_external>", line 999, in exec_module
  File "<frozen importlib._bootstrap>", line 488, in _call_with_frames_removed
  File "/home/airflow/.local/lib/python3.12/site-packages/airflow/providers/google/assets/gcs.py", line 21, in <module>
    from airflow.providers.google.cloud.hooks.gcs import _parse_gcs_url
  File "/home/airflow/.local/lib/python3.12/site-packages/airflow/providers/google/cloud/hooks/gcs.py", line 38, in <module>
    from google.api_core.exceptions import GoogleAPICallError, NotFound
  File "/home/airflow/.local/lib/python3.12/site-packages/google/api_core/exceptions.py", line 29, in <module>
    from google.rpc import error_details_pb2
  File "/home/airflow/.local/lib/python3.12/site-packages/google/rpc/error_details_pb2.py", line 21, in <module>
    from google.protobuf import descriptor_pool as _descriptor_pool
  File "/home/airflow/.local/lib/python3.12/site-packages/google/protobuf/descriptor_pool.py", line 43, in <module>
    from google.protobuf.internal import python_message
  File "/home/airflow/.local/lib/python3.12/site-packages/google/protobuf/internal/python_message.py", line 48, in <module>
    from google.protobuf.internal import well_known_types
  File "/home/airflow/.local/lib/python3.12/site-packages/google/protobuf/internal/well_known_types.py", line 509, in <module>
    collections.abc.MutableMapping.register(Struct)
  File "<frozen abc>", line 115, in register
  File "<frozen abc>", line 123, in __subclasscheck__
  File "<frozen abc>", line 123, in __subclasscheck__
  File "<frozen abc>", line 121, in __subclasscheck__
  File "/home/airflow/.local/lib/python3.12/site-packages/airflow/utils/timeout.py", line 69, in handle_timeout
    raise AirflowTaskTimeout(self.error_message)
airflow.exceptions.AirflowTaskTimeout: DagBag import timeout for /home/airflow/.local/lib/python3.12/site-packages/airflow/example_dags/example_dataset_alias_with_no_taskflow.py after 30.0s.
Please take a look at these docs to improve your DAG import time:
* https://airflow.apache.org/docs/apache-airflow/2.10.5/best-practices.html#top-level-python-code
* https://airflow.apache.org/docs/apache-airflow/2.10.5/best-practices.html#reducing-dag-complexity, PID: 502
[2025-04-13T18:25:39.077+0000] {processor.py:927} WARNING - No viable dags retrieved from /home/airflow/.local/lib/python3.12/site-packages/airflow/example_dags/example_dataset_alias_with_no_taskflow.py
[2025-04-13T18:25:42.284+0000] {processor.py:208} INFO - Processing /home/airflow/.local/lib/python3.12/site-packages/airflow/example_dags/example_dataset_alias_with_no_taskflow.py took 36.771 seconds
[2025-04-13T20:51:44.487+0000] {processor.py:186} INFO - Started process (PID=86) to work on /home/airflow/.local/lib/python3.12/site-packages/airflow/example_dags/example_dataset_alias_with_no_taskflow.py
[2025-04-13T20:51:44.501+0000] {processor.py:914} INFO - Processing file /home/airflow/.local/lib/python3.12/site-packages/airflow/example_dags/example_dataset_alias_with_no_taskflow.py for tasks to queue
[2025-04-13T20:51:44.507+0000] {logging_mixin.py:190} INFO - [2025-04-13T20:51:44.506+0000] {dagbag.py:588} INFO - Filling up the DagBag from /home/airflow/.local/lib/python3.12/site-packages/airflow/example_dags/example_dataset_alias_with_no_taskflow.py
[2025-04-13T20:51:48.764+0000] {processor.py:925} INFO - DAG(s) 'dataset_alias_example_alias_consumer_with_no_taskflow', 'dataset_alias_example_alias_producer_with_no_taskflow', 'dataset_s3_bucket_producer_with_no_taskflow', 'dataset_s3_bucket_consumer_with_no_taskflow' retrieved from /home/airflow/.local/lib/python3.12/site-packages/airflow/example_dags/example_dataset_alias_with_no_taskflow.py
[2025-04-13T20:51:49.709+0000] {logging_mixin.py:190} INFO - [2025-04-13T20:51:49.708+0000] {dag.py:3239} INFO - Sync 4 DAGs
[2025-04-13T20:51:49.814+0000] {logging_mixin.py:190} INFO - [2025-04-13T20:51:49.810+0000] {dag.py:4180} INFO - Setting next_dagrun for dataset_alias_example_alias_consumer_with_no_taskflow to None, run_after=None
[2025-04-13T20:51:49.820+0000] {logging_mixin.py:190} INFO - [2025-04-13T20:51:49.820+0000] {dag.py:4180} INFO - Setting next_dagrun for dataset_alias_example_alias_producer_with_no_taskflow to None, run_after=None
[2025-04-13T20:51:49.823+0000] {logging_mixin.py:190} INFO - [2025-04-13T20:51:49.823+0000] {dag.py:4180} INFO - Setting next_dagrun for dataset_s3_bucket_consumer_with_no_taskflow to None, run_after=None
[2025-04-13T20:51:49.826+0000] {logging_mixin.py:190} INFO - [2025-04-13T20:51:49.826+0000] {dag.py:4180} INFO - Setting next_dagrun for dataset_s3_bucket_producer_with_no_taskflow to None, run_after=None
[2025-04-13T20:51:49.965+0000] {processor.py:208} INFO - Processing /home/airflow/.local/lib/python3.12/site-packages/airflow/example_dags/example_dataset_alias_with_no_taskflow.py took 5.595 seconds
[2025-04-13T20:52:20.201+0000] {processor.py:186} INFO - Started process (PID=158) to work on /home/airflow/.local/lib/python3.12/site-packages/airflow/example_dags/example_dataset_alias_with_no_taskflow.py
[2025-04-13T20:52:20.203+0000] {processor.py:914} INFO - Processing file /home/airflow/.local/lib/python3.12/site-packages/airflow/example_dags/example_dataset_alias_with_no_taskflow.py for tasks to queue
[2025-04-13T20:52:20.223+0000] {logging_mixin.py:190} INFO - [2025-04-13T20:52:20.221+0000] {dagbag.py:588} INFO - Filling up the DagBag from /home/airflow/.local/lib/python3.12/site-packages/airflow/example_dags/example_dataset_alias_with_no_taskflow.py
[2025-04-13T20:52:21.240+0000] {processor.py:925} INFO - DAG(s) 'dataset_s3_bucket_producer_with_no_taskflow', 'dataset_alias_example_alias_consumer_with_no_taskflow', 'dataset_s3_bucket_consumer_with_no_taskflow', 'dataset_alias_example_alias_producer_with_no_taskflow' retrieved from /home/airflow/.local/lib/python3.12/site-packages/airflow/example_dags/example_dataset_alias_with_no_taskflow.py
[2025-04-13T20:52:21.283+0000] {logging_mixin.py:190} INFO - [2025-04-13T20:52:21.282+0000] {dag.py:3239} INFO - Sync 4 DAGs
[2025-04-13T20:52:21.338+0000] {logging_mixin.py:190} INFO - [2025-04-13T20:52:21.335+0000] {dag.py:4180} INFO - Setting next_dagrun for dataset_alias_example_alias_consumer_with_no_taskflow to None, run_after=None
[2025-04-13T20:52:21.343+0000] {logging_mixin.py:190} INFO - [2025-04-13T20:52:21.343+0000] {dag.py:4180} INFO - Setting next_dagrun for dataset_alias_example_alias_producer_with_no_taskflow to None, run_after=None
[2025-04-13T20:52:21.346+0000] {logging_mixin.py:190} INFO - [2025-04-13T20:52:21.346+0000] {dag.py:4180} INFO - Setting next_dagrun for dataset_s3_bucket_consumer_with_no_taskflow to None, run_after=None
[2025-04-13T20:52:21.349+0000] {logging_mixin.py:190} INFO - [2025-04-13T20:52:21.349+0000] {dag.py:4180} INFO - Setting next_dagrun for dataset_s3_bucket_producer_with_no_taskflow to None, run_after=None
[2025-04-13T20:52:21.395+0000] {processor.py:208} INFO - Processing /home/airflow/.local/lib/python3.12/site-packages/airflow/example_dags/example_dataset_alias_with_no_taskflow.py took 1.205 seconds
[2025-04-13T20:53:00.851+0000] {processor.py:186} INFO - Started process (PID=220) to work on /home/airflow/.local/lib/python3.12/site-packages/airflow/example_dags/example_dataset_alias_with_no_taskflow.py
[2025-04-13T20:53:00.887+0000] {processor.py:914} INFO - Processing file /home/airflow/.local/lib/python3.12/site-packages/airflow/example_dags/example_dataset_alias_with_no_taskflow.py for tasks to queue
[2025-04-13T20:53:00.985+0000] {logging_mixin.py:190} INFO - [2025-04-13T20:53:00.965+0000] {dagbag.py:588} INFO - Filling up the DagBag from /home/airflow/.local/lib/python3.12/site-packages/airflow/example_dags/example_dataset_alias_with_no_taskflow.py
[2025-04-13T20:53:04.652+0000] {processor.py:925} INFO - DAG(s) 'dataset_s3_bucket_producer_with_no_taskflow', 'dataset_alias_example_alias_consumer_with_no_taskflow', 'dataset_s3_bucket_consumer_with_no_taskflow', 'dataset_alias_example_alias_producer_with_no_taskflow' retrieved from /home/airflow/.local/lib/python3.12/site-packages/airflow/example_dags/example_dataset_alias_with_no_taskflow.py
[2025-04-13T20:53:04.733+0000] {logging_mixin.py:190} INFO - [2025-04-13T20:53:04.733+0000] {dag.py:3239} INFO - Sync 4 DAGs
[2025-04-13T20:53:04.879+0000] {logging_mixin.py:190} INFO - [2025-04-13T20:53:04.879+0000] {dag.py:4180} INFO - Setting next_dagrun for dataset_alias_example_alias_consumer_with_no_taskflow to None, run_after=None
[2025-04-13T20:53:04.888+0000] {logging_mixin.py:190} INFO - [2025-04-13T20:53:04.887+0000] {dag.py:4180} INFO - Setting next_dagrun for dataset_alias_example_alias_producer_with_no_taskflow to None, run_after=None
[2025-04-13T20:53:04.897+0000] {logging_mixin.py:190} INFO - [2025-04-13T20:53:04.894+0000] {dag.py:4180} INFO - Setting next_dagrun for dataset_s3_bucket_consumer_with_no_taskflow to None, run_after=None
[2025-04-13T20:53:04.902+0000] {logging_mixin.py:190} INFO - [2025-04-13T20:53:04.901+0000] {dag.py:4180} INFO - Setting next_dagrun for dataset_s3_bucket_producer_with_no_taskflow to None, run_after=None
[2025-04-13T20:53:05.074+0000] {processor.py:208} INFO - Processing /home/airflow/.local/lib/python3.12/site-packages/airflow/example_dags/example_dataset_alias_with_no_taskflow.py took 4.242 seconds
[2025-04-13T20:53:36.019+0000] {processor.py:186} INFO - Started process (PID=287) to work on /home/airflow/.local/lib/python3.12/site-packages/airflow/example_dags/example_dataset_alias_with_no_taskflow.py
[2025-04-13T20:53:36.073+0000] {processor.py:914} INFO - Processing file /home/airflow/.local/lib/python3.12/site-packages/airflow/example_dags/example_dataset_alias_with_no_taskflow.py for tasks to queue
[2025-04-13T20:53:36.107+0000] {logging_mixin.py:190} INFO - [2025-04-13T20:53:36.106+0000] {dagbag.py:588} INFO - Filling up the DagBag from /home/airflow/.local/lib/python3.12/site-packages/airflow/example_dags/example_dataset_alias_with_no_taskflow.py
[2025-04-13T20:53:38.661+0000] {processor.py:925} INFO - DAG(s) 'dataset_s3_bucket_producer_with_no_taskflow', 'dataset_s3_bucket_consumer_with_no_taskflow', 'dataset_alias_example_alias_producer_with_no_taskflow', 'dataset_alias_example_alias_consumer_with_no_taskflow' retrieved from /home/airflow/.local/lib/python3.12/site-packages/airflow/example_dags/example_dataset_alias_with_no_taskflow.py
[2025-04-13T20:53:38.766+0000] {logging_mixin.py:190} INFO - [2025-04-13T20:53:38.765+0000] {dag.py:3239} INFO - Sync 4 DAGs
[2025-04-13T20:53:38.835+0000] {logging_mixin.py:190} INFO - [2025-04-13T20:53:38.834+0000] {dag.py:4180} INFO - Setting next_dagrun for dataset_alias_example_alias_consumer_with_no_taskflow to None, run_after=None
[2025-04-13T20:53:38.842+0000] {logging_mixin.py:190} INFO - [2025-04-13T20:53:38.841+0000] {dag.py:4180} INFO - Setting next_dagrun for dataset_alias_example_alias_producer_with_no_taskflow to None, run_after=None
[2025-04-13T20:53:38.861+0000] {logging_mixin.py:190} INFO - [2025-04-13T20:53:38.860+0000] {dag.py:4180} INFO - Setting next_dagrun for dataset_s3_bucket_consumer_with_no_taskflow to None, run_after=None
[2025-04-13T20:53:38.865+0000] {logging_mixin.py:190} INFO - [2025-04-13T20:53:38.865+0000] {dag.py:4180} INFO - Setting next_dagrun for dataset_s3_bucket_producer_with_no_taskflow to None, run_after=None
[2025-04-13T20:53:38.957+0000] {processor.py:208} INFO - Processing /home/airflow/.local/lib/python3.12/site-packages/airflow/example_dags/example_dataset_alias_with_no_taskflow.py took 2.975 seconds
[2025-04-13T20:54:09.833+0000] {processor.py:186} INFO - Started process (PID=356) to work on /home/airflow/.local/lib/python3.12/site-packages/airflow/example_dags/example_dataset_alias_with_no_taskflow.py
[2025-04-13T20:54:09.838+0000] {processor.py:914} INFO - Processing file /home/airflow/.local/lib/python3.12/site-packages/airflow/example_dags/example_dataset_alias_with_no_taskflow.py for tasks to queue
[2025-04-13T20:54:09.849+0000] {logging_mixin.py:190} INFO - [2025-04-13T20:54:09.849+0000] {dagbag.py:588} INFO - Filling up the DagBag from /home/airflow/.local/lib/python3.12/site-packages/airflow/example_dags/example_dataset_alias_with_no_taskflow.py
[2025-04-13T20:54:12.251+0000] {processor.py:925} INFO - DAG(s) 'dataset_alias_example_alias_consumer_with_no_taskflow', 'dataset_s3_bucket_consumer_with_no_taskflow', 'dataset_s3_bucket_producer_with_no_taskflow', 'dataset_alias_example_alias_producer_with_no_taskflow' retrieved from /home/airflow/.local/lib/python3.12/site-packages/airflow/example_dags/example_dataset_alias_with_no_taskflow.py
[2025-04-13T20:54:12.349+0000] {logging_mixin.py:190} INFO - [2025-04-13T20:54:12.348+0000] {dag.py:3239} INFO - Sync 4 DAGs
[2025-04-13T20:54:12.449+0000] {logging_mixin.py:190} INFO - [2025-04-13T20:54:12.449+0000] {dag.py:4180} INFO - Setting next_dagrun for dataset_alias_example_alias_consumer_with_no_taskflow to None, run_after=None
[2025-04-13T20:54:12.479+0000] {logging_mixin.py:190} INFO - [2025-04-13T20:54:12.478+0000] {dag.py:4180} INFO - Setting next_dagrun for dataset_alias_example_alias_producer_with_no_taskflow to None, run_after=None
[2025-04-13T20:54:12.482+0000] {logging_mixin.py:190} INFO - [2025-04-13T20:54:12.481+0000] {dag.py:4180} INFO - Setting next_dagrun for dataset_s3_bucket_consumer_with_no_taskflow to None, run_after=None
[2025-04-13T20:54:12.490+0000] {logging_mixin.py:190} INFO - [2025-04-13T20:54:12.489+0000] {dag.py:4180} INFO - Setting next_dagrun for dataset_s3_bucket_producer_with_no_taskflow to None, run_after=None
[2025-04-13T20:54:12.621+0000] {processor.py:208} INFO - Processing /home/airflow/.local/lib/python3.12/site-packages/airflow/example_dags/example_dataset_alias_with_no_taskflow.py took 2.820 seconds
[2025-04-13T20:54:42.957+0000] {processor.py:186} INFO - Started process (PID=423) to work on /home/airflow/.local/lib/python3.12/site-packages/airflow/example_dags/example_dataset_alias_with_no_taskflow.py
[2025-04-13T20:54:42.958+0000] {processor.py:914} INFO - Processing file /home/airflow/.local/lib/python3.12/site-packages/airflow/example_dags/example_dataset_alias_with_no_taskflow.py for tasks to queue
[2025-04-13T20:54:42.970+0000] {logging_mixin.py:190} INFO - [2025-04-13T20:54:42.968+0000] {dagbag.py:588} INFO - Filling up the DagBag from /home/airflow/.local/lib/python3.12/site-packages/airflow/example_dags/example_dataset_alias_with_no_taskflow.py
[2025-04-13T20:54:44.859+0000] {processor.py:925} INFO - DAG(s) 'dataset_alias_example_alias_consumer_with_no_taskflow', 'dataset_s3_bucket_consumer_with_no_taskflow', 'dataset_alias_example_alias_producer_with_no_taskflow', 'dataset_s3_bucket_producer_with_no_taskflow' retrieved from /home/airflow/.local/lib/python3.12/site-packages/airflow/example_dags/example_dataset_alias_with_no_taskflow.py
[2025-04-13T20:54:44.938+0000] {logging_mixin.py:190} INFO - [2025-04-13T20:54:44.937+0000] {dag.py:3239} INFO - Sync 4 DAGs
[2025-04-13T20:54:45.107+0000] {logging_mixin.py:190} INFO - [2025-04-13T20:54:45.106+0000] {dag.py:4180} INFO - Setting next_dagrun for dataset_alias_example_alias_consumer_with_no_taskflow to None, run_after=None
[2025-04-13T20:54:45.114+0000] {logging_mixin.py:190} INFO - [2025-04-13T20:54:45.114+0000] {dag.py:4180} INFO - Setting next_dagrun for dataset_alias_example_alias_producer_with_no_taskflow to None, run_after=None
[2025-04-13T20:54:45.119+0000] {logging_mixin.py:190} INFO - [2025-04-13T20:54:45.119+0000] {dag.py:4180} INFO - Setting next_dagrun for dataset_s3_bucket_consumer_with_no_taskflow to None, run_after=None
[2025-04-13T20:54:45.121+0000] {logging_mixin.py:190} INFO - [2025-04-13T20:54:45.121+0000] {dag.py:4180} INFO - Setting next_dagrun for dataset_s3_bucket_producer_with_no_taskflow to None, run_after=None
[2025-04-13T20:54:45.187+0000] {processor.py:208} INFO - Processing /home/airflow/.local/lib/python3.12/site-packages/airflow/example_dags/example_dataset_alias_with_no_taskflow.py took 2.255 seconds
[2025-04-13T20:55:15.919+0000] {processor.py:186} INFO - Started process (PID=488) to work on /home/airflow/.local/lib/python3.12/site-packages/airflow/example_dags/example_dataset_alias_with_no_taskflow.py
[2025-04-13T20:55:15.921+0000] {processor.py:914} INFO - Processing file /home/airflow/.local/lib/python3.12/site-packages/airflow/example_dags/example_dataset_alias_with_no_taskflow.py for tasks to queue
[2025-04-13T20:55:15.936+0000] {logging_mixin.py:190} INFO - [2025-04-13T20:55:15.934+0000] {dagbag.py:588} INFO - Filling up the DagBag from /home/airflow/.local/lib/python3.12/site-packages/airflow/example_dags/example_dataset_alias_with_no_taskflow.py
[2025-04-13T20:55:18.996+0000] {processor.py:925} INFO - DAG(s) 'dataset_s3_bucket_producer_with_no_taskflow', 'dataset_s3_bucket_consumer_with_no_taskflow', 'dataset_alias_example_alias_producer_with_no_taskflow', 'dataset_alias_example_alias_consumer_with_no_taskflow' retrieved from /home/airflow/.local/lib/python3.12/site-packages/airflow/example_dags/example_dataset_alias_with_no_taskflow.py
[2025-04-13T20:55:19.055+0000] {logging_mixin.py:190} INFO - [2025-04-13T20:55:19.054+0000] {dag.py:3239} INFO - Sync 4 DAGs
[2025-04-13T20:55:19.121+0000] {logging_mixin.py:190} INFO - [2025-04-13T20:55:19.121+0000] {dag.py:4180} INFO - Setting next_dagrun for dataset_alias_example_alias_consumer_with_no_taskflow to None, run_after=None
[2025-04-13T20:55:19.130+0000] {logging_mixin.py:190} INFO - [2025-04-13T20:55:19.129+0000] {dag.py:4180} INFO - Setting next_dagrun for dataset_alias_example_alias_producer_with_no_taskflow to None, run_after=None
[2025-04-13T20:55:19.133+0000] {logging_mixin.py:190} INFO - [2025-04-13T20:55:19.133+0000] {dag.py:4180} INFO - Setting next_dagrun for dataset_s3_bucket_consumer_with_no_taskflow to None, run_after=None
[2025-04-13T20:55:19.169+0000] {logging_mixin.py:190} INFO - [2025-04-13T20:55:19.162+0000] {dag.py:4180} INFO - Setting next_dagrun for dataset_s3_bucket_producer_with_no_taskflow to None, run_after=None
[2025-04-13T20:55:19.312+0000] {processor.py:208} INFO - Processing /home/airflow/.local/lib/python3.12/site-packages/airflow/example_dags/example_dataset_alias_with_no_taskflow.py took 3.403 seconds
[2025-04-13T20:55:50.686+0000] {processor.py:186} INFO - Started process (PID=561) to work on /home/airflow/.local/lib/python3.12/site-packages/airflow/example_dags/example_dataset_alias_with_no_taskflow.py
[2025-04-13T20:55:50.690+0000] {processor.py:914} INFO - Processing file /home/airflow/.local/lib/python3.12/site-packages/airflow/example_dags/example_dataset_alias_with_no_taskflow.py for tasks to queue
[2025-04-13T20:55:50.733+0000] {logging_mixin.py:190} INFO - [2025-04-13T20:55:50.733+0000] {dagbag.py:588} INFO - Filling up the DagBag from /home/airflow/.local/lib/python3.12/site-packages/airflow/example_dags/example_dataset_alias_with_no_taskflow.py
[2025-04-13T20:55:53.609+0000] {processor.py:925} INFO - DAG(s) 'dataset_s3_bucket_consumer_with_no_taskflow', 'dataset_alias_example_alias_producer_with_no_taskflow', 'dataset_s3_bucket_producer_with_no_taskflow', 'dataset_alias_example_alias_consumer_with_no_taskflow' retrieved from /home/airflow/.local/lib/python3.12/site-packages/airflow/example_dags/example_dataset_alias_with_no_taskflow.py
[2025-04-13T20:55:53.758+0000] {logging_mixin.py:190} INFO - [2025-04-13T20:55:53.757+0000] {dag.py:3239} INFO - Sync 4 DAGs
[2025-04-13T20:55:53.923+0000] {logging_mixin.py:190} INFO - [2025-04-13T20:55:53.923+0000] {dag.py:4180} INFO - Setting next_dagrun for dataset_alias_example_alias_consumer_with_no_taskflow to None, run_after=None
[2025-04-13T20:55:53.940+0000] {logging_mixin.py:190} INFO - [2025-04-13T20:55:53.940+0000] {dag.py:4180} INFO - Setting next_dagrun for dataset_alias_example_alias_producer_with_no_taskflow to None, run_after=None
[2025-04-13T20:55:53.946+0000] {logging_mixin.py:190} INFO - [2025-04-13T20:55:53.945+0000] {dag.py:4180} INFO - Setting next_dagrun for dataset_s3_bucket_consumer_with_no_taskflow to None, run_after=None
[2025-04-13T20:55:53.950+0000] {logging_mixin.py:190} INFO - [2025-04-13T20:55:53.950+0000] {dag.py:4180} INFO - Setting next_dagrun for dataset_s3_bucket_producer_with_no_taskflow to None, run_after=None
[2025-04-13T20:55:54.156+0000] {processor.py:208} INFO - Processing /home/airflow/.local/lib/python3.12/site-packages/airflow/example_dags/example_dataset_alias_with_no_taskflow.py took 3.497 seconds
[2025-04-13T20:56:24.468+0000] {processor.py:186} INFO - Started process (PID=629) to work on /home/airflow/.local/lib/python3.12/site-packages/airflow/example_dags/example_dataset_alias_with_no_taskflow.py
[2025-04-13T20:56:24.469+0000] {processor.py:914} INFO - Processing file /home/airflow/.local/lib/python3.12/site-packages/airflow/example_dags/example_dataset_alias_with_no_taskflow.py for tasks to queue
[2025-04-13T20:56:24.480+0000] {logging_mixin.py:190} INFO - [2025-04-13T20:56:24.476+0000] {dagbag.py:588} INFO - Filling up the DagBag from /home/airflow/.local/lib/python3.12/site-packages/airflow/example_dags/example_dataset_alias_with_no_taskflow.py
[2025-04-13T20:56:26.831+0000] {processor.py:925} INFO - DAG(s) 'dataset_alias_example_alias_consumer_with_no_taskflow', 'dataset_s3_bucket_producer_with_no_taskflow', 'dataset_alias_example_alias_producer_with_no_taskflow', 'dataset_s3_bucket_consumer_with_no_taskflow' retrieved from /home/airflow/.local/lib/python3.12/site-packages/airflow/example_dags/example_dataset_alias_with_no_taskflow.py
[2025-04-13T20:56:26.887+0000] {logging_mixin.py:190} INFO - [2025-04-13T20:56:26.886+0000] {dag.py:3239} INFO - Sync 4 DAGs
[2025-04-13T20:56:26.986+0000] {logging_mixin.py:190} INFO - [2025-04-13T20:56:26.986+0000] {dag.py:4180} INFO - Setting next_dagrun for dataset_alias_example_alias_consumer_with_no_taskflow to None, run_after=None
[2025-04-13T20:56:26.994+0000] {logging_mixin.py:190} INFO - [2025-04-13T20:56:26.994+0000] {dag.py:4180} INFO - Setting next_dagrun for dataset_alias_example_alias_producer_with_no_taskflow to None, run_after=None
[2025-04-13T20:56:26.998+0000] {logging_mixin.py:190} INFO - [2025-04-13T20:56:26.998+0000] {dag.py:4180} INFO - Setting next_dagrun for dataset_s3_bucket_consumer_with_no_taskflow to None, run_after=None
[2025-04-13T20:56:27.014+0000] {logging_mixin.py:190} INFO - [2025-04-13T20:56:27.013+0000] {dag.py:4180} INFO - Setting next_dagrun for dataset_s3_bucket_producer_with_no_taskflow to None, run_after=None
[2025-04-13T20:56:27.080+0000] {processor.py:208} INFO - Processing /home/airflow/.local/lib/python3.12/site-packages/airflow/example_dags/example_dataset_alias_with_no_taskflow.py took 2.635 seconds
[2025-04-13T20:56:57.676+0000] {processor.py:186} INFO - Started process (PID=698) to work on /home/airflow/.local/lib/python3.12/site-packages/airflow/example_dags/example_dataset_alias_with_no_taskflow.py
[2025-04-13T20:56:57.678+0000] {processor.py:914} INFO - Processing file /home/airflow/.local/lib/python3.12/site-packages/airflow/example_dags/example_dataset_alias_with_no_taskflow.py for tasks to queue
[2025-04-13T20:56:57.685+0000] {logging_mixin.py:190} INFO - [2025-04-13T20:56:57.685+0000] {dagbag.py:588} INFO - Filling up the DagBag from /home/airflow/.local/lib/python3.12/site-packages/airflow/example_dags/example_dataset_alias_with_no_taskflow.py
[2025-04-13T20:56:59.445+0000] {processor.py:925} INFO - DAG(s) 'dataset_alias_example_alias_producer_with_no_taskflow', 'dataset_s3_bucket_producer_with_no_taskflow', 'dataset_alias_example_alias_consumer_with_no_taskflow', 'dataset_s3_bucket_consumer_with_no_taskflow' retrieved from /home/airflow/.local/lib/python3.12/site-packages/airflow/example_dags/example_dataset_alias_with_no_taskflow.py
[2025-04-13T20:56:59.503+0000] {logging_mixin.py:190} INFO - [2025-04-13T20:56:59.502+0000] {dag.py:3239} INFO - Sync 4 DAGs
[2025-04-13T20:56:59.581+0000] {logging_mixin.py:190} INFO - [2025-04-13T20:56:59.580+0000] {dag.py:4180} INFO - Setting next_dagrun for dataset_alias_example_alias_consumer_with_no_taskflow to None, run_after=None
[2025-04-13T20:56:59.593+0000] {logging_mixin.py:190} INFO - [2025-04-13T20:56:59.593+0000] {dag.py:4180} INFO - Setting next_dagrun for dataset_alias_example_alias_producer_with_no_taskflow to None, run_after=None
[2025-04-13T20:56:59.596+0000] {logging_mixin.py:190} INFO - [2025-04-13T20:56:59.596+0000] {dag.py:4180} INFO - Setting next_dagrun for dataset_s3_bucket_consumer_with_no_taskflow to None, run_after=None
[2025-04-13T20:56:59.599+0000] {logging_mixin.py:190} INFO - [2025-04-13T20:56:59.598+0000] {dag.py:4180} INFO - Setting next_dagrun for dataset_s3_bucket_producer_with_no_taskflow to None, run_after=None
[2025-04-13T20:56:59.692+0000] {processor.py:208} INFO - Processing /home/airflow/.local/lib/python3.12/site-packages/airflow/example_dags/example_dataset_alias_with_no_taskflow.py took 2.027 seconds
[2025-04-13T20:57:29.970+0000] {processor.py:186} INFO - Started process (PID=763) to work on /home/airflow/.local/lib/python3.12/site-packages/airflow/example_dags/example_dataset_alias_with_no_taskflow.py
[2025-04-13T20:57:29.973+0000] {processor.py:914} INFO - Processing file /home/airflow/.local/lib/python3.12/site-packages/airflow/example_dags/example_dataset_alias_with_no_taskflow.py for tasks to queue
[2025-04-13T20:57:29.977+0000] {logging_mixin.py:190} INFO - [2025-04-13T20:57:29.976+0000] {dagbag.py:588} INFO - Filling up the DagBag from /home/airflow/.local/lib/python3.12/site-packages/airflow/example_dags/example_dataset_alias_with_no_taskflow.py
[2025-04-13T20:57:33.001+0000] {processor.py:925} INFO - DAG(s) 'dataset_alias_example_alias_consumer_with_no_taskflow', 'dataset_s3_bucket_producer_with_no_taskflow', 'dataset_s3_bucket_consumer_with_no_taskflow', 'dataset_alias_example_alias_producer_with_no_taskflow' retrieved from /home/airflow/.local/lib/python3.12/site-packages/airflow/example_dags/example_dataset_alias_with_no_taskflow.py
[2025-04-13T20:57:33.120+0000] {logging_mixin.py:190} INFO - [2025-04-13T20:57:33.114+0000] {dag.py:3239} INFO - Sync 4 DAGs
[2025-04-13T20:57:33.222+0000] {logging_mixin.py:190} INFO - [2025-04-13T20:57:33.221+0000] {dag.py:4180} INFO - Setting next_dagrun for dataset_alias_example_alias_consumer_with_no_taskflow to None, run_after=None
[2025-04-13T20:57:33.235+0000] {logging_mixin.py:190} INFO - [2025-04-13T20:57:33.235+0000] {dag.py:4180} INFO - Setting next_dagrun for dataset_alias_example_alias_producer_with_no_taskflow to None, run_after=None
[2025-04-13T20:57:33.250+0000] {logging_mixin.py:190} INFO - [2025-04-13T20:57:33.250+0000] {dag.py:4180} INFO - Setting next_dagrun for dataset_s3_bucket_consumer_with_no_taskflow to None, run_after=None
[2025-04-13T20:57:33.264+0000] {logging_mixin.py:190} INFO - [2025-04-13T20:57:33.264+0000] {dag.py:4180} INFO - Setting next_dagrun for dataset_s3_bucket_producer_with_no_taskflow to None, run_after=None
[2025-04-13T20:57:33.335+0000] {processor.py:208} INFO - Processing /home/airflow/.local/lib/python3.12/site-packages/airflow/example_dags/example_dataset_alias_with_no_taskflow.py took 3.391 seconds
[2025-04-13T20:58:06.334+0000] {processor.py:186} INFO - Started process (PID=831) to work on /home/airflow/.local/lib/python3.12/site-packages/airflow/example_dags/example_dataset_alias_with_no_taskflow.py
[2025-04-13T20:58:06.345+0000] {processor.py:914} INFO - Processing file /home/airflow/.local/lib/python3.12/site-packages/airflow/example_dags/example_dataset_alias_with_no_taskflow.py for tasks to queue
[2025-04-13T20:58:06.354+0000] {logging_mixin.py:190} INFO - [2025-04-13T20:58:06.353+0000] {dagbag.py:588} INFO - Filling up the DagBag from /home/airflow/.local/lib/python3.12/site-packages/airflow/example_dags/example_dataset_alias_with_no_taskflow.py
[2025-04-13T20:58:08.980+0000] {processor.py:925} INFO - DAG(s) 'dataset_alias_example_alias_consumer_with_no_taskflow', 'dataset_s3_bucket_consumer_with_no_taskflow', 'dataset_s3_bucket_producer_with_no_taskflow', 'dataset_alias_example_alias_producer_with_no_taskflow' retrieved from /home/airflow/.local/lib/python3.12/site-packages/airflow/example_dags/example_dataset_alias_with_no_taskflow.py
[2025-04-13T20:58:09.063+0000] {logging_mixin.py:190} INFO - [2025-04-13T20:58:09.052+0000] {dag.py:3239} INFO - Sync 4 DAGs
[2025-04-13T20:58:09.229+0000] {logging_mixin.py:190} INFO - [2025-04-13T20:58:09.228+0000] {dag.py:4180} INFO - Setting next_dagrun for dataset_alias_example_alias_consumer_with_no_taskflow to None, run_after=None
[2025-04-13T20:58:09.234+0000] {logging_mixin.py:190} INFO - [2025-04-13T20:58:09.234+0000] {dag.py:4180} INFO - Setting next_dagrun for dataset_alias_example_alias_producer_with_no_taskflow to None, run_after=None
[2025-04-13T20:58:09.242+0000] {logging_mixin.py:190} INFO - [2025-04-13T20:58:09.242+0000] {dag.py:4180} INFO - Setting next_dagrun for dataset_s3_bucket_consumer_with_no_taskflow to None, run_after=None
[2025-04-13T20:58:09.245+0000] {logging_mixin.py:190} INFO - [2025-04-13T20:58:09.245+0000] {dag.py:4180} INFO - Setting next_dagrun for dataset_s3_bucket_producer_with_no_taskflow to None, run_after=None
[2025-04-13T20:58:09.351+0000] {processor.py:208} INFO - Processing /home/airflow/.local/lib/python3.12/site-packages/airflow/example_dags/example_dataset_alias_with_no_taskflow.py took 3.224 seconds
[2025-04-13T20:58:39.445+0000] {processor.py:186} INFO - Started process (PID=900) to work on /home/airflow/.local/lib/python3.12/site-packages/airflow/example_dags/example_dataset_alias_with_no_taskflow.py
[2025-04-13T20:58:39.448+0000] {processor.py:914} INFO - Processing file /home/airflow/.local/lib/python3.12/site-packages/airflow/example_dags/example_dataset_alias_with_no_taskflow.py for tasks to queue
[2025-04-13T20:58:39.452+0000] {logging_mixin.py:190} INFO - [2025-04-13T20:58:39.451+0000] {dagbag.py:588} INFO - Filling up the DagBag from /home/airflow/.local/lib/python3.12/site-packages/airflow/example_dags/example_dataset_alias_with_no_taskflow.py
[2025-04-13T20:58:40.293+0000] {processor.py:925} INFO - DAG(s) 'dataset_alias_example_alias_consumer_with_no_taskflow', 'dataset_s3_bucket_producer_with_no_taskflow', 'dataset_alias_example_alias_producer_with_no_taskflow', 'dataset_s3_bucket_consumer_with_no_taskflow' retrieved from /home/airflow/.local/lib/python3.12/site-packages/airflow/example_dags/example_dataset_alias_with_no_taskflow.py
[2025-04-13T20:58:40.332+0000] {logging_mixin.py:190} INFO - [2025-04-13T20:58:40.331+0000] {dag.py:3239} INFO - Sync 4 DAGs
[2025-04-13T20:58:40.375+0000] {logging_mixin.py:190} INFO - [2025-04-13T20:58:40.375+0000] {dag.py:4180} INFO - Setting next_dagrun for dataset_alias_example_alias_consumer_with_no_taskflow to None, run_after=None
[2025-04-13T20:58:40.382+0000] {logging_mixin.py:190} INFO - [2025-04-13T20:58:40.381+0000] {dag.py:4180} INFO - Setting next_dagrun for dataset_alias_example_alias_producer_with_no_taskflow to None, run_after=None
[2025-04-13T20:58:40.386+0000] {logging_mixin.py:190} INFO - [2025-04-13T20:58:40.385+0000] {dag.py:4180} INFO - Setting next_dagrun for dataset_s3_bucket_consumer_with_no_taskflow to None, run_after=None
[2025-04-13T20:58:40.388+0000] {logging_mixin.py:190} INFO - [2025-04-13T20:58:40.388+0000] {dag.py:4180} INFO - Setting next_dagrun for dataset_s3_bucket_producer_with_no_taskflow to None, run_after=None
[2025-04-13T20:58:40.419+0000] {processor.py:208} INFO - Processing /home/airflow/.local/lib/python3.12/site-packages/airflow/example_dags/example_dataset_alias_with_no_taskflow.py took 0.986 seconds
[2025-04-13T20:59:11.017+0000] {processor.py:186} INFO - Started process (PID=964) to work on /home/airflow/.local/lib/python3.12/site-packages/airflow/example_dags/example_dataset_alias_with_no_taskflow.py
[2025-04-13T20:59:11.020+0000] {processor.py:914} INFO - Processing file /home/airflow/.local/lib/python3.12/site-packages/airflow/example_dags/example_dataset_alias_with_no_taskflow.py for tasks to queue
[2025-04-13T20:59:11.024+0000] {logging_mixin.py:190} INFO - [2025-04-13T20:59:11.023+0000] {dagbag.py:588} INFO - Filling up the DagBag from /home/airflow/.local/lib/python3.12/site-packages/airflow/example_dags/example_dataset_alias_with_no_taskflow.py
[2025-04-13T20:59:12.085+0000] {processor.py:925} INFO - DAG(s) 'dataset_s3_bucket_consumer_with_no_taskflow', 'dataset_alias_example_alias_consumer_with_no_taskflow', 'dataset_s3_bucket_producer_with_no_taskflow', 'dataset_alias_example_alias_producer_with_no_taskflow' retrieved from /home/airflow/.local/lib/python3.12/site-packages/airflow/example_dags/example_dataset_alias_with_no_taskflow.py
[2025-04-13T20:59:12.117+0000] {logging_mixin.py:190} INFO - [2025-04-13T20:59:12.116+0000] {dag.py:3239} INFO - Sync 4 DAGs
[2025-04-13T20:59:12.152+0000] {logging_mixin.py:190} INFO - [2025-04-13T20:59:12.151+0000] {dag.py:4180} INFO - Setting next_dagrun for dataset_alias_example_alias_consumer_with_no_taskflow to None, run_after=None
[2025-04-13T20:59:12.156+0000] {logging_mixin.py:190} INFO - [2025-04-13T20:59:12.155+0000] {dag.py:4180} INFO - Setting next_dagrun for dataset_alias_example_alias_producer_with_no_taskflow to None, run_after=None
[2025-04-13T20:59:12.158+0000] {logging_mixin.py:190} INFO - [2025-04-13T20:59:12.158+0000] {dag.py:4180} INFO - Setting next_dagrun for dataset_s3_bucket_consumer_with_no_taskflow to None, run_after=None
[2025-04-13T20:59:12.160+0000] {logging_mixin.py:190} INFO - [2025-04-13T20:59:12.159+0000] {dag.py:4180} INFO - Setting next_dagrun for dataset_s3_bucket_producer_with_no_taskflow to None, run_after=None
[2025-04-13T20:59:12.187+0000] {processor.py:208} INFO - Processing /home/airflow/.local/lib/python3.12/site-packages/airflow/example_dags/example_dataset_alias_with_no_taskflow.py took 1.181 seconds
[2025-04-13T20:59:42.289+0000] {processor.py:186} INFO - Started process (PID=1030) to work on /home/airflow/.local/lib/python3.12/site-packages/airflow/example_dags/example_dataset_alias_with_no_taskflow.py
[2025-04-13T20:59:42.291+0000] {processor.py:914} INFO - Processing file /home/airflow/.local/lib/python3.12/site-packages/airflow/example_dags/example_dataset_alias_with_no_taskflow.py for tasks to queue
[2025-04-13T20:59:42.305+0000] {logging_mixin.py:190} INFO - [2025-04-13T20:59:42.296+0000] {dagbag.py:588} INFO - Filling up the DagBag from /home/airflow/.local/lib/python3.12/site-packages/airflow/example_dags/example_dataset_alias_with_no_taskflow.py
[2025-04-13T20:59:43.303+0000] {processor.py:925} INFO - DAG(s) 'dataset_alias_example_alias_consumer_with_no_taskflow', 'dataset_alias_example_alias_producer_with_no_taskflow', 'dataset_s3_bucket_producer_with_no_taskflow', 'dataset_s3_bucket_consumer_with_no_taskflow' retrieved from /home/airflow/.local/lib/python3.12/site-packages/airflow/example_dags/example_dataset_alias_with_no_taskflow.py
[2025-04-13T20:59:43.356+0000] {logging_mixin.py:190} INFO - [2025-04-13T20:59:43.355+0000] {dag.py:3239} INFO - Sync 4 DAGs
[2025-04-13T20:59:43.403+0000] {logging_mixin.py:190} INFO - [2025-04-13T20:59:43.403+0000] {dag.py:4180} INFO - Setting next_dagrun for dataset_alias_example_alias_consumer_with_no_taskflow to None, run_after=None
[2025-04-13T20:59:43.411+0000] {logging_mixin.py:190} INFO - [2025-04-13T20:59:43.410+0000] {dag.py:4180} INFO - Setting next_dagrun for dataset_alias_example_alias_producer_with_no_taskflow to None, run_after=None
[2025-04-13T20:59:43.416+0000] {logging_mixin.py:190} INFO - [2025-04-13T20:59:43.416+0000] {dag.py:4180} INFO - Setting next_dagrun for dataset_s3_bucket_consumer_with_no_taskflow to None, run_after=None
[2025-04-13T20:59:43.418+0000] {logging_mixin.py:190} INFO - [2025-04-13T20:59:43.418+0000] {dag.py:4180} INFO - Setting next_dagrun for dataset_s3_bucket_producer_with_no_taskflow to None, run_after=None
[2025-04-13T20:59:43.458+0000] {processor.py:208} INFO - Processing /home/airflow/.local/lib/python3.12/site-packages/airflow/example_dags/example_dataset_alias_with_no_taskflow.py took 1.185 seconds
[2025-04-13T21:00:14.366+0000] {processor.py:186} INFO - Started process (PID=1094) to work on /home/airflow/.local/lib/python3.12/site-packages/airflow/example_dags/example_dataset_alias_with_no_taskflow.py
[2025-04-13T21:00:14.376+0000] {processor.py:914} INFO - Processing file /home/airflow/.local/lib/python3.12/site-packages/airflow/example_dags/example_dataset_alias_with_no_taskflow.py for tasks to queue
[2025-04-13T21:00:14.406+0000] {logging_mixin.py:190} INFO - [2025-04-13T21:00:14.395+0000] {dagbag.py:588} INFO - Filling up the DagBag from /home/airflow/.local/lib/python3.12/site-packages/airflow/example_dags/example_dataset_alias_with_no_taskflow.py
[2025-04-13T21:00:18.141+0000] {processor.py:925} INFO - DAG(s) 'dataset_alias_example_alias_consumer_with_no_taskflow', 'dataset_alias_example_alias_producer_with_no_taskflow', 'dataset_s3_bucket_consumer_with_no_taskflow', 'dataset_s3_bucket_producer_with_no_taskflow' retrieved from /home/airflow/.local/lib/python3.12/site-packages/airflow/example_dags/example_dataset_alias_with_no_taskflow.py
[2025-04-13T21:00:18.491+0000] {logging_mixin.py:190} INFO - [2025-04-13T21:00:18.490+0000] {dag.py:3239} INFO - Sync 4 DAGs
[2025-04-13T21:00:18.601+0000] {logging_mixin.py:190} INFO - [2025-04-13T21:00:18.601+0000] {dag.py:4180} INFO - Setting next_dagrun for dataset_alias_example_alias_consumer_with_no_taskflow to None, run_after=None
[2025-04-13T21:00:18.635+0000] {logging_mixin.py:190} INFO - [2025-04-13T21:00:18.634+0000] {dag.py:4180} INFO - Setting next_dagrun for dataset_alias_example_alias_producer_with_no_taskflow to None, run_after=None
[2025-04-13T21:00:18.674+0000] {logging_mixin.py:190} INFO - [2025-04-13T21:00:18.673+0000] {dag.py:4180} INFO - Setting next_dagrun for dataset_s3_bucket_consumer_with_no_taskflow to None, run_after=None
[2025-04-13T21:00:18.704+0000] {logging_mixin.py:190} INFO - [2025-04-13T21:00:18.702+0000] {dag.py:4180} INFO - Setting next_dagrun for dataset_s3_bucket_producer_with_no_taskflow to None, run_after=None
[2025-04-13T21:00:18.914+0000] {processor.py:208} INFO - Processing /home/airflow/.local/lib/python3.12/site-packages/airflow/example_dags/example_dataset_alias_with_no_taskflow.py took 4.578 seconds
[2025-04-13T21:00:49.824+0000] {processor.py:186} INFO - Started process (PID=1159) to work on /home/airflow/.local/lib/python3.12/site-packages/airflow/example_dags/example_dataset_alias_with_no_taskflow.py
[2025-04-13T21:00:49.828+0000] {processor.py:914} INFO - Processing file /home/airflow/.local/lib/python3.12/site-packages/airflow/example_dags/example_dataset_alias_with_no_taskflow.py for tasks to queue
[2025-04-13T21:00:49.836+0000] {logging_mixin.py:190} INFO - [2025-04-13T21:00:49.835+0000] {dagbag.py:588} INFO - Filling up the DagBag from /home/airflow/.local/lib/python3.12/site-packages/airflow/example_dags/example_dataset_alias_with_no_taskflow.py
[2025-04-13T21:00:52.645+0000] {processor.py:925} INFO - DAG(s) 'dataset_alias_example_alias_consumer_with_no_taskflow', 'dataset_s3_bucket_consumer_with_no_taskflow', 'dataset_s3_bucket_producer_with_no_taskflow', 'dataset_alias_example_alias_producer_with_no_taskflow' retrieved from /home/airflow/.local/lib/python3.12/site-packages/airflow/example_dags/example_dataset_alias_with_no_taskflow.py
[2025-04-13T21:00:52.802+0000] {logging_mixin.py:190} INFO - [2025-04-13T21:00:52.801+0000] {dag.py:3239} INFO - Sync 4 DAGs
[2025-04-13T21:00:52.895+0000] {logging_mixin.py:190} INFO - [2025-04-13T21:00:52.895+0000] {dag.py:4180} INFO - Setting next_dagrun for dataset_alias_example_alias_consumer_with_no_taskflow to None, run_after=None
[2025-04-13T21:00:52.903+0000] {logging_mixin.py:190} INFO - [2025-04-13T21:00:52.902+0000] {dag.py:4180} INFO - Setting next_dagrun for dataset_alias_example_alias_producer_with_no_taskflow to None, run_after=None
[2025-04-13T21:00:52.918+0000] {logging_mixin.py:190} INFO - [2025-04-13T21:00:52.916+0000] {dag.py:4180} INFO - Setting next_dagrun for dataset_s3_bucket_consumer_with_no_taskflow to None, run_after=None
[2025-04-13T21:00:52.929+0000] {logging_mixin.py:190} INFO - [2025-04-13T21:00:52.929+0000] {dag.py:4180} INFO - Setting next_dagrun for dataset_s3_bucket_producer_with_no_taskflow to None, run_after=None
[2025-04-13T21:00:53.026+0000] {processor.py:208} INFO - Processing /home/airflow/.local/lib/python3.12/site-packages/airflow/example_dags/example_dataset_alias_with_no_taskflow.py took 3.230 seconds
[2025-04-13T21:26:21.969+0000] {processor.py:186} INFO - Started process (PID=166) to work on /home/airflow/.local/lib/python3.12/site-packages/airflow/example_dags/example_dataset_alias_with_no_taskflow.py
[2025-04-13T21:26:21.992+0000] {processor.py:914} INFO - Processing file /home/airflow/.local/lib/python3.12/site-packages/airflow/example_dags/example_dataset_alias_with_no_taskflow.py for tasks to queue
[2025-04-13T21:26:22.262+0000] {logging_mixin.py:190} INFO - [2025-04-13T21:26:22.261+0000] {dagbag.py:588} INFO - Filling up the DagBag from /home/airflow/.local/lib/python3.12/site-packages/airflow/example_dags/example_dataset_alias_with_no_taskflow.py
[2025-04-13T21:26:52.671+0000] {logging_mixin.py:190} INFO - [2025-04-13T21:26:52.465+0000] {timeout.py:68} ERROR - Process timed out, PID: 166
[2025-04-13T21:26:53.545+0000] {logging_mixin.py:190} INFO - [2025-04-13T21:26:52.911+0000] {dagbag.py:387} ERROR - Failed to import: /home/airflow/.local/lib/python3.12/site-packages/airflow/example_dags/example_dataset_alias_with_no_taskflow.py
Traceback (most recent call last):
  File "/usr/local/lib/python3.12/pathlib.py", line 441, in __str__
    return self._str
           ^^^^^^^^^
AttributeError: 'PosixPath' object has no attribute '_str'

During handling of the above exception, another exception occurred:

Traceback (most recent call last):
  File "/usr/local/lib/python3.12/pathlib.py", line 555, in drive
    return self._drv
           ^^^^^^^^^
AttributeError: 'PosixPath' object has no attribute '_drv'

During handling of the above exception, another exception occurred:

Traceback (most recent call last):
  File "/home/airflow/.local/lib/python3.12/site-packages/airflow/models/dagbag.py", line 383, in parse
    loader.exec_module(new_module)
  File "<frozen importlib._bootstrap_external>", line 999, in exec_module
  File "<frozen importlib._bootstrap>", line 488, in _call_with_frames_removed
  File "/home/airflow/.local/lib/python3.12/site-packages/airflow/example_dags/example_dataset_alias_with_no_taskflow.py", line 55, in <module>
    outlets=[Dataset("s3://bucket/my-task-with-no-taskflow")],
             ^^^^^^^^^^^^^^^^^^^^^^^^^^^^^^^^^^^^^^^^^^^^^^^
  File "<attrs generated init airflow.datasets.Dataset>", line 3, in __init__
    _setattr('uri', __attr_converter_uri(uri))
                    ^^^^^^^^^^^^^^^^^^^^^^^^^
  File "/home/airflow/.local/lib/python3.12/site-packages/airflow/datasets/__init__.py", line 108, in _sanitize_uri
    if (normalizer := _get_uri_normalizer(normalized_scheme)) is not None:
                      ^^^^^^^^^^^^^^^^^^^^^^^^^^^^^^^^^^^^^^
  File "/home/airflow/.local/lib/python3.12/site-packages/airflow/datasets/__init__.py", line 58, in _get_uri_normalizer
    return ProvidersManager().dataset_uri_handlers.get(scheme)
           ^^^^^^^^^^^^^^^^^^^^^^^^^^^^^^^^^^^^^^^
  File "/home/airflow/.local/lib/python3.12/site-packages/airflow/providers_manager.py", line 1333, in dataset_uri_handlers
    self.initialize_providers_dataset_uri_resources()
  File "/home/airflow/.local/lib/python3.12/site-packages/airflow/providers_manager.py", line 384, in wrapped_function
    func(*args, **kwargs)
  File "/home/airflow/.local/lib/python3.12/site-packages/airflow/providers_manager.py", line 532, in initialize_providers_dataset_uri_resources
    self._discover_dataset_uri_resources()
  File "/home/airflow/.local/lib/python3.12/site-packages/airflow/providers_manager.py", line 914, in _discover_dataset_uri_resources
    _safe_register_resource(
  File "/home/airflow/.local/lib/python3.12/site-packages/airflow/providers_manager.py", line 902, in _safe_register_resource
    _correctness_check(provider_package_name, resource_path, provider)
  File "/home/airflow/.local/lib/python3.12/site-packages/airflow/providers_manager.py", line 327, in _correctness_check
    imported_class = import_string(class_name)
                     ^^^^^^^^^^^^^^^^^^^^^^^^^
  File "/home/airflow/.local/lib/python3.12/site-packages/airflow/utils/module_loading.py", line 39, in import_string
    module = import_module(module_path)
             ^^^^^^^^^^^^^^^^^^^^^^^^^^
  File "/usr/local/lib/python3.12/importlib/__init__.py", line 90, in import_module
    return _bootstrap._gcd_import(name[level:], package, level)
           ^^^^^^^^^^^^^^^^^^^^^^^^^^^^^^^^^^^^^^^^^^^^^^^^^^^^
  File "<frozen importlib._bootstrap>", line 1387, in _gcd_import
  File "<frozen importlib._bootstrap>", line 1360, in _find_and_load
  File "<frozen importlib._bootstrap>", line 1331, in _find_and_load_unlocked
  File "<frozen importlib._bootstrap>", line 935, in _load_unlocked
  File "<frozen importlib._bootstrap_external>", line 999, in exec_module
  File "<frozen importlib._bootstrap>", line 488, in _call_with_frames_removed
  File "/home/airflow/.local/lib/python3.12/site-packages/airflow/providers/google/assets/gcs.py", line 21, in <module>
    from airflow.providers.google.cloud.hooks.gcs import _parse_gcs_url
  File "/home/airflow/.local/lib/python3.12/site-packages/airflow/providers/google/cloud/hooks/gcs.py", line 41, in <module>
    from google.cloud import storage  # type: ignore[attr-defined]
    ^^^^^^^^^^^^^^^^^^^^^^^^^^^^^^^^
  File "/home/airflow/.local/lib/python3.12/site-packages/google/cloud/storage/__init__.py", line 35, in <module>
    from google.cloud.storage.batch import Batch
  File "/home/airflow/.local/lib/python3.12/site-packages/google/cloud/storage/batch.py", line 44, in <module>
    from google.cloud.storage._http import Connection
  File "/home/airflow/.local/lib/python3.12/site-packages/google/cloud/storage/_http.py", line 21, in <module>
    from google.cloud.storage._opentelemetry_tracing import create_trace_span
  File "/home/airflow/.local/lib/python3.12/site-packages/google/cloud/storage/_opentelemetry_tracing.py", line 37, in <module>
    from opentelemetry import trace
  File "/home/airflow/.local/lib/python3.12/site-packages/opentelemetry/trace/__init__.py", line 86, in <module>
    from opentelemetry import context as context_api
  File "/home/airflow/.local/lib/python3.12/site-packages/opentelemetry/context/__init__.py", line 69, in <module>
    _RUNTIME_CONTEXT = _load_runtime_context()
                       ^^^^^^^^^^^^^^^^^^^^^^^
  File "/home/airflow/.local/lib/python3.12/site-packages/opentelemetry/context/__init__.py", line 47, in _load_runtime_context
    entry_points(  # type: ignore
  File "/home/airflow/.local/lib/python3.12/site-packages/importlib_metadata/__init__.py", line 952, in entry_points
    return EntryPoints(eps).select(**params)
           ^^^^^^^^^^^^^^^^
  File "/home/airflow/.local/lib/python3.12/site-packages/importlib_metadata/__init__.py", line 950, in <genexpr>
    dist.entry_points for dist in _unique(distributions())
                                  ^^^^^^^^^^^^^^^^^^^^^^^^
  File "/home/airflow/.local/lib/python3.12/site-packages/importlib_metadata/_itertools.py", line 16, in unique_everseen
    k = key(element)
        ^^^^^^^^^^^^
  File "/home/airflow/.local/lib/python3.12/site-packages/importlib_metadata/_py39compat.py", line 18, in normalized_name
    return dist._normalized_name
           ^^^^^^^^^^^^^^^^^^^^^
  File "/home/airflow/.local/lib/python3.12/site-packages/importlib_metadata/__init__.py", line 871, in _normalized_name
    stem = os.path.basename(str(self._path))
                            ^^^^^^^^^^^^^^^
  File "/usr/local/lib/python3.12/pathlib.py", line 443, in __str__
    self._str = self._format_parsed_parts(self.drive, self.root,
                                          ^^^^^^^^^^
  File "/usr/local/lib/python3.12/pathlib.py", line 557, in drive
    self._load_parts()
  File "/usr/local/lib/python3.12/pathlib.py", line 414, in _load_parts
    path = self._flavour.join(*paths)
           ^^^^^^^^^^^^^^^^^^^^^^^^^^
  File "<frozen posixpath>", line 83, in join
  File "/home/airflow/.local/lib/python3.12/site-packages/airflow/utils/timeout.py", line 69, in handle_timeout
    raise AirflowTaskTimeout(self.error_message)
airflow.exceptions.AirflowTaskTimeout: DagBag import timeout for /home/airflow/.local/lib/python3.12/site-packages/airflow/example_dags/example_dataset_alias_with_no_taskflow.py after 30.0s.
Please take a look at these docs to improve your DAG import time:
* https://airflow.apache.org/docs/apache-airflow/2.10.5/best-practices.html#top-level-python-code
* https://airflow.apache.org/docs/apache-airflow/2.10.5/best-practices.html#reducing-dag-complexity, PID: 166
[2025-04-13T21:26:53.967+0000] {processor.py:927} WARNING - No viable dags retrieved from /home/airflow/.local/lib/python3.12/site-packages/airflow/example_dags/example_dataset_alias_with_no_taskflow.py
[2025-04-13T21:26:55.820+0000] {processor.py:208} INFO - Processing /home/airflow/.local/lib/python3.12/site-packages/airflow/example_dags/example_dataset_alias_with_no_taskflow.py took 34.022 seconds
[2025-04-13T21:31:31.562+0000] {processor.py:186} INFO - Started process (PID=276) to work on /home/airflow/.local/lib/python3.12/site-packages/airflow/example_dags/example_dataset_alias_with_no_taskflow.py
[2025-04-13T21:31:31.715+0000] {processor.py:914} INFO - Processing file /home/airflow/.local/lib/python3.12/site-packages/airflow/example_dags/example_dataset_alias_with_no_taskflow.py for tasks to queue
[2025-04-13T21:31:31.732+0000] {logging_mixin.py:190} INFO - [2025-04-13T21:31:31.727+0000] {dagbag.py:588} INFO - Filling up the DagBag from /home/airflow/.local/lib/python3.12/site-packages/airflow/example_dags/example_dataset_alias_with_no_taskflow.py
[2025-04-13T21:31:55.824+0000] {processor.py:925} INFO - DAG(s) 'dataset_alias_example_alias_producer_with_no_taskflow', 'dataset_s3_bucket_consumer_with_no_taskflow', 'dataset_s3_bucket_producer_with_no_taskflow', 'dataset_alias_example_alias_consumer_with_no_taskflow' retrieved from /home/airflow/.local/lib/python3.12/site-packages/airflow/example_dags/example_dataset_alias_with_no_taskflow.py
[2025-04-13T21:32:06.317+0000] {logging_mixin.py:190} INFO - [2025-04-13T21:32:06.224+0000] {dag.py:3239} INFO - Sync 4 DAGs
[2025-04-13T21:32:07.400+0000] {logging_mixin.py:190} INFO - [2025-04-13T21:32:07.399+0000] {dag.py:4180} INFO - Setting next_dagrun for dataset_alias_example_alias_consumer_with_no_taskflow to None, run_after=None
[2025-04-13T21:32:07.622+0000] {logging_mixin.py:190} INFO - [2025-04-13T21:32:07.619+0000] {dag.py:4180} INFO - Setting next_dagrun for dataset_alias_example_alias_producer_with_no_taskflow to None, run_after=None
[2025-04-13T21:32:07.670+0000] {logging_mixin.py:190} INFO - [2025-04-13T21:32:07.670+0000] {dag.py:4180} INFO - Setting next_dagrun for dataset_s3_bucket_consumer_with_no_taskflow to None, run_after=None
[2025-04-13T21:32:07.800+0000] {logging_mixin.py:190} INFO - [2025-04-13T21:32:07.799+0000] {dag.py:4180} INFO - Setting next_dagrun for dataset_s3_bucket_producer_with_no_taskflow to None, run_after=None
[2025-04-13T21:32:08.771+0000] {processor.py:208} INFO - Processing /home/airflow/.local/lib/python3.12/site-packages/airflow/example_dags/example_dataset_alias_with_no_taskflow.py took 39.284 seconds
[2025-04-13T21:35:31.108+0000] {processor.py:186} INFO - Started process (PID=363) to work on /home/airflow/.local/lib/python3.12/site-packages/airflow/example_dags/example_dataset_alias_with_no_taskflow.py
[2025-04-13T21:35:31.181+0000] {processor.py:914} INFO - Processing file /home/airflow/.local/lib/python3.12/site-packages/airflow/example_dags/example_dataset_alias_with_no_taskflow.py for tasks to queue
[2025-04-13T21:35:31.292+0000] {logging_mixin.py:190} INFO - [2025-04-13T21:35:31.292+0000] {dagbag.py:588} INFO - Filling up the DagBag from /home/airflow/.local/lib/python3.12/site-packages/airflow/example_dags/example_dataset_alias_with_no_taskflow.py
[2025-04-13T21:35:50.193+0000] {processor.py:925} INFO - DAG(s) 'dataset_s3_bucket_producer_with_no_taskflow', 'dataset_alias_example_alias_consumer_with_no_taskflow', 'dataset_alias_example_alias_producer_with_no_taskflow', 'dataset_s3_bucket_consumer_with_no_taskflow' retrieved from /home/airflow/.local/lib/python3.12/site-packages/airflow/example_dags/example_dataset_alias_with_no_taskflow.py
[2025-04-13T21:35:51.614+0000] {logging_mixin.py:190} INFO - [2025-04-13T21:35:51.602+0000] {dag.py:3239} INFO - Sync 4 DAGs
[2025-04-13T21:35:52.458+0000] {logging_mixin.py:190} INFO - [2025-04-13T21:35:52.457+0000] {dag.py:4180} INFO - Setting next_dagrun for dataset_alias_example_alias_consumer_with_no_taskflow to None, run_after=None
[2025-04-13T21:35:53.471+0000] {logging_mixin.py:190} INFO - [2025-04-13T21:35:53.469+0000] {dag.py:4180} INFO - Setting next_dagrun for dataset_alias_example_alias_producer_with_no_taskflow to None, run_after=None
[2025-04-13T21:35:53.694+0000] {logging_mixin.py:190} INFO - [2025-04-13T21:35:53.693+0000] {dag.py:4180} INFO - Setting next_dagrun for dataset_s3_bucket_consumer_with_no_taskflow to None, run_after=None
[2025-04-13T21:35:53.875+0000] {logging_mixin.py:190} INFO - [2025-04-13T21:35:53.874+0000] {dag.py:4180} INFO - Setting next_dagrun for dataset_s3_bucket_producer_with_no_taskflow to None, run_after=None
[2025-04-13T21:35:55.384+0000] {processor.py:208} INFO - Processing /home/airflow/.local/lib/python3.12/site-packages/airflow/example_dags/example_dataset_alias_with_no_taskflow.py took 24.566 seconds
[2025-04-13T21:51:19.612+0000] {processor.py:186} INFO - Started process (PID=145) to work on /home/airflow/.local/lib/python3.12/site-packages/airflow/example_dags/example_dataset_alias_with_no_taskflow.py
[2025-04-13T21:51:19.774+0000] {processor.py:914} INFO - Processing file /home/airflow/.local/lib/python3.12/site-packages/airflow/example_dags/example_dataset_alias_with_no_taskflow.py for tasks to queue
[2025-04-13T21:51:19.842+0000] {logging_mixin.py:190} INFO - [2025-04-13T21:51:19.841+0000] {dagbag.py:588} INFO - Filling up the DagBag from /home/airflow/.local/lib/python3.12/site-packages/airflow/example_dags/example_dataset_alias_with_no_taskflow.py
[2025-04-13T21:51:49.982+0000] {logging_mixin.py:190} INFO - [2025-04-13T21:51:49.981+0000] {timeout.py:68} ERROR - Process timed out, PID: 145
[2025-04-13T21:51:50.267+0000] {logging_mixin.py:190} INFO - [2025-04-13T21:51:50.039+0000] {dagbag.py:387} ERROR - Failed to import: /home/airflow/.local/lib/python3.12/site-packages/airflow/example_dags/example_dataset_alias_with_no_taskflow.py
Traceback (most recent call last):
  File "/home/airflow/.local/lib/python3.12/site-packages/airflow/models/dagbag.py", line 383, in parse
    loader.exec_module(new_module)
  File "<frozen importlib._bootstrap_external>", line 999, in exec_module
  File "<frozen importlib._bootstrap>", line 488, in _call_with_frames_removed
  File "/home/airflow/.local/lib/python3.12/site-packages/airflow/example_dags/example_dataset_alias_with_no_taskflow.py", line 55, in <module>
    outlets=[Dataset("s3://bucket/my-task-with-no-taskflow")],
             ^^^^^^^^^^^^^^^^^^^^^^^^^^^^^^^^^^^^^^^^^^^^^^^
  File "<attrs generated init airflow.datasets.Dataset>", line 3, in __init__
    _setattr('uri', __attr_converter_uri(uri))
                    ^^^^^^^^^^^^^^^^^^^^^^^^^
  File "/home/airflow/.local/lib/python3.12/site-packages/airflow/datasets/__init__.py", line 108, in _sanitize_uri
    if (normalizer := _get_uri_normalizer(normalized_scheme)) is not None:
                      ^^^^^^^^^^^^^^^^^^^^^^^^^^^^^^^^^^^^^^
  File "/home/airflow/.local/lib/python3.12/site-packages/airflow/datasets/__init__.py", line 58, in _get_uri_normalizer
    return ProvidersManager().dataset_uri_handlers.get(scheme)
           ^^^^^^^^^^^^^^^^^^^^^^^^^^^^^^^^^^^^^^^
  File "/home/airflow/.local/lib/python3.12/site-packages/airflow/providers_manager.py", line 1333, in dataset_uri_handlers
    self.initialize_providers_dataset_uri_resources()
  File "/home/airflow/.local/lib/python3.12/site-packages/airflow/providers_manager.py", line 384, in wrapped_function
    func(*args, **kwargs)
  File "/home/airflow/.local/lib/python3.12/site-packages/airflow/providers_manager.py", line 532, in initialize_providers_dataset_uri_resources
    self._discover_dataset_uri_resources()
  File "/home/airflow/.local/lib/python3.12/site-packages/airflow/providers_manager.py", line 914, in _discover_dataset_uri_resources
    _safe_register_resource(
  File "/home/airflow/.local/lib/python3.12/site-packages/airflow/providers_manager.py", line 902, in _safe_register_resource
    _correctness_check(provider_package_name, resource_path, provider)
  File "/home/airflow/.local/lib/python3.12/site-packages/airflow/providers_manager.py", line 327, in _correctness_check
    imported_class = import_string(class_name)
                     ^^^^^^^^^^^^^^^^^^^^^^^^^
  File "/home/airflow/.local/lib/python3.12/site-packages/airflow/utils/module_loading.py", line 39, in import_string
    module = import_module(module_path)
             ^^^^^^^^^^^^^^^^^^^^^^^^^^
  File "/usr/local/lib/python3.12/importlib/__init__.py", line 90, in import_module
    return _bootstrap._gcd_import(name[level:], package, level)
           ^^^^^^^^^^^^^^^^^^^^^^^^^^^^^^^^^^^^^^^^^^^^^^^^^^^^
  File "<frozen importlib._bootstrap>", line 1387, in _gcd_import
  File "<frozen importlib._bootstrap>", line 1360, in _find_and_load
  File "<frozen importlib._bootstrap>", line 1331, in _find_and_load_unlocked
  File "<frozen importlib._bootstrap>", line 935, in _load_unlocked
  File "<frozen importlib._bootstrap_external>", line 999, in exec_module
  File "<frozen importlib._bootstrap>", line 488, in _call_with_frames_removed
  File "/home/airflow/.local/lib/python3.12/site-packages/airflow/providers/google/assets/gcs.py", line 21, in <module>
    from airflow.providers.google.cloud.hooks.gcs import _parse_gcs_url
  File "/home/airflow/.local/lib/python3.12/site-packages/airflow/providers/google/cloud/hooks/gcs.py", line 50, in <module>
    from airflow.providers.google.common.hooks.base_google import (
  File "/home/airflow/.local/lib/python3.12/site-packages/airflow/providers/google/common/hooks/base_google.py", line 54, in <module>
    from airflow.providers.google.cloud.utils.credentials_provider import (
  File "/home/airflow/.local/lib/python3.12/site-packages/airflow/providers/google/cloud/utils/credentials_provider.py", line 37, in <module>
    from airflow.providers.google.cloud._internal_client.secret_manager_client import _SecretManagerClient
  File "/home/airflow/.local/lib/python3.12/site-packages/airflow/providers/google/cloud/_internal_client/secret_manager_client.py", line 24, in <module>
    from google.cloud.secretmanager_v1 import SecretManagerServiceClient
  File "/home/airflow/.local/lib/python3.12/site-packages/google/cloud/secretmanager_v1/__init__.py", line 21, in <module>
    from .services.secret_manager_service import (
  File "/home/airflow/.local/lib/python3.12/site-packages/google/cloud/secretmanager_v1/services/secret_manager_service/__init__.py", line 16, in <module>
    from .async_client import SecretManagerServiceAsyncClient
  File "/home/airflow/.local/lib/python3.12/site-packages/google/cloud/secretmanager_v1/services/secret_manager_service/async_client.py", line 56, in <module>
    from .client import SecretManagerServiceClient
  File "/home/airflow/.local/lib/python3.12/site-packages/google/cloud/secretmanager_v1/services/secret_manager_service/client.py", line 71, in <module>
    from .transports.base import DEFAULT_CLIENT_INFO, SecretManagerServiceTransport
  File "/home/airflow/.local/lib/python3.12/site-packages/google/cloud/secretmanager_v1/services/secret_manager_service/transports/__init__.py", line 22, in <module>
    from .rest import SecretManagerServiceRestInterceptor, SecretManagerServiceRestTransport
  File "/home/airflow/.local/lib/python3.12/site-packages/google/cloud/secretmanager_v1/services/secret_manager_service/transports/rest.py", line 600, in <module>
    class SecretManagerServiceRestTransport(_BaseSecretManagerServiceRestTransport):
  File "/home/airflow/.local/lib/python3.12/site-packages/google/cloud/secretmanager_v1/services/secret_manager_service/transports/rest.py", line 685, in SecretManagerServiceRestTransport
    class _AccessSecretVersion(
  File "/home/airflow/.local/lib/python3.12/site-packages/airflow/utils/timeout.py", line 69, in handle_timeout
    raise AirflowTaskTimeout(self.error_message)
airflow.exceptions.AirflowTaskTimeout: DagBag import timeout for /home/airflow/.local/lib/python3.12/site-packages/airflow/example_dags/example_dataset_alias_with_no_taskflow.py after 30.0s.
Please take a look at these docs to improve your DAG import time:
* https://airflow.apache.org/docs/apache-airflow/2.10.5/best-practices.html#top-level-python-code
* https://airflow.apache.org/docs/apache-airflow/2.10.5/best-practices.html#reducing-dag-complexity, PID: 145
[2025-04-13T21:51:50.581+0000] {processor.py:927} WARNING - No viable dags retrieved from /home/airflow/.local/lib/python3.12/site-packages/airflow/example_dags/example_dataset_alias_with_no_taskflow.py
[2025-04-13T21:51:51.942+0000] {processor.py:208} INFO - Processing /home/airflow/.local/lib/python3.12/site-packages/airflow/example_dags/example_dataset_alias_with_no_taskflow.py took 33.113 seconds
[2025-04-13T22:13:25.840+0000] {processor.py:186} INFO - Started process (PID=163) to work on /home/airflow/.local/lib/python3.12/site-packages/airflow/example_dags/example_dataset_alias_with_no_taskflow.py
[2025-04-13T22:13:25.853+0000] {processor.py:914} INFO - Processing file /home/airflow/.local/lib/python3.12/site-packages/airflow/example_dags/example_dataset_alias_with_no_taskflow.py for tasks to queue
[2025-04-13T22:13:26.030+0000] {logging_mixin.py:190} INFO - [2025-04-13T22:13:26.027+0000] {dagbag.py:588} INFO - Filling up the DagBag from /home/airflow/.local/lib/python3.12/site-packages/airflow/example_dags/example_dataset_alias_with_no_taskflow.py
[2025-04-13T22:31:21.112+0000] {processor.py:186} INFO - Started process (PID=98) to work on /home/airflow/.local/lib/python3.12/site-packages/airflow/example_dags/example_dataset_alias_with_no_taskflow.py
[2025-04-13T22:31:21.113+0000] {processor.py:914} INFO - Processing file /home/airflow/.local/lib/python3.12/site-packages/airflow/example_dags/example_dataset_alias_with_no_taskflow.py for tasks to queue
[2025-04-13T22:31:21.130+0000] {logging_mixin.py:190} INFO - [2025-04-13T22:31:21.130+0000] {dagbag.py:588} INFO - Filling up the DagBag from /home/airflow/.local/lib/python3.12/site-packages/airflow/example_dags/example_dataset_alias_with_no_taskflow.py
[2025-04-13T22:31:34.589+0000] {processor.py:925} INFO - DAG(s) 'dataset_s3_bucket_consumer_with_no_taskflow', 'dataset_s3_bucket_producer_with_no_taskflow', 'dataset_alias_example_alias_producer_with_no_taskflow', 'dataset_alias_example_alias_consumer_with_no_taskflow' retrieved from /home/airflow/.local/lib/python3.12/site-packages/airflow/example_dags/example_dataset_alias_with_no_taskflow.py
[2025-04-13T22:31:36.903+0000] {logging_mixin.py:190} INFO - [2025-04-13T22:31:36.901+0000] {dag.py:3239} INFO - Sync 4 DAGs
[2025-04-13T22:31:37.483+0000] {logging_mixin.py:190} INFO - [2025-04-13T22:31:37.483+0000] {dag.py:4180} INFO - Setting next_dagrun for dataset_alias_example_alias_consumer_with_no_taskflow to None, run_after=None
[2025-04-13T22:31:37.625+0000] {logging_mixin.py:190} INFO - [2025-04-13T22:31:37.584+0000] {dag.py:4180} INFO - Setting next_dagrun for dataset_alias_example_alias_producer_with_no_taskflow to None, run_after=None
[2025-04-13T22:31:37.632+0000] {logging_mixin.py:190} INFO - [2025-04-13T22:31:37.632+0000] {dag.py:4180} INFO - Setting next_dagrun for dataset_s3_bucket_consumer_with_no_taskflow to None, run_after=None
[2025-04-13T22:31:37.659+0000] {logging_mixin.py:190} INFO - [2025-04-13T22:31:37.641+0000] {dag.py:4180} INFO - Setting next_dagrun for dataset_s3_bucket_producer_with_no_taskflow to None, run_after=None
[2025-04-13T22:31:37.949+0000] {processor.py:208} INFO - Processing /home/airflow/.local/lib/python3.12/site-packages/airflow/example_dags/example_dataset_alias_with_no_taskflow.py took 16.853 seconds
[2025-04-13T22:32:27.550+0000] {processor.py:186} INFO - Started process (PID=167) to work on /home/airflow/.local/lib/python3.12/site-packages/airflow/example_dags/example_dataset_alias_with_no_taskflow.py
[2025-04-13T22:32:27.583+0000] {processor.py:914} INFO - Processing file /home/airflow/.local/lib/python3.12/site-packages/airflow/example_dags/example_dataset_alias_with_no_taskflow.py for tasks to queue
[2025-04-13T22:32:27.636+0000] {logging_mixin.py:190} INFO - [2025-04-13T22:32:27.634+0000] {dagbag.py:588} INFO - Filling up the DagBag from /home/airflow/.local/lib/python3.12/site-packages/airflow/example_dags/example_dataset_alias_with_no_taskflow.py
[2025-04-13T22:32:31.998+0000] {processor.py:925} INFO - DAG(s) 'dataset_alias_example_alias_consumer_with_no_taskflow', 'dataset_s3_bucket_producer_with_no_taskflow', 'dataset_s3_bucket_consumer_with_no_taskflow', 'dataset_alias_example_alias_producer_with_no_taskflow' retrieved from /home/airflow/.local/lib/python3.12/site-packages/airflow/example_dags/example_dataset_alias_with_no_taskflow.py
[2025-04-13T22:32:32.096+0000] {logging_mixin.py:190} INFO - [2025-04-13T22:32:32.095+0000] {dag.py:3239} INFO - Sync 4 DAGs
[2025-04-13T22:32:32.260+0000] {logging_mixin.py:190} INFO - [2025-04-13T22:32:32.259+0000] {dag.py:4180} INFO - Setting next_dagrun for dataset_alias_example_alias_consumer_with_no_taskflow to None, run_after=None
[2025-04-13T22:32:32.274+0000] {logging_mixin.py:190} INFO - [2025-04-13T22:32:32.274+0000] {dag.py:4180} INFO - Setting next_dagrun for dataset_alias_example_alias_producer_with_no_taskflow to None, run_after=None
[2025-04-13T22:32:32.293+0000] {logging_mixin.py:190} INFO - [2025-04-13T22:32:32.292+0000] {dag.py:4180} INFO - Setting next_dagrun for dataset_s3_bucket_consumer_with_no_taskflow to None, run_after=None
[2025-04-13T22:32:32.310+0000] {logging_mixin.py:190} INFO - [2025-04-13T22:32:32.309+0000] {dag.py:4180} INFO - Setting next_dagrun for dataset_s3_bucket_producer_with_no_taskflow to None, run_after=None
[2025-04-13T22:32:32.497+0000] {processor.py:208} INFO - Processing /home/airflow/.local/lib/python3.12/site-packages/airflow/example_dags/example_dataset_alias_with_no_taskflow.py took 4.951 seconds
[2025-04-13T22:33:04.660+0000] {processor.py:186} INFO - Started process (PID=239) to work on /home/airflow/.local/lib/python3.12/site-packages/airflow/example_dags/example_dataset_alias_with_no_taskflow.py
[2025-04-13T22:33:04.689+0000] {processor.py:914} INFO - Processing file /home/airflow/.local/lib/python3.12/site-packages/airflow/example_dags/example_dataset_alias_with_no_taskflow.py for tasks to queue
[2025-04-13T22:33:04.720+0000] {logging_mixin.py:190} INFO - [2025-04-13T22:33:04.720+0000] {dagbag.py:588} INFO - Filling up the DagBag from /home/airflow/.local/lib/python3.12/site-packages/airflow/example_dags/example_dataset_alias_with_no_taskflow.py
[2025-04-13T22:33:08.277+0000] {processor.py:925} INFO - DAG(s) 'dataset_alias_example_alias_producer_with_no_taskflow', 'dataset_s3_bucket_producer_with_no_taskflow', 'dataset_alias_example_alias_consumer_with_no_taskflow', 'dataset_s3_bucket_consumer_with_no_taskflow' retrieved from /home/airflow/.local/lib/python3.12/site-packages/airflow/example_dags/example_dataset_alias_with_no_taskflow.py
[2025-04-13T22:33:08.419+0000] {logging_mixin.py:190} INFO - [2025-04-13T22:33:08.414+0000] {dag.py:3239} INFO - Sync 4 DAGs
[2025-04-13T22:33:08.564+0000] {logging_mixin.py:190} INFO - [2025-04-13T22:33:08.563+0000] {dag.py:4180} INFO - Setting next_dagrun for dataset_alias_example_alias_consumer_with_no_taskflow to None, run_after=None
[2025-04-13T22:33:08.592+0000] {logging_mixin.py:190} INFO - [2025-04-13T22:33:08.592+0000] {dag.py:4180} INFO - Setting next_dagrun for dataset_alias_example_alias_producer_with_no_taskflow to None, run_after=None
[2025-04-13T22:33:08.598+0000] {logging_mixin.py:190} INFO - [2025-04-13T22:33:08.598+0000] {dag.py:4180} INFO - Setting next_dagrun for dataset_s3_bucket_consumer_with_no_taskflow to None, run_after=None
[2025-04-13T22:33:08.613+0000] {logging_mixin.py:190} INFO - [2025-04-13T22:33:08.613+0000] {dag.py:4180} INFO - Setting next_dagrun for dataset_s3_bucket_producer_with_no_taskflow to None, run_after=None
[2025-04-13T22:33:08.771+0000] {processor.py:208} INFO - Processing /home/airflow/.local/lib/python3.12/site-packages/airflow/example_dags/example_dataset_alias_with_no_taskflow.py took 4.206 seconds
[2025-04-13T22:33:40.102+0000] {processor.py:186} INFO - Started process (PID=307) to work on /home/airflow/.local/lib/python3.12/site-packages/airflow/example_dags/example_dataset_alias_with_no_taskflow.py
[2025-04-13T22:33:40.127+0000] {processor.py:914} INFO - Processing file /home/airflow/.local/lib/python3.12/site-packages/airflow/example_dags/example_dataset_alias_with_no_taskflow.py for tasks to queue
[2025-04-13T22:33:40.161+0000] {logging_mixin.py:190} INFO - [2025-04-13T22:33:40.160+0000] {dagbag.py:588} INFO - Filling up the DagBag from /home/airflow/.local/lib/python3.12/site-packages/airflow/example_dags/example_dataset_alias_with_no_taskflow.py
[2025-04-13T22:33:42.561+0000] {processor.py:925} INFO - DAG(s) 'dataset_alias_example_alias_consumer_with_no_taskflow', 'dataset_s3_bucket_producer_with_no_taskflow', 'dataset_alias_example_alias_producer_with_no_taskflow', 'dataset_s3_bucket_consumer_with_no_taskflow' retrieved from /home/airflow/.local/lib/python3.12/site-packages/airflow/example_dags/example_dataset_alias_with_no_taskflow.py
[2025-04-13T22:33:42.642+0000] {logging_mixin.py:190} INFO - [2025-04-13T22:33:42.639+0000] {dag.py:3239} INFO - Sync 4 DAGs
[2025-04-13T22:33:42.774+0000] {logging_mixin.py:190} INFO - [2025-04-13T22:33:42.773+0000] {dag.py:4180} INFO - Setting next_dagrun for dataset_alias_example_alias_consumer_with_no_taskflow to None, run_after=None
[2025-04-13T22:33:42.791+0000] {logging_mixin.py:190} INFO - [2025-04-13T22:33:42.787+0000] {dag.py:4180} INFO - Setting next_dagrun for dataset_alias_example_alias_producer_with_no_taskflow to None, run_after=None
[2025-04-13T22:33:42.826+0000] {logging_mixin.py:190} INFO - [2025-04-13T22:33:42.826+0000] {dag.py:4180} INFO - Setting next_dagrun for dataset_s3_bucket_consumer_with_no_taskflow to None, run_after=None
[2025-04-13T22:33:42.845+0000] {logging_mixin.py:190} INFO - [2025-04-13T22:33:42.844+0000] {dag.py:4180} INFO - Setting next_dagrun for dataset_s3_bucket_producer_with_no_taskflow to None, run_after=None
[2025-04-13T22:33:42.976+0000] {processor.py:208} INFO - Processing /home/airflow/.local/lib/python3.12/site-packages/airflow/example_dags/example_dataset_alias_with_no_taskflow.py took 2.905 seconds
[2025-04-13T22:34:13.725+0000] {processor.py:186} INFO - Started process (PID=374) to work on /home/airflow/.local/lib/python3.12/site-packages/airflow/example_dags/example_dataset_alias_with_no_taskflow.py
[2025-04-13T22:34:13.735+0000] {processor.py:914} INFO - Processing file /home/airflow/.local/lib/python3.12/site-packages/airflow/example_dags/example_dataset_alias_with_no_taskflow.py for tasks to queue
[2025-04-13T22:34:13.752+0000] {logging_mixin.py:190} INFO - [2025-04-13T22:34:13.752+0000] {dagbag.py:588} INFO - Filling up the DagBag from /home/airflow/.local/lib/python3.12/site-packages/airflow/example_dags/example_dataset_alias_with_no_taskflow.py
[2025-04-13T22:34:20.256+0000] {processor.py:925} INFO - DAG(s) 'dataset_alias_example_alias_producer_with_no_taskflow', 'dataset_s3_bucket_producer_with_no_taskflow', 'dataset_s3_bucket_consumer_with_no_taskflow', 'dataset_alias_example_alias_consumer_with_no_taskflow' retrieved from /home/airflow/.local/lib/python3.12/site-packages/airflow/example_dags/example_dataset_alias_with_no_taskflow.py
[2025-04-13T22:34:20.364+0000] {logging_mixin.py:190} INFO - [2025-04-13T22:34:20.363+0000] {dag.py:3239} INFO - Sync 4 DAGs
[2025-04-13T22:34:20.626+0000] {logging_mixin.py:190} INFO - [2025-04-13T22:34:20.626+0000] {dag.py:4180} INFO - Setting next_dagrun for dataset_alias_example_alias_consumer_with_no_taskflow to None, run_after=None
[2025-04-13T22:34:20.633+0000] {logging_mixin.py:190} INFO - [2025-04-13T22:34:20.632+0000] {dag.py:4180} INFO - Setting next_dagrun for dataset_alias_example_alias_producer_with_no_taskflow to None, run_after=None
[2025-04-13T22:34:20.685+0000] {logging_mixin.py:190} INFO - [2025-04-13T22:34:20.684+0000] {dag.py:4180} INFO - Setting next_dagrun for dataset_s3_bucket_consumer_with_no_taskflow to None, run_after=None
[2025-04-13T22:34:20.690+0000] {logging_mixin.py:190} INFO - [2025-04-13T22:34:20.689+0000] {dag.py:4180} INFO - Setting next_dagrun for dataset_s3_bucket_producer_with_no_taskflow to None, run_after=None
[2025-04-13T22:34:20.984+0000] {processor.py:208} INFO - Processing /home/airflow/.local/lib/python3.12/site-packages/airflow/example_dags/example_dataset_alias_with_no_taskflow.py took 7.286 seconds
[2025-04-13T22:34:52.912+0000] {processor.py:186} INFO - Started process (PID=439) to work on /home/airflow/.local/lib/python3.12/site-packages/airflow/example_dags/example_dataset_alias_with_no_taskflow.py
[2025-04-13T22:34:52.921+0000] {processor.py:914} INFO - Processing file /home/airflow/.local/lib/python3.12/site-packages/airflow/example_dags/example_dataset_alias_with_no_taskflow.py for tasks to queue
[2025-04-13T22:34:52.959+0000] {logging_mixin.py:190} INFO - [2025-04-13T22:34:52.946+0000] {dagbag.py:588} INFO - Filling up the DagBag from /home/airflow/.local/lib/python3.12/site-packages/airflow/example_dags/example_dataset_alias_with_no_taskflow.py
[2025-04-13T22:34:58.415+0000] {processor.py:925} INFO - DAG(s) 'dataset_alias_example_alias_producer_with_no_taskflow', 'dataset_alias_example_alias_consumer_with_no_taskflow', 'dataset_s3_bucket_consumer_with_no_taskflow', 'dataset_s3_bucket_producer_with_no_taskflow' retrieved from /home/airflow/.local/lib/python3.12/site-packages/airflow/example_dags/example_dataset_alias_with_no_taskflow.py
[2025-04-13T22:34:58.836+0000] {logging_mixin.py:190} INFO - [2025-04-13T22:34:58.834+0000] {dag.py:3239} INFO - Sync 4 DAGs
[2025-04-13T22:34:59.019+0000] {logging_mixin.py:190} INFO - [2025-04-13T22:34:59.018+0000] {dag.py:4180} INFO - Setting next_dagrun for dataset_alias_example_alias_consumer_with_no_taskflow to None, run_after=None
[2025-04-13T22:34:59.063+0000] {logging_mixin.py:190} INFO - [2025-04-13T22:34:59.063+0000] {dag.py:4180} INFO - Setting next_dagrun for dataset_alias_example_alias_producer_with_no_taskflow to None, run_after=None
[2025-04-13T22:34:59.079+0000] {logging_mixin.py:190} INFO - [2025-04-13T22:34:59.078+0000] {dag.py:4180} INFO - Setting next_dagrun for dataset_s3_bucket_consumer_with_no_taskflow to None, run_after=None
[2025-04-13T22:34:59.136+0000] {logging_mixin.py:190} INFO - [2025-04-13T22:34:59.128+0000] {dag.py:4180} INFO - Setting next_dagrun for dataset_s3_bucket_producer_with_no_taskflow to None, run_after=None
[2025-04-13T22:34:59.369+0000] {processor.py:208} INFO - Processing /home/airflow/.local/lib/python3.12/site-packages/airflow/example_dags/example_dataset_alias_with_no_taskflow.py took 6.615 seconds
[2025-04-13T22:35:36.564+0000] {processor.py:186} INFO - Started process (PID=510) to work on /home/airflow/.local/lib/python3.12/site-packages/airflow/example_dags/example_dataset_alias_with_no_taskflow.py
[2025-04-13T22:35:36.581+0000] {processor.py:914} INFO - Processing file /home/airflow/.local/lib/python3.12/site-packages/airflow/example_dags/example_dataset_alias_with_no_taskflow.py for tasks to queue
[2025-04-13T22:35:36.649+0000] {logging_mixin.py:190} INFO - [2025-04-13T22:35:36.642+0000] {dagbag.py:588} INFO - Filling up the DagBag from /home/airflow/.local/lib/python3.12/site-packages/airflow/example_dags/example_dataset_alias_with_no_taskflow.py
[2025-04-13T22:35:41.674+0000] {processor.py:925} INFO - DAG(s) 'dataset_s3_bucket_producer_with_no_taskflow', 'dataset_s3_bucket_consumer_with_no_taskflow', 'dataset_alias_example_alias_consumer_with_no_taskflow', 'dataset_alias_example_alias_producer_with_no_taskflow' retrieved from /home/airflow/.local/lib/python3.12/site-packages/airflow/example_dags/example_dataset_alias_with_no_taskflow.py
[2025-04-13T22:35:41.996+0000] {logging_mixin.py:190} INFO - [2025-04-13T22:35:41.971+0000] {dag.py:3239} INFO - Sync 4 DAGs
[2025-04-13T22:35:42.264+0000] {logging_mixin.py:190} INFO - [2025-04-13T22:35:42.263+0000] {dag.py:4180} INFO - Setting next_dagrun for dataset_alias_example_alias_consumer_with_no_taskflow to None, run_after=None
[2025-04-13T22:35:42.343+0000] {logging_mixin.py:190} INFO - [2025-04-13T22:35:42.342+0000] {dag.py:4180} INFO - Setting next_dagrun for dataset_alias_example_alias_producer_with_no_taskflow to None, run_after=None
[2025-04-13T22:35:42.380+0000] {logging_mixin.py:190} INFO - [2025-04-13T22:35:42.380+0000] {dag.py:4180} INFO - Setting next_dagrun for dataset_s3_bucket_consumer_with_no_taskflow to None, run_after=None
[2025-04-13T22:35:42.394+0000] {logging_mixin.py:190} INFO - [2025-04-13T22:35:42.392+0000] {dag.py:4180} INFO - Setting next_dagrun for dataset_s3_bucket_producer_with_no_taskflow to None, run_after=None
[2025-04-13T22:35:42.497+0000] {processor.py:208} INFO - Processing /home/airflow/.local/lib/python3.12/site-packages/airflow/example_dags/example_dataset_alias_with_no_taskflow.py took 6.005 seconds
[2025-04-13T22:36:17.405+0000] {processor.py:186} INFO - Started process (PID=577) to work on /home/airflow/.local/lib/python3.12/site-packages/airflow/example_dags/example_dataset_alias_with_no_taskflow.py
[2025-04-13T22:36:17.422+0000] {processor.py:914} INFO - Processing file /home/airflow/.local/lib/python3.12/site-packages/airflow/example_dags/example_dataset_alias_with_no_taskflow.py for tasks to queue
[2025-04-13T22:36:17.461+0000] {logging_mixin.py:190} INFO - [2025-04-13T22:36:17.460+0000] {dagbag.py:588} INFO - Filling up the DagBag from /home/airflow/.local/lib/python3.12/site-packages/airflow/example_dags/example_dataset_alias_with_no_taskflow.py
[2025-04-13T22:36:22.391+0000] {processor.py:925} INFO - DAG(s) 'dataset_alias_example_alias_consumer_with_no_taskflow', 'dataset_s3_bucket_producer_with_no_taskflow', 'dataset_s3_bucket_consumer_with_no_taskflow', 'dataset_alias_example_alias_producer_with_no_taskflow' retrieved from /home/airflow/.local/lib/python3.12/site-packages/airflow/example_dags/example_dataset_alias_with_no_taskflow.py
[2025-04-13T22:36:22.636+0000] {logging_mixin.py:190} INFO - [2025-04-13T22:36:22.624+0000] {dag.py:3239} INFO - Sync 4 DAGs
[2025-04-13T22:36:22.769+0000] {logging_mixin.py:190} INFO - [2025-04-13T22:36:22.768+0000] {dag.py:4180} INFO - Setting next_dagrun for dataset_alias_example_alias_consumer_with_no_taskflow to None, run_after=None
[2025-04-13T22:36:22.783+0000] {logging_mixin.py:190} INFO - [2025-04-13T22:36:22.782+0000] {dag.py:4180} INFO - Setting next_dagrun for dataset_alias_example_alias_producer_with_no_taskflow to None, run_after=None
[2025-04-13T22:36:22.799+0000] {logging_mixin.py:190} INFO - [2025-04-13T22:36:22.795+0000] {dag.py:4180} INFO - Setting next_dagrun for dataset_s3_bucket_consumer_with_no_taskflow to None, run_after=None
[2025-04-13T22:36:22.809+0000] {logging_mixin.py:190} INFO - [2025-04-13T22:36:22.804+0000] {dag.py:4180} INFO - Setting next_dagrun for dataset_s3_bucket_producer_with_no_taskflow to None, run_after=None
[2025-04-13T22:36:23.006+0000] {processor.py:208} INFO - Processing /home/airflow/.local/lib/python3.12/site-packages/airflow/example_dags/example_dataset_alias_with_no_taskflow.py took 5.762 seconds
[2025-04-13T22:36:55.761+0000] {processor.py:186} INFO - Started process (PID=643) to work on /home/airflow/.local/lib/python3.12/site-packages/airflow/example_dags/example_dataset_alias_with_no_taskflow.py
[2025-04-13T22:36:55.791+0000] {processor.py:914} INFO - Processing file /home/airflow/.local/lib/python3.12/site-packages/airflow/example_dags/example_dataset_alias_with_no_taskflow.py for tasks to queue
[2025-04-13T22:36:55.806+0000] {logging_mixin.py:190} INFO - [2025-04-13T22:36:55.803+0000] {dagbag.py:588} INFO - Filling up the DagBag from /home/airflow/.local/lib/python3.12/site-packages/airflow/example_dags/example_dataset_alias_with_no_taskflow.py
[2025-04-13T22:37:02.285+0000] {processor.py:925} INFO - DAG(s) 'dataset_s3_bucket_producer_with_no_taskflow', 'dataset_alias_example_alias_consumer_with_no_taskflow', 'dataset_s3_bucket_consumer_with_no_taskflow', 'dataset_alias_example_alias_producer_with_no_taskflow' retrieved from /home/airflow/.local/lib/python3.12/site-packages/airflow/example_dags/example_dataset_alias_with_no_taskflow.py
[2025-04-13T22:37:02.870+0000] {logging_mixin.py:190} INFO - [2025-04-13T22:37:02.743+0000] {dag.py:3239} INFO - Sync 4 DAGs
[2025-04-13T22:37:03.200+0000] {logging_mixin.py:190} INFO - [2025-04-13T22:37:03.199+0000] {dag.py:4180} INFO - Setting next_dagrun for dataset_alias_example_alias_consumer_with_no_taskflow to None, run_after=None
[2025-04-13T22:37:03.219+0000] {logging_mixin.py:190} INFO - [2025-04-13T22:37:03.219+0000] {dag.py:4180} INFO - Setting next_dagrun for dataset_alias_example_alias_producer_with_no_taskflow to None, run_after=None
[2025-04-13T22:37:03.231+0000] {logging_mixin.py:190} INFO - [2025-04-13T22:37:03.231+0000] {dag.py:4180} INFO - Setting next_dagrun for dataset_s3_bucket_consumer_with_no_taskflow to None, run_after=None
[2025-04-13T22:37:03.242+0000] {logging_mixin.py:190} INFO - [2025-04-13T22:37:03.242+0000] {dag.py:4180} INFO - Setting next_dagrun for dataset_s3_bucket_producer_with_no_taskflow to None, run_after=None
[2025-04-13T22:37:03.632+0000] {processor.py:208} INFO - Processing /home/airflow/.local/lib/python3.12/site-packages/airflow/example_dags/example_dataset_alias_with_no_taskflow.py took 7.913 seconds
[2025-04-13T22:37:55.007+0000] {processor.py:186} INFO - Started process (PID=723) to work on /home/airflow/.local/lib/python3.12/site-packages/airflow/example_dags/example_dataset_alias_with_no_taskflow.py
[2025-04-13T22:37:55.023+0000] {processor.py:914} INFO - Processing file /home/airflow/.local/lib/python3.12/site-packages/airflow/example_dags/example_dataset_alias_with_no_taskflow.py for tasks to queue
[2025-04-13T22:37:55.033+0000] {logging_mixin.py:190} INFO - [2025-04-13T22:37:55.033+0000] {dagbag.py:588} INFO - Filling up the DagBag from /home/airflow/.local/lib/python3.12/site-packages/airflow/example_dags/example_dataset_alias_with_no_taskflow.py
[2025-04-13T22:37:58.240+0000] {processor.py:925} INFO - DAG(s) 'dataset_s3_bucket_producer_with_no_taskflow', 'dataset_s3_bucket_consumer_with_no_taskflow', 'dataset_alias_example_alias_producer_with_no_taskflow', 'dataset_alias_example_alias_consumer_with_no_taskflow' retrieved from /home/airflow/.local/lib/python3.12/site-packages/airflow/example_dags/example_dataset_alias_with_no_taskflow.py
[2025-04-13T22:37:58.357+0000] {logging_mixin.py:190} INFO - [2025-04-13T22:37:58.356+0000] {dag.py:3239} INFO - Sync 4 DAGs
[2025-04-13T22:37:58.458+0000] {logging_mixin.py:190} INFO - [2025-04-13T22:37:58.457+0000] {dag.py:4180} INFO - Setting next_dagrun for dataset_alias_example_alias_consumer_with_no_taskflow to None, run_after=None
[2025-04-13T22:37:58.489+0000] {logging_mixin.py:190} INFO - [2025-04-13T22:37:58.488+0000] {dag.py:4180} INFO - Setting next_dagrun for dataset_alias_example_alias_producer_with_no_taskflow to None, run_after=None
[2025-04-13T22:37:58.494+0000] {logging_mixin.py:190} INFO - [2025-04-13T22:37:58.494+0000] {dag.py:4180} INFO - Setting next_dagrun for dataset_s3_bucket_consumer_with_no_taskflow to None, run_after=None
[2025-04-13T22:37:58.519+0000] {logging_mixin.py:190} INFO - [2025-04-13T22:37:58.519+0000] {dag.py:4180} INFO - Setting next_dagrun for dataset_s3_bucket_producer_with_no_taskflow to None, run_after=None
[2025-04-13T22:37:58.724+0000] {processor.py:208} INFO - Processing /home/airflow/.local/lib/python3.12/site-packages/airflow/example_dags/example_dataset_alias_with_no_taskflow.py took 3.742 seconds
[2025-04-13T22:38:35.664+0000] {processor.py:186} INFO - Started process (PID=793) to work on /home/airflow/.local/lib/python3.12/site-packages/airflow/example_dags/example_dataset_alias_with_no_taskflow.py
[2025-04-13T22:38:35.666+0000] {processor.py:914} INFO - Processing file /home/airflow/.local/lib/python3.12/site-packages/airflow/example_dags/example_dataset_alias_with_no_taskflow.py for tasks to queue
[2025-04-13T22:38:35.676+0000] {logging_mixin.py:190} INFO - [2025-04-13T22:38:35.675+0000] {dagbag.py:588} INFO - Filling up the DagBag from /home/airflow/.local/lib/python3.12/site-packages/airflow/example_dags/example_dataset_alias_with_no_taskflow.py
[2025-04-13T22:38:38.810+0000] {processor.py:925} INFO - DAG(s) 'dataset_alias_example_alias_consumer_with_no_taskflow', 'dataset_s3_bucket_producer_with_no_taskflow', 'dataset_s3_bucket_consumer_with_no_taskflow', 'dataset_alias_example_alias_producer_with_no_taskflow' retrieved from /home/airflow/.local/lib/python3.12/site-packages/airflow/example_dags/example_dataset_alias_with_no_taskflow.py
[2025-04-13T22:38:38.922+0000] {logging_mixin.py:190} INFO - [2025-04-13T22:38:38.921+0000] {dag.py:3239} INFO - Sync 4 DAGs
[2025-04-13T22:38:39.101+0000] {logging_mixin.py:190} INFO - [2025-04-13T22:38:39.097+0000] {dag.py:4180} INFO - Setting next_dagrun for dataset_alias_example_alias_consumer_with_no_taskflow to None, run_after=None
[2025-04-13T22:38:39.128+0000] {logging_mixin.py:190} INFO - [2025-04-13T22:38:39.124+0000] {dag.py:4180} INFO - Setting next_dagrun for dataset_alias_example_alias_producer_with_no_taskflow to None, run_after=None
[2025-04-13T22:38:39.143+0000] {logging_mixin.py:190} INFO - [2025-04-13T22:38:39.142+0000] {dag.py:4180} INFO - Setting next_dagrun for dataset_s3_bucket_consumer_with_no_taskflow to None, run_after=None
[2025-04-13T22:38:39.157+0000] {logging_mixin.py:190} INFO - [2025-04-13T22:38:39.156+0000] {dag.py:4180} INFO - Setting next_dagrun for dataset_s3_bucket_producer_with_no_taskflow to None, run_after=None
[2025-04-13T22:38:39.378+0000] {processor.py:208} INFO - Processing /home/airflow/.local/lib/python3.12/site-packages/airflow/example_dags/example_dataset_alias_with_no_taskflow.py took 3.755 seconds
[2025-04-13T22:39:15.280+0000] {processor.py:186} INFO - Started process (PID=859) to work on /home/airflow/.local/lib/python3.12/site-packages/airflow/example_dags/example_dataset_alias_with_no_taskflow.py
[2025-04-13T22:39:15.292+0000] {processor.py:914} INFO - Processing file /home/airflow/.local/lib/python3.12/site-packages/airflow/example_dags/example_dataset_alias_with_no_taskflow.py for tasks to queue
[2025-04-13T22:39:15.298+0000] {logging_mixin.py:190} INFO - [2025-04-13T22:39:15.297+0000] {dagbag.py:588} INFO - Filling up the DagBag from /home/airflow/.local/lib/python3.12/site-packages/airflow/example_dags/example_dataset_alias_with_no_taskflow.py
[2025-04-13T22:39:18.041+0000] {processor.py:925} INFO - DAG(s) 'dataset_alias_example_alias_consumer_with_no_taskflow', 'dataset_s3_bucket_consumer_with_no_taskflow', 'dataset_alias_example_alias_producer_with_no_taskflow', 'dataset_s3_bucket_producer_with_no_taskflow' retrieved from /home/airflow/.local/lib/python3.12/site-packages/airflow/example_dags/example_dataset_alias_with_no_taskflow.py
[2025-04-13T22:39:18.228+0000] {logging_mixin.py:190} INFO - [2025-04-13T22:39:18.226+0000] {dag.py:3239} INFO - Sync 4 DAGs
[2025-04-13T22:39:18.347+0000] {logging_mixin.py:190} INFO - [2025-04-13T22:39:18.347+0000] {dag.py:4180} INFO - Setting next_dagrun for dataset_alias_example_alias_consumer_with_no_taskflow to None, run_after=None
[2025-04-13T22:39:18.356+0000] {logging_mixin.py:190} INFO - [2025-04-13T22:39:18.355+0000] {dag.py:4180} INFO - Setting next_dagrun for dataset_alias_example_alias_producer_with_no_taskflow to None, run_after=None
[2025-04-13T22:39:18.396+0000] {logging_mixin.py:190} INFO - [2025-04-13T22:39:18.389+0000] {dag.py:4180} INFO - Setting next_dagrun for dataset_s3_bucket_consumer_with_no_taskflow to None, run_after=None
[2025-04-13T22:39:18.406+0000] {logging_mixin.py:190} INFO - [2025-04-13T22:39:18.405+0000] {dag.py:4180} INFO - Setting next_dagrun for dataset_s3_bucket_producer_with_no_taskflow to None, run_after=None
[2025-04-13T22:39:18.581+0000] {processor.py:208} INFO - Processing /home/airflow/.local/lib/python3.12/site-packages/airflow/example_dags/example_dataset_alias_with_no_taskflow.py took 3.316 seconds
[2025-04-13T22:40:20.560+0000] {processor.py:186} INFO - Started process (PID=924) to work on /home/airflow/.local/lib/python3.12/site-packages/airflow/example_dags/example_dataset_alias_with_no_taskflow.py
[2025-04-13T22:40:20.616+0000] {processor.py:914} INFO - Processing file /home/airflow/.local/lib/python3.12/site-packages/airflow/example_dags/example_dataset_alias_with_no_taskflow.py for tasks to queue
[2025-04-13T22:40:20.644+0000] {logging_mixin.py:190} INFO - [2025-04-13T22:40:20.640+0000] {dagbag.py:588} INFO - Filling up the DagBag from /home/airflow/.local/lib/python3.12/site-packages/airflow/example_dags/example_dataset_alias_with_no_taskflow.py
[2025-04-13T22:40:31.391+0000] {processor.py:925} INFO - DAG(s) 'dataset_alias_example_alias_producer_with_no_taskflow', 'dataset_s3_bucket_producer_with_no_taskflow', 'dataset_s3_bucket_consumer_with_no_taskflow', 'dataset_alias_example_alias_consumer_with_no_taskflow' retrieved from /home/airflow/.local/lib/python3.12/site-packages/airflow/example_dags/example_dataset_alias_with_no_taskflow.py
[2025-04-13T22:40:31.830+0000] {logging_mixin.py:190} INFO - [2025-04-13T22:40:31.829+0000] {dag.py:3239} INFO - Sync 4 DAGs
[2025-04-13T22:40:32.123+0000] {logging_mixin.py:190} INFO - [2025-04-13T22:40:32.119+0000] {dag.py:4180} INFO - Setting next_dagrun for dataset_alias_example_alias_consumer_with_no_taskflow to None, run_after=None
[2025-04-13T22:40:32.208+0000] {logging_mixin.py:190} INFO - [2025-04-13T22:40:32.204+0000] {dag.py:4180} INFO - Setting next_dagrun for dataset_alias_example_alias_producer_with_no_taskflow to None, run_after=None
[2025-04-13T22:40:32.279+0000] {logging_mixin.py:190} INFO - [2025-04-13T22:40:32.279+0000] {dag.py:4180} INFO - Setting next_dagrun for dataset_s3_bucket_consumer_with_no_taskflow to None, run_after=None
[2025-04-13T22:40:32.326+0000] {logging_mixin.py:190} INFO - [2025-04-13T22:40:32.325+0000] {dag.py:4180} INFO - Setting next_dagrun for dataset_s3_bucket_producer_with_no_taskflow to None, run_after=None
[2025-04-13T22:40:33.028+0000] {processor.py:208} INFO - Processing /home/airflow/.local/lib/python3.12/site-packages/airflow/example_dags/example_dataset_alias_with_no_taskflow.py took 12.649 seconds
[2025-04-13T22:41:50.872+0000] {processor.py:186} INFO - Started process (PID=991) to work on /home/airflow/.local/lib/python3.12/site-packages/airflow/example_dags/example_dataset_alias_with_no_taskflow.py
[2025-04-13T22:41:50.876+0000] {processor.py:914} INFO - Processing file /home/airflow/.local/lib/python3.12/site-packages/airflow/example_dags/example_dataset_alias_with_no_taskflow.py for tasks to queue
[2025-04-13T22:41:50.907+0000] {logging_mixin.py:190} INFO - [2025-04-13T22:41:50.907+0000] {dagbag.py:588} INFO - Filling up the DagBag from /home/airflow/.local/lib/python3.12/site-packages/airflow/example_dags/example_dataset_alias_with_no_taskflow.py
[2025-04-13T22:41:57.764+0000] {processor.py:925} INFO - DAG(s) 'dataset_alias_example_alias_producer_with_no_taskflow', 'dataset_s3_bucket_producer_with_no_taskflow', 'dataset_s3_bucket_consumer_with_no_taskflow', 'dataset_alias_example_alias_consumer_with_no_taskflow' retrieved from /home/airflow/.local/lib/python3.12/site-packages/airflow/example_dags/example_dataset_alias_with_no_taskflow.py
[2025-04-13T22:41:58.051+0000] {logging_mixin.py:190} INFO - [2025-04-13T22:41:58.039+0000] {dag.py:3239} INFO - Sync 4 DAGs
[2025-04-13T22:41:58.385+0000] {logging_mixin.py:190} INFO - [2025-04-13T22:41:58.384+0000] {dag.py:4180} INFO - Setting next_dagrun for dataset_alias_example_alias_consumer_with_no_taskflow to None, run_after=None
[2025-04-13T22:41:58.419+0000] {logging_mixin.py:190} INFO - [2025-04-13T22:41:58.419+0000] {dag.py:4180} INFO - Setting next_dagrun for dataset_alias_example_alias_producer_with_no_taskflow to None, run_after=None
[2025-04-13T22:41:58.442+0000] {logging_mixin.py:190} INFO - [2025-04-13T22:41:58.442+0000] {dag.py:4180} INFO - Setting next_dagrun for dataset_s3_bucket_consumer_with_no_taskflow to None, run_after=None
[2025-04-13T22:41:58.479+0000] {logging_mixin.py:190} INFO - [2025-04-13T22:41:58.463+0000] {dag.py:4180} INFO - Setting next_dagrun for dataset_s3_bucket_producer_with_no_taskflow to None, run_after=None
[2025-04-13T22:41:58.652+0000] {processor.py:208} INFO - Processing /home/airflow/.local/lib/python3.12/site-packages/airflow/example_dags/example_dataset_alias_with_no_taskflow.py took 7.967 seconds
[2025-04-13T22:42:34.002+0000] {processor.py:186} INFO - Started process (PID=1059) to work on /home/airflow/.local/lib/python3.12/site-packages/airflow/example_dags/example_dataset_alias_with_no_taskflow.py
[2025-04-13T22:42:34.011+0000] {processor.py:914} INFO - Processing file /home/airflow/.local/lib/python3.12/site-packages/airflow/example_dags/example_dataset_alias_with_no_taskflow.py for tasks to queue
[2025-04-13T22:42:34.038+0000] {logging_mixin.py:190} INFO - [2025-04-13T22:42:34.019+0000] {dagbag.py:588} INFO - Filling up the DagBag from /home/airflow/.local/lib/python3.12/site-packages/airflow/example_dags/example_dataset_alias_with_no_taskflow.py
[2025-04-13T22:42:37.706+0000] {processor.py:925} INFO - DAG(s) 'dataset_alias_example_alias_producer_with_no_taskflow', 'dataset_s3_bucket_consumer_with_no_taskflow', 'dataset_alias_example_alias_consumer_with_no_taskflow', 'dataset_s3_bucket_producer_with_no_taskflow' retrieved from /home/airflow/.local/lib/python3.12/site-packages/airflow/example_dags/example_dataset_alias_with_no_taskflow.py
[2025-04-13T22:42:37.821+0000] {logging_mixin.py:190} INFO - [2025-04-13T22:42:37.820+0000] {dag.py:3239} INFO - Sync 4 DAGs
[2025-04-13T22:42:37.928+0000] {logging_mixin.py:190} INFO - [2025-04-13T22:42:37.928+0000] {dag.py:4180} INFO - Setting next_dagrun for dataset_alias_example_alias_consumer_with_no_taskflow to None, run_after=None
[2025-04-13T22:42:37.937+0000] {logging_mixin.py:190} INFO - [2025-04-13T22:42:37.936+0000] {dag.py:4180} INFO - Setting next_dagrun for dataset_alias_example_alias_producer_with_no_taskflow to None, run_after=None
[2025-04-13T22:42:37.983+0000] {logging_mixin.py:190} INFO - [2025-04-13T22:42:37.982+0000] {dag.py:4180} INFO - Setting next_dagrun for dataset_s3_bucket_consumer_with_no_taskflow to None, run_after=None
[2025-04-13T22:42:38.001+0000] {logging_mixin.py:190} INFO - [2025-04-13T22:42:38.000+0000] {dag.py:4180} INFO - Setting next_dagrun for dataset_s3_bucket_producer_with_no_taskflow to None, run_after=None
[2025-04-13T22:42:38.073+0000] {processor.py:208} INFO - Processing /home/airflow/.local/lib/python3.12/site-packages/airflow/example_dags/example_dataset_alias_with_no_taskflow.py took 4.105 seconds
[2025-04-13T22:43:25.297+0000] {processor.py:186} INFO - Started process (PID=1133) to work on /home/airflow/.local/lib/python3.12/site-packages/airflow/example_dags/example_dataset_alias_with_no_taskflow.py
[2025-04-13T22:43:25.303+0000] {processor.py:914} INFO - Processing file /home/airflow/.local/lib/python3.12/site-packages/airflow/example_dags/example_dataset_alias_with_no_taskflow.py for tasks to queue
[2025-04-13T22:43:25.331+0000] {logging_mixin.py:190} INFO - [2025-04-13T22:43:25.319+0000] {dagbag.py:588} INFO - Filling up the DagBag from /home/airflow/.local/lib/python3.12/site-packages/airflow/example_dags/example_dataset_alias_with_no_taskflow.py
[2025-04-13T22:43:35.295+0000] {processor.py:925} INFO - DAG(s) 'dataset_s3_bucket_producer_with_no_taskflow', 'dataset_alias_example_alias_producer_with_no_taskflow', 'dataset_s3_bucket_consumer_with_no_taskflow', 'dataset_alias_example_alias_consumer_with_no_taskflow' retrieved from /home/airflow/.local/lib/python3.12/site-packages/airflow/example_dags/example_dataset_alias_with_no_taskflow.py
[2025-04-13T22:43:36.010+0000] {logging_mixin.py:190} INFO - [2025-04-13T22:43:35.985+0000] {dag.py:3239} INFO - Sync 4 DAGs
[2025-04-13T22:43:36.342+0000] {logging_mixin.py:190} INFO - [2025-04-13T22:43:36.341+0000] {dag.py:4180} INFO - Setting next_dagrun for dataset_alias_example_alias_consumer_with_no_taskflow to None, run_after=None
[2025-04-13T22:43:36.400+0000] {logging_mixin.py:190} INFO - [2025-04-13T22:43:36.365+0000] {dag.py:4180} INFO - Setting next_dagrun for dataset_alias_example_alias_producer_with_no_taskflow to None, run_after=None
[2025-04-13T22:43:36.460+0000] {logging_mixin.py:190} INFO - [2025-04-13T22:43:36.420+0000] {dag.py:4180} INFO - Setting next_dagrun for dataset_s3_bucket_consumer_with_no_taskflow to None, run_after=None
[2025-04-13T22:43:36.501+0000] {logging_mixin.py:190} INFO - [2025-04-13T22:43:36.501+0000] {dag.py:4180} INFO - Setting next_dagrun for dataset_s3_bucket_producer_with_no_taskflow to None, run_after=None
[2025-04-13T22:43:37.173+0000] {processor.py:208} INFO - Processing /home/airflow/.local/lib/python3.12/site-packages/airflow/example_dags/example_dataset_alias_with_no_taskflow.py took 11.904 seconds
[2025-04-13T22:44:36.939+0000] {processor.py:186} INFO - Started process (PID=1184) to work on /home/airflow/.local/lib/python3.12/site-packages/airflow/example_dags/example_dataset_alias_with_no_taskflow.py
[2025-04-13T22:44:36.979+0000] {processor.py:914} INFO - Processing file /home/airflow/.local/lib/python3.12/site-packages/airflow/example_dags/example_dataset_alias_with_no_taskflow.py for tasks to queue
[2025-04-13T22:44:37.214+0000] {logging_mixin.py:190} INFO - [2025-04-13T22:44:37.214+0000] {dagbag.py:588} INFO - Filling up the DagBag from /home/airflow/.local/lib/python3.12/site-packages/airflow/example_dags/example_dataset_alias_with_no_taskflow.py
[2025-04-13T22:44:41.311+0000] {processor.py:925} INFO - DAG(s) 'dataset_s3_bucket_consumer_with_no_taskflow', 'dataset_s3_bucket_producer_with_no_taskflow', 'dataset_alias_example_alias_producer_with_no_taskflow', 'dataset_alias_example_alias_consumer_with_no_taskflow' retrieved from /home/airflow/.local/lib/python3.12/site-packages/airflow/example_dags/example_dataset_alias_with_no_taskflow.py
[2025-04-13T22:44:41.592+0000] {logging_mixin.py:190} INFO - [2025-04-13T22:44:41.581+0000] {dag.py:3239} INFO - Sync 4 DAGs
[2025-04-13T22:44:41.949+0000] {logging_mixin.py:190} INFO - [2025-04-13T22:44:41.949+0000] {dag.py:4180} INFO - Setting next_dagrun for dataset_alias_example_alias_consumer_with_no_taskflow to None, run_after=None
[2025-04-13T22:44:41.992+0000] {logging_mixin.py:190} INFO - [2025-04-13T22:44:41.992+0000] {dag.py:4180} INFO - Setting next_dagrun for dataset_alias_example_alias_producer_with_no_taskflow to None, run_after=None
[2025-04-13T22:44:42.034+0000] {logging_mixin.py:190} INFO - [2025-04-13T22:44:42.034+0000] {dag.py:4180} INFO - Setting next_dagrun for dataset_s3_bucket_consumer_with_no_taskflow to None, run_after=None
[2025-04-13T22:44:42.125+0000] {logging_mixin.py:190} INFO - [2025-04-13T22:44:42.121+0000] {dag.py:4180} INFO - Setting next_dagrun for dataset_s3_bucket_producer_with_no_taskflow to None, run_after=None
[2025-04-13T22:44:42.457+0000] {processor.py:208} INFO - Processing /home/airflow/.local/lib/python3.12/site-packages/airflow/example_dags/example_dataset_alias_with_no_taskflow.py took 5.621 seconds
