[2025-04-13T16:47:58.133+0000] {processor.py:186} INFO - Started process (PID=83) to work on /opt/airflow/dags/etl_fraud_pipeline.py
[2025-04-13T16:47:58.140+0000] {processor.py:914} INFO - Processing file /opt/airflow/dags/etl_fraud_pipeline.py for tasks to queue
[2025-04-13T16:47:58.151+0000] {logging_mixin.py:190} INFO - [2025-04-13T16:47:58.148+0000] {dagbag.py:588} INFO - Filling up the DagBag from /opt/airflow/dags/etl_fraud_pipeline.py
[2025-04-13T16:47:58.929+0000] {processor.py:925} INFO - DAG(s) 'fraud_data_pipeline' retrieved from /opt/airflow/dags/etl_fraud_pipeline.py
[2025-04-13T16:48:01.564+0000] {logging_mixin.py:190} INFO - [2025-04-13T16:48:01.561+0000] {override.py:1912} INFO - Created Permission View: can read on DAG:fraud_data_pipeline
[2025-04-13T16:48:01.621+0000] {logging_mixin.py:190} INFO - [2025-04-13T16:48:01.620+0000] {override.py:1912} INFO - Created Permission View: can edit on DAG:fraud_data_pipeline
[2025-04-13T16:48:01.653+0000] {logging_mixin.py:190} INFO - [2025-04-13T16:48:01.652+0000] {override.py:1912} INFO - Created Permission View: can delete on DAG:fraud_data_pipeline
[2025-04-13T16:48:01.697+0000] {logging_mixin.py:190} INFO - [2025-04-13T16:48:01.697+0000] {override.py:1912} INFO - Created Permission View: can read on DAG Run:fraud_data_pipeline
[2025-04-13T16:48:01.767+0000] {logging_mixin.py:190} INFO - [2025-04-13T16:48:01.765+0000] {override.py:1912} INFO - Created Permission View: menu access on DAG Run:fraud_data_pipeline
[2025-04-13T16:48:01.821+0000] {logging_mixin.py:190} INFO - [2025-04-13T16:48:01.820+0000] {override.py:1912} INFO - Created Permission View: can create on DAG Run:fraud_data_pipeline
[2025-04-13T16:48:01.890+0000] {logging_mixin.py:190} INFO - [2025-04-13T16:48:01.889+0000] {override.py:1912} INFO - Created Permission View: can delete on DAG Run:fraud_data_pipeline
[2025-04-13T16:48:01.913+0000] {logging_mixin.py:190} INFO - [2025-04-13T16:48:01.912+0000] {dag.py:3239} INFO - Sync 1 DAGs
[2025-04-13T16:48:02.705+0000] {logging_mixin.py:190} INFO - [2025-04-13T16:48:02.705+0000] {dag.py:3262} INFO - Creating ORM DAG for fraud_data_pipeline
[2025-04-13T16:48:03.027+0000] {logging_mixin.py:190} INFO - [2025-04-13T16:48:03.014+0000] {dag.py:4180} INFO - Setting next_dagrun for fraud_data_pipeline to 2025-04-12 00:00:00+00:00, run_after=2025-04-13 00:00:00+00:00
[2025-04-13T16:48:03.764+0000] {processor.py:208} INFO - Processing /opt/airflow/dags/etl_fraud_pipeline.py took 5.669 seconds
[2025-04-13T16:50:29.742+0000] {processor.py:186} INFO - Started process (PID=170) to work on /opt/airflow/dags/etl_fraud_pipeline.py
[2025-04-13T16:50:29.825+0000] {processor.py:914} INFO - Processing file /opt/airflow/dags/etl_fraud_pipeline.py for tasks to queue
[2025-04-13T16:50:29.837+0000] {logging_mixin.py:190} INFO - [2025-04-13T16:50:29.836+0000] {dagbag.py:588} INFO - Filling up the DagBag from /opt/airflow/dags/etl_fraud_pipeline.py
[2025-04-13T16:50:29.923+0000] {processor.py:925} INFO - DAG(s) 'fraud_data_pipeline' retrieved from /opt/airflow/dags/etl_fraud_pipeline.py
[2025-04-13T16:50:29.978+0000] {logging_mixin.py:190} INFO - [2025-04-13T16:50:29.978+0000] {dag.py:3239} INFO - Sync 1 DAGs
[2025-04-13T16:50:30.108+0000] {logging_mixin.py:190} INFO - [2025-04-13T16:50:30.108+0000] {dag.py:4180} INFO - Setting next_dagrun for fraud_data_pipeline to 2025-04-12 00:00:00+00:00, run_after=2025-04-13 00:00:00+00:00
[2025-04-13T16:50:30.272+0000] {processor.py:208} INFO - Processing /opt/airflow/dags/etl_fraud_pipeline.py took 0.554 seconds
[2025-04-13T16:51:06.683+0000] {processor.py:186} INFO - Started process (PID=220) to work on /opt/airflow/dags/etl_fraud_pipeline.py
[2025-04-13T16:51:06.684+0000] {processor.py:914} INFO - Processing file /opt/airflow/dags/etl_fraud_pipeline.py for tasks to queue
[2025-04-13T16:51:06.690+0000] {logging_mixin.py:190} INFO - [2025-04-13T16:51:06.689+0000] {dagbag.py:588} INFO - Filling up the DagBag from /opt/airflow/dags/etl_fraud_pipeline.py
[2025-04-13T16:51:06.741+0000] {processor.py:925} INFO - DAG(s) 'fraud_data_pipeline' retrieved from /opt/airflow/dags/etl_fraud_pipeline.py
[2025-04-13T16:51:06.859+0000] {logging_mixin.py:190} INFO - [2025-04-13T16:51:06.854+0000] {dag.py:3239} INFO - Sync 1 DAGs
[2025-04-13T16:51:06.968+0000] {logging_mixin.py:190} INFO - [2025-04-13T16:51:06.968+0000] {dag.py:4180} INFO - Setting next_dagrun for fraud_data_pipeline to 2025-04-12 00:00:00+00:00, run_after=2025-04-13 00:00:00+00:00
[2025-04-13T16:51:07.070+0000] {processor.py:208} INFO - Processing /opt/airflow/dags/etl_fraud_pipeline.py took 0.401 seconds
[2025-04-13T16:51:40.851+0000] {processor.py:186} INFO - Started process (PID=281) to work on /opt/airflow/dags/etl_fraud_pipeline.py
[2025-04-13T16:51:40.855+0000] {processor.py:914} INFO - Processing file /opt/airflow/dags/etl_fraud_pipeline.py for tasks to queue
[2025-04-13T16:51:40.865+0000] {logging_mixin.py:190} INFO - [2025-04-13T16:51:40.865+0000] {dagbag.py:588} INFO - Filling up the DagBag from /opt/airflow/dags/etl_fraud_pipeline.py
[2025-04-13T16:51:41.001+0000] {processor.py:925} INFO - DAG(s) 'fraud_data_pipeline' retrieved from /opt/airflow/dags/etl_fraud_pipeline.py
[2025-04-13T16:51:41.167+0000] {logging_mixin.py:190} INFO - [2025-04-13T16:51:41.167+0000] {dag.py:3239} INFO - Sync 1 DAGs
[2025-04-13T16:51:41.339+0000] {logging_mixin.py:190} INFO - [2025-04-13T16:51:41.339+0000] {dag.py:4180} INFO - Setting next_dagrun for fraud_data_pipeline to 2025-04-12 00:00:00+00:00, run_after=2025-04-13 00:00:00+00:00
[2025-04-13T16:51:41.415+0000] {processor.py:208} INFO - Processing /opt/airflow/dags/etl_fraud_pipeline.py took 0.579 seconds
[2025-04-13T16:52:11.694+0000] {processor.py:186} INFO - Started process (PID=342) to work on /opt/airflow/dags/etl_fraud_pipeline.py
[2025-04-13T16:52:11.708+0000] {processor.py:914} INFO - Processing file /opt/airflow/dags/etl_fraud_pipeline.py for tasks to queue
[2025-04-13T16:52:11.733+0000] {logging_mixin.py:190} INFO - [2025-04-13T16:52:11.732+0000] {dagbag.py:588} INFO - Filling up the DagBag from /opt/airflow/dags/etl_fraud_pipeline.py
[2025-04-13T16:52:11.803+0000] {processor.py:925} INFO - DAG(s) 'fraud_data_pipeline' retrieved from /opt/airflow/dags/etl_fraud_pipeline.py
[2025-04-13T16:52:11.894+0000] {logging_mixin.py:190} INFO - [2025-04-13T16:52:11.893+0000] {dag.py:3239} INFO - Sync 1 DAGs
[2025-04-13T16:52:12.010+0000] {logging_mixin.py:190} INFO - [2025-04-13T16:52:12.009+0000] {dag.py:4180} INFO - Setting next_dagrun for fraud_data_pipeline to 2025-04-12 00:00:00+00:00, run_after=2025-04-13 00:00:00+00:00
[2025-04-13T16:52:12.120+0000] {processor.py:208} INFO - Processing /opt/airflow/dags/etl_fraud_pipeline.py took 0.436 seconds
[2025-04-13T16:52:42.726+0000] {processor.py:186} INFO - Started process (PID=405) to work on /opt/airflow/dags/etl_fraud_pipeline.py
[2025-04-13T16:52:42.728+0000] {processor.py:914} INFO - Processing file /opt/airflow/dags/etl_fraud_pipeline.py for tasks to queue
[2025-04-13T16:52:42.738+0000] {logging_mixin.py:190} INFO - [2025-04-13T16:52:42.737+0000] {dagbag.py:588} INFO - Filling up the DagBag from /opt/airflow/dags/etl_fraud_pipeline.py
[2025-04-13T16:52:42.790+0000] {processor.py:925} INFO - DAG(s) 'fraud_data_pipeline' retrieved from /opt/airflow/dags/etl_fraud_pipeline.py
[2025-04-13T16:52:42.916+0000] {logging_mixin.py:190} INFO - [2025-04-13T16:52:42.915+0000] {dag.py:3239} INFO - Sync 1 DAGs
[2025-04-13T16:52:43.012+0000] {logging_mixin.py:190} INFO - [2025-04-13T16:52:43.012+0000] {dag.py:4180} INFO - Setting next_dagrun for fraud_data_pipeline to 2025-04-12 00:00:00+00:00, run_after=2025-04-13 00:00:00+00:00
[2025-04-13T16:52:43.050+0000] {processor.py:208} INFO - Processing /opt/airflow/dags/etl_fraud_pipeline.py took 0.360 seconds
[2025-04-13T16:53:31.428+0000] {processor.py:186} INFO - Started process (PID=466) to work on /opt/airflow/dags/etl_fraud_pipeline.py
[2025-04-13T16:53:31.442+0000] {processor.py:914} INFO - Processing file /opt/airflow/dags/etl_fraud_pipeline.py for tasks to queue
[2025-04-13T16:53:31.485+0000] {logging_mixin.py:190} INFO - [2025-04-13T16:53:31.484+0000] {dagbag.py:588} INFO - Filling up the DagBag from /opt/airflow/dags/etl_fraud_pipeline.py
[2025-04-13T16:53:31.773+0000] {processor.py:925} INFO - DAG(s) 'fraud_data_pipeline' retrieved from /opt/airflow/dags/etl_fraud_pipeline.py
[2025-04-13T16:53:31.994+0000] {logging_mixin.py:190} INFO - [2025-04-13T16:53:31.982+0000] {dag.py:3239} INFO - Sync 1 DAGs
[2025-04-13T16:53:32.162+0000] {logging_mixin.py:190} INFO - [2025-04-13T16:53:32.161+0000] {dag.py:4180} INFO - Setting next_dagrun for fraud_data_pipeline to 2025-04-12 00:00:00+00:00, run_after=2025-04-13 00:00:00+00:00
[2025-04-13T16:53:32.281+0000] {processor.py:208} INFO - Processing /opt/airflow/dags/etl_fraud_pipeline.py took 0.894 seconds
[2025-04-13T16:54:02.493+0000] {processor.py:186} INFO - Started process (PID=530) to work on /opt/airflow/dags/etl_fraud_pipeline.py
[2025-04-13T16:54:02.496+0000] {processor.py:914} INFO - Processing file /opt/airflow/dags/etl_fraud_pipeline.py for tasks to queue
[2025-04-13T16:54:02.511+0000] {logging_mixin.py:190} INFO - [2025-04-13T16:54:02.511+0000] {dagbag.py:588} INFO - Filling up the DagBag from /opt/airflow/dags/etl_fraud_pipeline.py
[2025-04-13T16:54:02.539+0000] {processor.py:925} INFO - DAG(s) 'fraud_data_pipeline' retrieved from /opt/airflow/dags/etl_fraud_pipeline.py
[2025-04-13T16:54:02.595+0000] {logging_mixin.py:190} INFO - [2025-04-13T16:54:02.595+0000] {dag.py:3239} INFO - Sync 1 DAGs
[2025-04-13T16:54:02.649+0000] {logging_mixin.py:190} INFO - [2025-04-13T16:54:02.648+0000] {dag.py:4180} INFO - Setting next_dagrun for fraud_data_pipeline to 2025-04-12 00:00:00+00:00, run_after=2025-04-13 00:00:00+00:00
[2025-04-13T16:54:02.695+0000] {processor.py:208} INFO - Processing /opt/airflow/dags/etl_fraud_pipeline.py took 0.224 seconds
[2025-04-13T16:54:46.073+0000] {processor.py:186} INFO - Started process (PID=588) to work on /opt/airflow/dags/etl_fraud_pipeline.py
[2025-04-13T16:54:46.078+0000] {processor.py:914} INFO - Processing file /opt/airflow/dags/etl_fraud_pipeline.py for tasks to queue
[2025-04-13T16:54:46.102+0000] {logging_mixin.py:190} INFO - [2025-04-13T16:54:46.096+0000] {dagbag.py:588} INFO - Filling up the DagBag from /opt/airflow/dags/etl_fraud_pipeline.py
[2025-04-13T16:54:46.168+0000] {processor.py:925} INFO - DAG(s) 'fraud_data_pipeline' retrieved from /opt/airflow/dags/etl_fraud_pipeline.py
[2025-04-13T16:54:46.298+0000] {logging_mixin.py:190} INFO - [2025-04-13T16:54:46.297+0000] {dag.py:3239} INFO - Sync 1 DAGs
[2025-04-13T16:54:46.421+0000] {logging_mixin.py:190} INFO - [2025-04-13T16:54:46.420+0000] {dag.py:4180} INFO - Setting next_dagrun for fraud_data_pipeline to 2025-04-12 00:00:00+00:00, run_after=2025-04-13 00:00:00+00:00
[2025-04-13T16:54:46.600+0000] {processor.py:208} INFO - Processing /opt/airflow/dags/etl_fraud_pipeline.py took 0.545 seconds
[2025-04-13T17:02:33.251+0000] {processor.py:186} INFO - Started process (PID=91) to work on /opt/airflow/dags/etl_fraud_pipeline.py
[2025-04-13T17:02:33.288+0000] {processor.py:914} INFO - Processing file /opt/airflow/dags/etl_fraud_pipeline.py for tasks to queue
[2025-04-13T17:02:33.344+0000] {logging_mixin.py:190} INFO - [2025-04-13T17:02:33.343+0000] {dagbag.py:588} INFO - Filling up the DagBag from /opt/airflow/dags/etl_fraud_pipeline.py
[2025-04-13T17:02:33.927+0000] {processor.py:925} INFO - DAG(s) 'fraud_data_pipeline' retrieved from /opt/airflow/dags/etl_fraud_pipeline.py
[2025-04-13T17:02:34.740+0000] {logging_mixin.py:190} INFO - [2025-04-13T17:02:34.739+0000] {dag.py:3239} INFO - Sync 1 DAGs
[2025-04-13T17:02:35.631+0000] {logging_mixin.py:190} INFO - [2025-04-13T17:02:35.603+0000] {dag.py:4180} INFO - Setting next_dagrun for fraud_data_pipeline to 2025-04-12 00:00:00+00:00, run_after=2025-04-13 00:00:00+00:00
[2025-04-13T17:02:36.298+0000] {processor.py:208} INFO - Processing /opt/airflow/dags/etl_fraud_pipeline.py took 3.154 seconds
[2025-04-13T17:05:05.587+0000] {processor.py:186} INFO - Started process (PID=178) to work on /opt/airflow/dags/etl_fraud_pipeline.py
[2025-04-13T17:05:05.616+0000] {processor.py:914} INFO - Processing file /opt/airflow/dags/etl_fraud_pipeline.py for tasks to queue
[2025-04-13T17:05:05.682+0000] {logging_mixin.py:190} INFO - [2025-04-13T17:05:05.681+0000] {dagbag.py:588} INFO - Filling up the DagBag from /opt/airflow/dags/etl_fraud_pipeline.py
[2025-04-13T17:05:05.889+0000] {processor.py:925} INFO - DAG(s) 'fraud_data_pipeline' retrieved from /opt/airflow/dags/etl_fraud_pipeline.py
[2025-04-13T17:05:06.482+0000] {logging_mixin.py:190} INFO - [2025-04-13T17:05:06.482+0000] {dag.py:3239} INFO - Sync 1 DAGs
[2025-04-13T17:05:07.174+0000] {logging_mixin.py:190} INFO - [2025-04-13T17:05:07.172+0000] {dag.py:4180} INFO - Setting next_dagrun for fraud_data_pipeline to 2025-04-12 00:00:00+00:00, run_after=2025-04-13 00:00:00+00:00
[2025-04-13T17:05:07.829+0000] {processor.py:208} INFO - Processing /opt/airflow/dags/etl_fraud_pipeline.py took 2.364 seconds
[2025-04-13T17:21:48.769+0000] {processor.py:186} INFO - Started process (PID=128) to work on /opt/airflow/dags/etl_fraud_pipeline.py
[2025-04-13T17:21:48.850+0000] {processor.py:914} INFO - Processing file /opt/airflow/dags/etl_fraud_pipeline.py for tasks to queue
[2025-04-13T17:21:48.986+0000] {logging_mixin.py:190} INFO - [2025-04-13T17:21:48.986+0000] {dagbag.py:588} INFO - Filling up the DagBag from /opt/airflow/dags/etl_fraud_pipeline.py
[2025-04-13T17:21:56.152+0000] {logging_mixin.py:190} INFO - [2025-04-13T17:21:55.563+0000] {dagbag.py:387} ERROR - Failed to import: /opt/airflow/dags/etl_fraud_pipeline.py
Traceback (most recent call last):
  File "/home/airflow/.local/lib/python3.12/site-packages/airflow/models/dagbag.py", line 383, in parse
    loader.exec_module(new_module)
  File "<frozen importlib._bootstrap_external>", line 999, in exec_module
  File "<frozen importlib._bootstrap>", line 488, in _call_with_frames_removed
  File "/opt/airflow/dags/etl_fraud_pipeline.py", line 8, in <module>
    from kaggle.api.kaggle_api_extended import KaggleApi
ModuleNotFoundError: No module named 'kaggle'
[2025-04-13T17:21:56.179+0000] {processor.py:927} WARNING - No viable dags retrieved from /opt/airflow/dags/etl_fraud_pipeline.py
[2025-04-13T17:21:58.206+0000] {processor.py:208} INFO - Processing /opt/airflow/dags/etl_fraud_pipeline.py took 10.189 seconds
[2025-04-13T18:07:25.668+0000] {processor.py:186} INFO - Started process (PID=211) to work on /opt/airflow/dags/etl_fraud_pipeline.py
[2025-04-13T18:07:25.713+0000] {processor.py:914} INFO - Processing file /opt/airflow/dags/etl_fraud_pipeline.py for tasks to queue
[2025-04-13T18:07:26.324+0000] {logging_mixin.py:190} INFO - [2025-04-13T18:07:26.322+0000] {dagbag.py:588} INFO - Filling up the DagBag from /opt/airflow/dags/etl_fraud_pipeline.py
[2025-04-13T18:07:45.953+0000] {logging_mixin.py:190} INFO - [2025-04-13T18:07:45.707+0000] {dagbag.py:387} ERROR - Failed to import: /opt/airflow/dags/etl_fraud_pipeline.py
Traceback (most recent call last):
  File "/home/airflow/.local/lib/python3.12/site-packages/airflow/models/dagbag.py", line 383, in parse
    loader.exec_module(new_module)
  File "<frozen importlib._bootstrap_external>", line 999, in exec_module
  File "<frozen importlib._bootstrap>", line 488, in _call_with_frames_removed
  File "/opt/airflow/dags/etl_fraud_pipeline.py", line 8, in <module>
    from kaggle.api.kaggle_api_extended import KaggleApi
ModuleNotFoundError: No module named 'kaggle'
[2025-04-13T18:07:46.299+0000] {processor.py:927} WARNING - No viable dags retrieved from /opt/airflow/dags/etl_fraud_pipeline.py
[2025-04-13T18:07:51.491+0000] {processor.py:208} INFO - Processing /opt/airflow/dags/etl_fraud_pipeline.py took 25.972 seconds
[2025-04-13T18:16:39.284+0000] {processor.py:186} INFO - Started process (PID=358) to work on /opt/airflow/dags/etl_fraud_pipeline.py
[2025-04-13T18:16:39.421+0000] {processor.py:914} INFO - Processing file /opt/airflow/dags/etl_fraud_pipeline.py for tasks to queue
[2025-04-13T18:16:39.610+0000] {logging_mixin.py:190} INFO - [2025-04-13T18:16:39.609+0000] {dagbag.py:588} INFO - Filling up the DagBag from /opt/airflow/dags/etl_fraud_pipeline.py
[2025-04-13T18:16:57.292+0000] {logging_mixin.py:190} INFO - [2025-04-13T18:16:56.974+0000] {dagbag.py:387} ERROR - Failed to import: /opt/airflow/dags/etl_fraud_pipeline.py
Traceback (most recent call last):
  File "/home/airflow/.local/lib/python3.12/site-packages/airflow/models/dagbag.py", line 383, in parse
    loader.exec_module(new_module)
  File "<frozen importlib._bootstrap_external>", line 999, in exec_module
  File "<frozen importlib._bootstrap>", line 488, in _call_with_frames_removed
  File "/opt/airflow/dags/etl_fraud_pipeline.py", line 8, in <module>
    from kaggle.api.kaggle_api_extended import KaggleApi
ModuleNotFoundError: No module named 'kaggle'
[2025-04-13T18:16:57.656+0000] {processor.py:927} WARNING - No viable dags retrieved from /opt/airflow/dags/etl_fraud_pipeline.py
[2025-04-13T18:17:00.446+0000] {processor.py:208} INFO - Processing /opt/airflow/dags/etl_fraud_pipeline.py took 21.396 seconds
[2025-04-13T18:23:46.384+0000] {processor.py:186} INFO - Started process (PID=481) to work on /opt/airflow/dags/etl_fraud_pipeline.py
[2025-04-13T18:23:46.498+0000] {processor.py:914} INFO - Processing file /opt/airflow/dags/etl_fraud_pipeline.py for tasks to queue
[2025-04-13T18:23:46.576+0000] {logging_mixin.py:190} INFO - [2025-04-13T18:23:46.575+0000] {dagbag.py:588} INFO - Filling up the DagBag from /opt/airflow/dags/etl_fraud_pipeline.py
[2025-04-13T18:23:52.863+0000] {logging_mixin.py:190} INFO - [2025-04-13T18:23:52.646+0000] {dagbag.py:387} ERROR - Failed to import: /opt/airflow/dags/etl_fraud_pipeline.py
Traceback (most recent call last):
  File "/home/airflow/.local/lib/python3.12/site-packages/airflow/models/dagbag.py", line 383, in parse
    loader.exec_module(new_module)
  File "<frozen importlib._bootstrap_external>", line 999, in exec_module
  File "<frozen importlib._bootstrap>", line 488, in _call_with_frames_removed
  File "/opt/airflow/dags/etl_fraud_pipeline.py", line 8, in <module>
    from kaggle.api.kaggle_api_extended import KaggleApi
ModuleNotFoundError: No module named 'kaggle'
[2025-04-13T18:23:53.348+0000] {processor.py:927} WARNING - No viable dags retrieved from /opt/airflow/dags/etl_fraud_pipeline.py
[2025-04-13T18:23:55.507+0000] {processor.py:208} INFO - Processing /opt/airflow/dags/etl_fraud_pipeline.py took 10.096 seconds
[2025-04-13T20:51:34.635+0000] {processor.py:186} INFO - Started process (PID=76) to work on /opt/airflow/dags/etl_fraud_pipeline.py
[2025-04-13T20:51:34.638+0000] {processor.py:914} INFO - Processing file /opt/airflow/dags/etl_fraud_pipeline.py for tasks to queue
[2025-04-13T20:51:34.647+0000] {logging_mixin.py:190} INFO - [2025-04-13T20:51:34.646+0000] {dagbag.py:588} INFO - Filling up the DagBag from /opt/airflow/dags/etl_fraud_pipeline.py
[2025-04-13T20:51:35.759+0000] {logging_mixin.py:190} INFO - [2025-04-13T20:51:35.726+0000] {dagbag.py:387} ERROR - Failed to import: /opt/airflow/dags/etl_fraud_pipeline.py
Traceback (most recent call last):
  File "/home/airflow/.local/lib/python3.12/site-packages/airflow/models/dagbag.py", line 383, in parse
    loader.exec_module(new_module)
  File "<frozen importlib._bootstrap_external>", line 999, in exec_module
  File "<frozen importlib._bootstrap>", line 488, in _call_with_frames_removed
  File "/opt/airflow/dags/etl_fraud_pipeline.py", line 8, in <module>
    from kaggle.api.kaggle_api_extended import KaggleApi
ModuleNotFoundError: No module named 'kaggle'
[2025-04-13T20:51:35.778+0000] {processor.py:927} WARNING - No viable dags retrieved from /opt/airflow/dags/etl_fraud_pipeline.py
[2025-04-13T20:51:36.114+0000] {processor.py:208} INFO - Processing /opt/airflow/dags/etl_fraud_pipeline.py took 1.547 seconds
[2025-04-13T20:52:15.723+0000] {processor.py:186} INFO - Started process (PID=141) to work on /opt/airflow/dags/etl_fraud_pipeline.py
[2025-04-13T20:52:15.729+0000] {processor.py:914} INFO - Processing file /opt/airflow/dags/etl_fraud_pipeline.py for tasks to queue
[2025-04-13T20:52:15.733+0000] {logging_mixin.py:190} INFO - [2025-04-13T20:52:15.733+0000] {dagbag.py:588} INFO - Filling up the DagBag from /opt/airflow/dags/etl_fraud_pipeline.py
[2025-04-13T20:52:16.385+0000] {logging_mixin.py:190} INFO - [2025-04-13T20:52:16.381+0000] {dagbag.py:387} ERROR - Failed to import: /opt/airflow/dags/etl_fraud_pipeline.py
Traceback (most recent call last):
  File "/home/airflow/.local/lib/python3.12/site-packages/airflow/models/dagbag.py", line 383, in parse
    loader.exec_module(new_module)
  File "<frozen importlib._bootstrap_external>", line 999, in exec_module
  File "<frozen importlib._bootstrap>", line 488, in _call_with_frames_removed
  File "/opt/airflow/dags/etl_fraud_pipeline.py", line 8, in <module>
    from kaggle.api.kaggle_api_extended import KaggleApi
ModuleNotFoundError: No module named 'kaggle'
[2025-04-13T20:52:16.386+0000] {processor.py:927} WARNING - No viable dags retrieved from /opt/airflow/dags/etl_fraud_pipeline.py
[2025-04-13T20:52:16.836+0000] {processor.py:208} INFO - Processing /opt/airflow/dags/etl_fraud_pipeline.py took 1.122 seconds
[2025-04-13T20:52:48.074+0000] {processor.py:186} INFO - Started process (PID=207) to work on /opt/airflow/dags/etl_fraud_pipeline.py
[2025-04-13T20:52:48.078+0000] {processor.py:914} INFO - Processing file /opt/airflow/dags/etl_fraud_pipeline.py for tasks to queue
[2025-04-13T20:52:48.110+0000] {logging_mixin.py:190} INFO - [2025-04-13T20:52:48.109+0000] {dagbag.py:588} INFO - Filling up the DagBag from /opt/airflow/dags/etl_fraud_pipeline.py
[2025-04-13T20:52:49.009+0000] {logging_mixin.py:190} INFO - [2025-04-13T20:52:48.972+0000] {dagbag.py:387} ERROR - Failed to import: /opt/airflow/dags/etl_fraud_pipeline.py
Traceback (most recent call last):
  File "/home/airflow/.local/lib/python3.12/site-packages/airflow/models/dagbag.py", line 383, in parse
    loader.exec_module(new_module)
  File "<frozen importlib._bootstrap_external>", line 999, in exec_module
  File "<frozen importlib._bootstrap>", line 488, in _call_with_frames_removed
  File "/opt/airflow/dags/etl_fraud_pipeline.py", line 8, in <module>
    from kaggle.api.kaggle_api_extended import KaggleApi
ModuleNotFoundError: No module named 'kaggle'
[2025-04-13T20:52:49.027+0000] {processor.py:927} WARNING - No viable dags retrieved from /opt/airflow/dags/etl_fraud_pipeline.py
[2025-04-13T20:52:49.399+0000] {processor.py:208} INFO - Processing /opt/airflow/dags/etl_fraud_pipeline.py took 1.372 seconds
[2025-04-13T20:53:20.387+0000] {processor.py:186} INFO - Started process (PID=271) to work on /opt/airflow/dags/etl_fraud_pipeline.py
[2025-04-13T20:53:20.395+0000] {processor.py:914} INFO - Processing file /opt/airflow/dags/etl_fraud_pipeline.py for tasks to queue
[2025-04-13T20:53:20.404+0000] {logging_mixin.py:190} INFO - [2025-04-13T20:53:20.404+0000] {dagbag.py:588} INFO - Filling up the DagBag from /opt/airflow/dags/etl_fraud_pipeline.py
[2025-04-13T20:53:20.685+0000] {logging_mixin.py:190} INFO - [2025-04-13T20:53:20.680+0000] {dagbag.py:387} ERROR - Failed to import: /opt/airflow/dags/etl_fraud_pipeline.py
Traceback (most recent call last):
  File "/home/airflow/.local/lib/python3.12/site-packages/airflow/models/dagbag.py", line 383, in parse
    loader.exec_module(new_module)
  File "<frozen importlib._bootstrap_external>", line 999, in exec_module
  File "<frozen importlib._bootstrap>", line 488, in _call_with_frames_removed
  File "/opt/airflow/dags/etl_fraud_pipeline.py", line 8, in <module>
    from kaggle.api.kaggle_api_extended import KaggleApi
ModuleNotFoundError: No module named 'kaggle'
[2025-04-13T20:53:20.686+0000] {processor.py:927} WARNING - No viable dags retrieved from /opt/airflow/dags/etl_fraud_pipeline.py
[2025-04-13T20:53:20.737+0000] {processor.py:208} INFO - Processing /opt/airflow/dags/etl_fraud_pipeline.py took 0.369 seconds
[2025-04-13T20:53:53.411+0000] {processor.py:186} INFO - Started process (PID=333) to work on /opt/airflow/dags/etl_fraud_pipeline.py
[2025-04-13T20:53:53.422+0000] {processor.py:914} INFO - Processing file /opt/airflow/dags/etl_fraud_pipeline.py for tasks to queue
[2025-04-13T20:53:53.563+0000] {logging_mixin.py:190} INFO - [2025-04-13T20:53:53.562+0000] {dagbag.py:588} INFO - Filling up the DagBag from /opt/airflow/dags/etl_fraud_pipeline.py
[2025-04-13T20:53:54.144+0000] {logging_mixin.py:190} INFO - [2025-04-13T20:53:54.113+0000] {dagbag.py:387} ERROR - Failed to import: /opt/airflow/dags/etl_fraud_pipeline.py
Traceback (most recent call last):
  File "/home/airflow/.local/lib/python3.12/site-packages/airflow/models/dagbag.py", line 383, in parse
    loader.exec_module(new_module)
  File "<frozen importlib._bootstrap_external>", line 999, in exec_module
  File "<frozen importlib._bootstrap>", line 488, in _call_with_frames_removed
  File "/opt/airflow/dags/etl_fraud_pipeline.py", line 8, in <module>
    from kaggle.api.kaggle_api_extended import KaggleApi
ModuleNotFoundError: No module named 'kaggle'
[2025-04-13T20:53:54.176+0000] {processor.py:927} WARNING - No viable dags retrieved from /opt/airflow/dags/etl_fraud_pipeline.py
[2025-04-13T20:53:54.434+0000] {processor.py:208} INFO - Processing /opt/airflow/dags/etl_fraud_pipeline.py took 1.115 seconds
[2025-04-13T20:54:26.029+0000] {processor.py:186} INFO - Started process (PID=391) to work on /opt/airflow/dags/etl_fraud_pipeline.py
[2025-04-13T20:54:26.031+0000] {processor.py:914} INFO - Processing file /opt/airflow/dags/etl_fraud_pipeline.py for tasks to queue
[2025-04-13T20:54:26.035+0000] {logging_mixin.py:190} INFO - [2025-04-13T20:54:26.035+0000] {dagbag.py:588} INFO - Filling up the DagBag from /opt/airflow/dags/etl_fraud_pipeline.py
[2025-04-13T20:54:26.327+0000] {logging_mixin.py:190} INFO - [2025-04-13T20:54:26.309+0000] {dagbag.py:387} ERROR - Failed to import: /opt/airflow/dags/etl_fraud_pipeline.py
Traceback (most recent call last):
  File "/home/airflow/.local/lib/python3.12/site-packages/airflow/models/dagbag.py", line 383, in parse
    loader.exec_module(new_module)
  File "<frozen importlib._bootstrap_external>", line 999, in exec_module
  File "<frozen importlib._bootstrap>", line 488, in _call_with_frames_removed
  File "/opt/airflow/dags/etl_fraud_pipeline.py", line 8, in <module>
    from kaggle.api.kaggle_api_extended import KaggleApi
ModuleNotFoundError: No module named 'kaggle'
[2025-04-13T20:54:26.331+0000] {processor.py:927} WARNING - No viable dags retrieved from /opt/airflow/dags/etl_fraud_pipeline.py
[2025-04-13T20:54:26.462+0000] {processor.py:208} INFO - Processing /opt/airflow/dags/etl_fraud_pipeline.py took 0.434 seconds
[2025-04-13T20:54:57.248+0000] {processor.py:186} INFO - Started process (PID=454) to work on /opt/airflow/dags/etl_fraud_pipeline.py
[2025-04-13T20:54:57.250+0000] {processor.py:914} INFO - Processing file /opt/airflow/dags/etl_fraud_pipeline.py for tasks to queue
[2025-04-13T20:54:57.260+0000] {logging_mixin.py:190} INFO - [2025-04-13T20:54:57.260+0000] {dagbag.py:588} INFO - Filling up the DagBag from /opt/airflow/dags/etl_fraud_pipeline.py
[2025-04-13T20:54:57.447+0000] {logging_mixin.py:190} INFO - [2025-04-13T20:54:57.438+0000] {dagbag.py:387} ERROR - Failed to import: /opt/airflow/dags/etl_fraud_pipeline.py
Traceback (most recent call last):
  File "/home/airflow/.local/lib/python3.12/site-packages/airflow/models/dagbag.py", line 383, in parse
    loader.exec_module(new_module)
  File "<frozen importlib._bootstrap_external>", line 999, in exec_module
  File "<frozen importlib._bootstrap>", line 488, in _call_with_frames_removed
  File "/opt/airflow/dags/etl_fraud_pipeline.py", line 8, in <module>
    from kaggle.api.kaggle_api_extended import KaggleApi
ModuleNotFoundError: No module named 'kaggle'
[2025-04-13T20:54:57.448+0000] {processor.py:927} WARNING - No viable dags retrieved from /opt/airflow/dags/etl_fraud_pipeline.py
[2025-04-13T20:54:57.496+0000] {processor.py:208} INFO - Processing /opt/airflow/dags/etl_fraud_pipeline.py took 0.261 seconds
[2025-04-13T20:55:27.649+0000] {processor.py:186} INFO - Started process (PID=517) to work on /opt/airflow/dags/etl_fraud_pipeline.py
[2025-04-13T20:55:27.651+0000] {processor.py:914} INFO - Processing file /opt/airflow/dags/etl_fraud_pipeline.py for tasks to queue
[2025-04-13T20:55:27.668+0000] {logging_mixin.py:190} INFO - [2025-04-13T20:55:27.667+0000] {dagbag.py:588} INFO - Filling up the DagBag from /opt/airflow/dags/etl_fraud_pipeline.py
[2025-04-13T20:55:27.852+0000] {logging_mixin.py:190} INFO - [2025-04-13T20:55:27.849+0000] {dagbag.py:387} ERROR - Failed to import: /opt/airflow/dags/etl_fraud_pipeline.py
Traceback (most recent call last):
  File "/home/airflow/.local/lib/python3.12/site-packages/airflow/models/dagbag.py", line 383, in parse
    loader.exec_module(new_module)
  File "<frozen importlib._bootstrap_external>", line 999, in exec_module
  File "<frozen importlib._bootstrap>", line 488, in _call_with_frames_removed
  File "/opt/airflow/dags/etl_fraud_pipeline.py", line 8, in <module>
    from kaggle.api.kaggle_api_extended import KaggleApi
ModuleNotFoundError: No module named 'kaggle'
[2025-04-13T20:55:27.853+0000] {processor.py:927} WARNING - No viable dags retrieved from /opt/airflow/dags/etl_fraud_pipeline.py
[2025-04-13T20:55:27.900+0000] {processor.py:208} INFO - Processing /opt/airflow/dags/etl_fraud_pipeline.py took 0.263 seconds
[2025-04-13T20:55:58.027+0000] {processor.py:186} INFO - Started process (PID=581) to work on /opt/airflow/dags/etl_fraud_pipeline.py
[2025-04-13T20:55:58.032+0000] {processor.py:914} INFO - Processing file /opt/airflow/dags/etl_fraud_pipeline.py for tasks to queue
[2025-04-13T20:55:58.038+0000] {logging_mixin.py:190} INFO - [2025-04-13T20:55:58.037+0000] {dagbag.py:588} INFO - Filling up the DagBag from /opt/airflow/dags/etl_fraud_pipeline.py
[2025-04-13T20:55:58.338+0000] {logging_mixin.py:190} INFO - [2025-04-13T20:55:58.334+0000] {dagbag.py:387} ERROR - Failed to import: /opt/airflow/dags/etl_fraud_pipeline.py
Traceback (most recent call last):
  File "/home/airflow/.local/lib/python3.12/site-packages/airflow/models/dagbag.py", line 383, in parse
    loader.exec_module(new_module)
  File "<frozen importlib._bootstrap_external>", line 999, in exec_module
  File "<frozen importlib._bootstrap>", line 488, in _call_with_frames_removed
  File "/opt/airflow/dags/etl_fraud_pipeline.py", line 8, in <module>
    from kaggle.api.kaggle_api_extended import KaggleApi
ModuleNotFoundError: No module named 'kaggle'
[2025-04-13T20:55:58.339+0000] {processor.py:927} WARNING - No viable dags retrieved from /opt/airflow/dags/etl_fraud_pipeline.py
[2025-04-13T20:55:58.382+0000] {processor.py:208} INFO - Processing /opt/airflow/dags/etl_fraud_pipeline.py took 0.366 seconds
[2025-04-13T20:56:28.875+0000] {processor.py:186} INFO - Started process (PID=645) to work on /opt/airflow/dags/etl_fraud_pipeline.py
[2025-04-13T20:56:28.878+0000] {processor.py:914} INFO - Processing file /opt/airflow/dags/etl_fraud_pipeline.py for tasks to queue
[2025-04-13T20:56:28.882+0000] {logging_mixin.py:190} INFO - [2025-04-13T20:56:28.881+0000] {dagbag.py:588} INFO - Filling up the DagBag from /opt/airflow/dags/etl_fraud_pipeline.py
[2025-04-13T20:56:29.043+0000] {logging_mixin.py:190} INFO - [2025-04-13T20:56:29.039+0000] {dagbag.py:387} ERROR - Failed to import: /opt/airflow/dags/etl_fraud_pipeline.py
Traceback (most recent call last):
  File "/home/airflow/.local/lib/python3.12/site-packages/airflow/models/dagbag.py", line 383, in parse
    loader.exec_module(new_module)
  File "<frozen importlib._bootstrap_external>", line 999, in exec_module
  File "<frozen importlib._bootstrap>", line 488, in _call_with_frames_removed
  File "/opt/airflow/dags/etl_fraud_pipeline.py", line 8, in <module>
    from kaggle.api.kaggle_api_extended import KaggleApi
ModuleNotFoundError: No module named 'kaggle'
[2025-04-13T20:56:29.044+0000] {processor.py:927} WARNING - No viable dags retrieved from /opt/airflow/dags/etl_fraud_pipeline.py
[2025-04-13T20:56:29.145+0000] {processor.py:208} INFO - Processing /opt/airflow/dags/etl_fraud_pipeline.py took 0.281 seconds
[2025-04-13T20:56:59.301+0000] {processor.py:186} INFO - Started process (PID=702) to work on /opt/airflow/dags/etl_fraud_pipeline.py
[2025-04-13T20:56:59.302+0000] {processor.py:914} INFO - Processing file /opt/airflow/dags/etl_fraud_pipeline.py for tasks to queue
[2025-04-13T20:56:59.309+0000] {logging_mixin.py:190} INFO - [2025-04-13T20:56:59.306+0000] {dagbag.py:588} INFO - Filling up the DagBag from /opt/airflow/dags/etl_fraud_pipeline.py
[2025-04-13T20:56:59.520+0000] {logging_mixin.py:190} INFO - [2025-04-13T20:56:59.513+0000] {dagbag.py:387} ERROR - Failed to import: /opt/airflow/dags/etl_fraud_pipeline.py
Traceback (most recent call last):
  File "/home/airflow/.local/lib/python3.12/site-packages/airflow/models/dagbag.py", line 383, in parse
    loader.exec_module(new_module)
  File "<frozen importlib._bootstrap_external>", line 999, in exec_module
  File "<frozen importlib._bootstrap>", line 488, in _call_with_frames_removed
  File "/opt/airflow/dags/etl_fraud_pipeline.py", line 8, in <module>
    from kaggle.api.kaggle_api_extended import KaggleApi
ModuleNotFoundError: No module named 'kaggle'
[2025-04-13T20:56:59.520+0000] {processor.py:927} WARNING - No viable dags retrieved from /opt/airflow/dags/etl_fraud_pipeline.py
[2025-04-13T20:56:59.589+0000] {processor.py:208} INFO - Processing /opt/airflow/dags/etl_fraud_pipeline.py took 0.298 seconds
[2025-04-13T20:57:29.794+0000] {processor.py:186} INFO - Started process (PID=762) to work on /opt/airflow/dags/etl_fraud_pipeline.py
[2025-04-13T20:57:29.798+0000] {processor.py:914} INFO - Processing file /opt/airflow/dags/etl_fraud_pipeline.py for tasks to queue
[2025-04-13T20:57:29.808+0000] {logging_mixin.py:190} INFO - [2025-04-13T20:57:29.807+0000] {dagbag.py:588} INFO - Filling up the DagBag from /opt/airflow/dags/etl_fraud_pipeline.py
[2025-04-13T20:57:30.179+0000] {logging_mixin.py:190} INFO - [2025-04-13T20:57:30.152+0000] {dagbag.py:387} ERROR - Failed to import: /opt/airflow/dags/etl_fraud_pipeline.py
Traceback (most recent call last):
  File "/home/airflow/.local/lib/python3.12/site-packages/airflow/models/dagbag.py", line 383, in parse
    loader.exec_module(new_module)
  File "<frozen importlib._bootstrap_external>", line 999, in exec_module
  File "<frozen importlib._bootstrap>", line 488, in _call_with_frames_removed
  File "/opt/airflow/dags/etl_fraud_pipeline.py", line 8, in <module>
    from kaggle.api.kaggle_api_extended import KaggleApi
ModuleNotFoundError: No module named 'kaggle'
[2025-04-13T20:57:30.181+0000] {processor.py:927} WARNING - No viable dags retrieved from /opt/airflow/dags/etl_fraud_pipeline.py
[2025-04-13T20:57:30.241+0000] {processor.py:208} INFO - Processing /opt/airflow/dags/etl_fraud_pipeline.py took 0.459 seconds
[2025-04-13T20:57:45.788+0000] {processor.py:186} INFO - Started process (PID=795) to work on /opt/airflow/dags/etl_fraud_pipeline.py
[2025-04-13T20:57:45.792+0000] {processor.py:914} INFO - Processing file /opt/airflow/dags/etl_fraud_pipeline.py for tasks to queue
[2025-04-13T20:57:45.849+0000] {logging_mixin.py:190} INFO - [2025-04-13T20:57:45.849+0000] {dagbag.py:588} INFO - Filling up the DagBag from /opt/airflow/dags/etl_fraud_pipeline.py
[2025-04-13T20:57:46.924+0000] {logging_mixin.py:190} INFO - [2025-04-13T20:57:46.916+0000] {dagbag.py:387} ERROR - Failed to import: /opt/airflow/dags/etl_fraud_pipeline.py
Traceback (most recent call last):
  File "/home/airflow/.local/lib/python3.12/site-packages/airflow/models/dagbag.py", line 383, in parse
    loader.exec_module(new_module)
  File "<frozen importlib._bootstrap_external>", line 999, in exec_module
  File "<frozen importlib._bootstrap>", line 488, in _call_with_frames_removed
  File "/opt/airflow/dags/etl_fraud_pipeline.py", line 8, in <module>
    from kaggle.api.kaggle_api_extended import KaggleApi
ModuleNotFoundError: No module named 'kaggle'
[2025-04-13T20:57:46.925+0000] {processor.py:927} WARNING - No viable dags retrieved from /opt/airflow/dags/etl_fraud_pipeline.py
[2025-04-13T20:57:46.982+0000] {processor.py:208} INFO - Processing /opt/airflow/dags/etl_fraud_pipeline.py took 1.219 seconds
[2025-04-13T20:58:17.520+0000] {processor.py:186} INFO - Started process (PID=858) to work on /opt/airflow/dags/etl_fraud_pipeline.py
[2025-04-13T20:58:17.523+0000] {processor.py:914} INFO - Processing file /opt/airflow/dags/etl_fraud_pipeline.py for tasks to queue
[2025-04-13T20:58:17.537+0000] {logging_mixin.py:190} INFO - [2025-04-13T20:58:17.536+0000] {dagbag.py:588} INFO - Filling up the DagBag from /opt/airflow/dags/etl_fraud_pipeline.py
[2025-04-13T20:58:17.969+0000] {logging_mixin.py:190} INFO - [2025-04-13T20:58:17.947+0000] {dagbag.py:387} ERROR - Failed to import: /opt/airflow/dags/etl_fraud_pipeline.py
Traceback (most recent call last):
  File "/home/airflow/.local/lib/python3.12/site-packages/airflow/models/dagbag.py", line 383, in parse
    loader.exec_module(new_module)
  File "<frozen importlib._bootstrap_external>", line 999, in exec_module
  File "<frozen importlib._bootstrap>", line 488, in _call_with_frames_removed
  File "/opt/airflow/dags/etl_fraud_pipeline.py", line 8, in <module>
    from kaggle.api.kaggle_api_extended import KaggleApi
ModuleNotFoundError: No module named 'kaggle'
[2025-04-13T20:58:17.988+0000] {processor.py:927} WARNING - No viable dags retrieved from /opt/airflow/dags/etl_fraud_pipeline.py
[2025-04-13T20:58:18.081+0000] {processor.py:208} INFO - Processing /opt/airflow/dags/etl_fraud_pipeline.py took 0.583 seconds
[2025-04-13T20:58:49.184+0000] {processor.py:186} INFO - Started process (PID=920) to work on /opt/airflow/dags/etl_fraud_pipeline.py
[2025-04-13T20:58:49.190+0000] {processor.py:914} INFO - Processing file /opt/airflow/dags/etl_fraud_pipeline.py for tasks to queue
[2025-04-13T20:58:49.206+0000] {logging_mixin.py:190} INFO - [2025-04-13T20:58:49.205+0000] {dagbag.py:588} INFO - Filling up the DagBag from /opt/airflow/dags/etl_fraud_pipeline.py
[2025-04-13T20:58:49.582+0000] {logging_mixin.py:190} INFO - [2025-04-13T20:58:49.564+0000] {dagbag.py:387} ERROR - Failed to import: /opt/airflow/dags/etl_fraud_pipeline.py
Traceback (most recent call last):
  File "/home/airflow/.local/lib/python3.12/site-packages/airflow/models/dagbag.py", line 383, in parse
    loader.exec_module(new_module)
  File "<frozen importlib._bootstrap_external>", line 999, in exec_module
  File "<frozen importlib._bootstrap>", line 488, in _call_with_frames_removed
  File "/opt/airflow/dags/etl_fraud_pipeline.py", line 8, in <module>
    from kaggle.api.kaggle_api_extended import KaggleApi
ModuleNotFoundError: No module named 'kaggle'
[2025-04-13T20:58:49.583+0000] {processor.py:927} WARNING - No viable dags retrieved from /opt/airflow/dags/etl_fraud_pipeline.py
[2025-04-13T20:58:49.726+0000] {processor.py:208} INFO - Processing /opt/airflow/dags/etl_fraud_pipeline.py took 0.553 seconds
[2025-04-13T20:59:20.097+0000] {processor.py:186} INFO - Started process (PID=982) to work on /opt/airflow/dags/etl_fraud_pipeline.py
[2025-04-13T20:59:20.113+0000] {processor.py:914} INFO - Processing file /opt/airflow/dags/etl_fraud_pipeline.py for tasks to queue
[2025-04-13T20:59:20.123+0000] {logging_mixin.py:190} INFO - [2025-04-13T20:59:20.122+0000] {dagbag.py:588} INFO - Filling up the DagBag from /opt/airflow/dags/etl_fraud_pipeline.py
[2025-04-13T20:59:20.453+0000] {logging_mixin.py:190} INFO - [2025-04-13T20:59:20.438+0000] {dagbag.py:387} ERROR - Failed to import: /opt/airflow/dags/etl_fraud_pipeline.py
Traceback (most recent call last):
  File "/home/airflow/.local/lib/python3.12/site-packages/airflow/models/dagbag.py", line 383, in parse
    loader.exec_module(new_module)
  File "<frozen importlib._bootstrap_external>", line 999, in exec_module
  File "<frozen importlib._bootstrap>", line 488, in _call_with_frames_removed
  File "/opt/airflow/dags/etl_fraud_pipeline.py", line 8, in <module>
    from kaggle.api.kaggle_api_extended import KaggleApi
ModuleNotFoundError: No module named 'kaggle'
[2025-04-13T20:59:20.464+0000] {processor.py:927} WARNING - No viable dags retrieved from /opt/airflow/dags/etl_fraud_pipeline.py
[2025-04-13T20:59:20.526+0000] {processor.py:208} INFO - Processing /opt/airflow/dags/etl_fraud_pipeline.py took 0.446 seconds
[2025-04-13T20:59:51.301+0000] {processor.py:186} INFO - Started process (PID=1045) to work on /opt/airflow/dags/etl_fraud_pipeline.py
[2025-04-13T20:59:51.302+0000] {processor.py:914} INFO - Processing file /opt/airflow/dags/etl_fraud_pipeline.py for tasks to queue
[2025-04-13T20:59:51.307+0000] {logging_mixin.py:190} INFO - [2025-04-13T20:59:51.306+0000] {dagbag.py:588} INFO - Filling up the DagBag from /opt/airflow/dags/etl_fraud_pipeline.py
[2025-04-13T20:59:51.528+0000] {logging_mixin.py:190} INFO - [2025-04-13T20:59:51.513+0000] {dagbag.py:387} ERROR - Failed to import: /opt/airflow/dags/etl_fraud_pipeline.py
Traceback (most recent call last):
  File "/home/airflow/.local/lib/python3.12/site-packages/airflow/models/dagbag.py", line 383, in parse
    loader.exec_module(new_module)
  File "<frozen importlib._bootstrap_external>", line 999, in exec_module
  File "<frozen importlib._bootstrap>", line 488, in _call_with_frames_removed
  File "/opt/airflow/dags/etl_fraud_pipeline.py", line 8, in <module>
    from kaggle.api.kaggle_api_extended import KaggleApi
ModuleNotFoundError: No module named 'kaggle'
[2025-04-13T20:59:51.537+0000] {processor.py:927} WARNING - No viable dags retrieved from /opt/airflow/dags/etl_fraud_pipeline.py
[2025-04-13T20:59:51.672+0000] {processor.py:208} INFO - Processing /opt/airflow/dags/etl_fraud_pipeline.py took 0.389 seconds
[2025-04-13T21:00:22.749+0000] {processor.py:186} INFO - Started process (PID=1113) to work on /opt/airflow/dags/etl_fraud_pipeline.py
[2025-04-13T21:00:22.752+0000] {processor.py:914} INFO - Processing file /opt/airflow/dags/etl_fraud_pipeline.py for tasks to queue
[2025-04-13T21:00:22.757+0000] {logging_mixin.py:190} INFO - [2025-04-13T21:00:22.757+0000] {dagbag.py:588} INFO - Filling up the DagBag from /opt/airflow/dags/etl_fraud_pipeline.py
[2025-04-13T21:00:23.772+0000] {logging_mixin.py:190} INFO - [2025-04-13T21:00:23.710+0000] {dagbag.py:387} ERROR - Failed to import: /opt/airflow/dags/etl_fraud_pipeline.py
Traceback (most recent call last):
  File "/home/airflow/.local/lib/python3.12/site-packages/airflow/models/dagbag.py", line 383, in parse
    loader.exec_module(new_module)
  File "<frozen importlib._bootstrap_external>", line 999, in exec_module
  File "<frozen importlib._bootstrap>", line 488, in _call_with_frames_removed
  File "/opt/airflow/dags/etl_fraud_pipeline.py", line 8, in <module>
    from kaggle.api.kaggle_api_extended import KaggleApi
ModuleNotFoundError: No module named 'kaggle'
[2025-04-13T21:00:23.773+0000] {processor.py:927} WARNING - No viable dags retrieved from /opt/airflow/dags/etl_fraud_pipeline.py
[2025-04-13T21:00:23.902+0000] {processor.py:208} INFO - Processing /opt/airflow/dags/etl_fraud_pipeline.py took 1.167 seconds
[2025-04-13T21:00:54.537+0000] {processor.py:186} INFO - Started process (PID=1173) to work on /opt/airflow/dags/etl_fraud_pipeline.py
[2025-04-13T21:00:54.548+0000] {processor.py:914} INFO - Processing file /opt/airflow/dags/etl_fraud_pipeline.py for tasks to queue
[2025-04-13T21:00:54.585+0000] {logging_mixin.py:190} INFO - [2025-04-13T21:00:54.558+0000] {dagbag.py:588} INFO - Filling up the DagBag from /opt/airflow/dags/etl_fraud_pipeline.py
[2025-04-13T21:00:54.881+0000] {logging_mixin.py:190} INFO - [2025-04-13T21:00:54.873+0000] {dagbag.py:387} ERROR - Failed to import: /opt/airflow/dags/etl_fraud_pipeline.py
Traceback (most recent call last):
  File "/home/airflow/.local/lib/python3.12/site-packages/airflow/models/dagbag.py", line 383, in parse
    loader.exec_module(new_module)
  File "<frozen importlib._bootstrap_external>", line 999, in exec_module
  File "<frozen importlib._bootstrap>", line 488, in _call_with_frames_removed
  File "/opt/airflow/dags/etl_fraud_pipeline.py", line 8, in <module>
    from kaggle.api.kaggle_api_extended import KaggleApi
ModuleNotFoundError: No module named 'kaggle'
[2025-04-13T21:00:54.882+0000] {processor.py:927} WARNING - No viable dags retrieved from /opt/airflow/dags/etl_fraud_pipeline.py
[2025-04-13T21:00:54.966+0000] {processor.py:208} INFO - Processing /opt/airflow/dags/etl_fraud_pipeline.py took 0.449 seconds
[2025-04-13T21:25:24.846+0000] {processor.py:186} INFO - Started process (PID=145) to work on /opt/airflow/dags/etl_fraud_pipeline.py
[2025-04-13T21:25:24.876+0000] {processor.py:914} INFO - Processing file /opt/airflow/dags/etl_fraud_pipeline.py for tasks to queue
[2025-04-13T21:25:25.222+0000] {logging_mixin.py:190} INFO - [2025-04-13T21:25:25.221+0000] {dagbag.py:588} INFO - Filling up the DagBag from /opt/airflow/dags/etl_fraud_pipeline.py
[2025-04-13T21:25:49.096+0000] {logging_mixin.py:190} INFO - [2025-04-13T21:25:48.993+0000] {dagbag.py:387} ERROR - Failed to import: /opt/airflow/dags/etl_fraud_pipeline.py
Traceback (most recent call last):
  File "/home/airflow/.local/lib/python3.12/site-packages/airflow/models/dagbag.py", line 383, in parse
    loader.exec_module(new_module)
  File "<frozen importlib._bootstrap_external>", line 999, in exec_module
  File "<frozen importlib._bootstrap>", line 488, in _call_with_frames_removed
  File "/opt/airflow/dags/etl_fraud_pipeline.py", line 8, in <module>
    from kaggle.api.kaggle_api_extended import KaggleApi
ModuleNotFoundError: No module named 'kaggle'
[2025-04-13T21:25:49.149+0000] {processor.py:927} WARNING - No viable dags retrieved from /opt/airflow/dags/etl_fraud_pipeline.py
[2025-04-13T21:25:51.131+0000] {processor.py:208} INFO - Processing /opt/airflow/dags/etl_fraud_pipeline.py took 26.371 seconds
[2025-04-13T21:30:43.209+0000] {processor.py:186} INFO - Started process (PID=255) to work on /opt/airflow/dags/etl_fraud_pipeline.py
[2025-04-13T21:30:43.345+0000] {processor.py:914} INFO - Processing file /opt/airflow/dags/etl_fraud_pipeline.py for tasks to queue
[2025-04-13T21:30:43.453+0000] {logging_mixin.py:190} INFO - [2025-04-13T21:30:43.452+0000] {dagbag.py:588} INFO - Filling up the DagBag from /opt/airflow/dags/etl_fraud_pipeline.py
[2025-04-13T21:30:49.629+0000] {logging_mixin.py:190} INFO - [2025-04-13T21:30:49.409+0000] {dagbag.py:387} ERROR - Failed to import: /opt/airflow/dags/etl_fraud_pipeline.py
Traceback (most recent call last):
  File "/home/airflow/.local/lib/python3.12/site-packages/airflow/models/dagbag.py", line 383, in parse
    loader.exec_module(new_module)
  File "<frozen importlib._bootstrap_external>", line 999, in exec_module
  File "<frozen importlib._bootstrap>", line 488, in _call_with_frames_removed
  File "/opt/airflow/dags/etl_fraud_pipeline.py", line 10, in <module>
    from kaggle.api.kaggle_api_extended import KaggleApi
ModuleNotFoundError: No module named 'kaggle'
[2025-04-13T21:30:49.713+0000] {processor.py:927} WARNING - No viable dags retrieved from /opt/airflow/dags/etl_fraud_pipeline.py
[2025-04-13T21:30:50.954+0000] {processor.py:208} INFO - Processing /opt/airflow/dags/etl_fraud_pipeline.py took 8.286 seconds
[2025-04-13T21:34:48.489+0000] {processor.py:186} INFO - Started process (PID=348) to work on /opt/airflow/dags/etl_fraud_pipeline.py
[2025-04-13T21:34:48.524+0000] {processor.py:914} INFO - Processing file /opt/airflow/dags/etl_fraud_pipeline.py for tasks to queue
[2025-04-13T21:34:48.527+0000] {logging_mixin.py:190} INFO - [2025-04-13T21:34:48.527+0000] {dagbag.py:588} INFO - Filling up the DagBag from /opt/airflow/dags/etl_fraud_pipeline.py
[2025-04-13T21:34:51.879+0000] {logging_mixin.py:190} INFO - [2025-04-13T21:34:51.385+0000] {dagbag.py:387} ERROR - Failed to import: /opt/airflow/dags/etl_fraud_pipeline.py
Traceback (most recent call last):
  File "/home/airflow/.local/lib/python3.12/site-packages/airflow/models/dagbag.py", line 383, in parse
    loader.exec_module(new_module)
  File "<frozen importlib._bootstrap_external>", line 999, in exec_module
  File "<frozen importlib._bootstrap>", line 488, in _call_with_frames_removed
  File "/opt/airflow/dags/etl_fraud_pipeline.py", line 10, in <module>
    from kaggle.api.kaggle_api_extended import KaggleApi
ModuleNotFoundError: No module named 'kaggle'
[2025-04-13T21:34:51.994+0000] {processor.py:927} WARNING - No viable dags retrieved from /opt/airflow/dags/etl_fraud_pipeline.py
[2025-04-13T21:34:53.655+0000] {processor.py:208} INFO - Processing /opt/airflow/dags/etl_fraud_pipeline.py took 5.601 seconds
[2025-04-13T21:37:47.498+0000] {processor.py:186} INFO - Started process (PID=426) to work on /opt/airflow/dags/etl_fraud_pipeline.py
[2025-04-13T21:37:47.533+0000] {processor.py:914} INFO - Processing file /opt/airflow/dags/etl_fraud_pipeline.py for tasks to queue
[2025-04-13T21:37:47.582+0000] {logging_mixin.py:190} INFO - [2025-04-13T21:37:47.581+0000] {dagbag.py:588} INFO - Filling up the DagBag from /opt/airflow/dags/etl_fraud_pipeline.py
[2025-04-13T21:37:50.046+0000] {logging_mixin.py:190} INFO - [2025-04-13T21:37:49.989+0000] {dagbag.py:387} ERROR - Failed to import: /opt/airflow/dags/etl_fraud_pipeline.py
Traceback (most recent call last):
  File "/home/airflow/.local/lib/python3.12/site-packages/airflow/models/dagbag.py", line 383, in parse
    loader.exec_module(new_module)
  File "<frozen importlib._bootstrap_external>", line 999, in exec_module
  File "<frozen importlib._bootstrap>", line 488, in _call_with_frames_removed
  File "/opt/airflow/dags/etl_fraud_pipeline.py", line 10, in <module>
    from kaggle.api.kaggle_api_extended import KaggleApi
ModuleNotFoundError: No module named 'kaggle'
[2025-04-13T21:37:50.125+0000] {processor.py:927} WARNING - No viable dags retrieved from /opt/airflow/dags/etl_fraud_pipeline.py
[2025-04-13T21:37:50.400+0000] {processor.py:208} INFO - Processing /opt/airflow/dags/etl_fraud_pipeline.py took 3.037 seconds
[2025-04-13T21:50:16.440+0000] {processor.py:186} INFO - Started process (PID=124) to work on /opt/airflow/dags/etl_fraud_pipeline.py
[2025-04-13T21:50:16.790+0000] {processor.py:914} INFO - Processing file /opt/airflow/dags/etl_fraud_pipeline.py for tasks to queue
[2025-04-13T21:50:16.858+0000] {logging_mixin.py:190} INFO - [2025-04-13T21:50:16.833+0000] {dagbag.py:588} INFO - Filling up the DagBag from /opt/airflow/dags/etl_fraud_pipeline.py
[2025-04-13T21:50:22.253+0000] {logging_mixin.py:190} INFO - [2025-04-13T21:50:21.976+0000] {dagbag.py:387} ERROR - Failed to import: /opt/airflow/dags/etl_fraud_pipeline.py
Traceback (most recent call last):
  File "/home/airflow/.local/lib/python3.12/site-packages/airflow/models/dagbag.py", line 383, in parse
    loader.exec_module(new_module)
  File "<frozen importlib._bootstrap_external>", line 999, in exec_module
  File "<frozen importlib._bootstrap>", line 488, in _call_with_frames_removed
  File "/opt/airflow/dags/etl_fraud_pipeline.py", line 10, in <module>
    from kaggle.api.kaggle_api_extended import KaggleApi
ModuleNotFoundError: No module named 'kaggle'
[2025-04-13T21:50:22.431+0000] {processor.py:927} WARNING - No viable dags retrieved from /opt/airflow/dags/etl_fraud_pipeline.py
[2025-04-13T21:50:23.875+0000] {processor.py:208} INFO - Processing /opt/airflow/dags/etl_fraud_pipeline.py took 7.709 seconds
[2025-04-13T22:12:11.800+0000] {processor.py:186} INFO - Started process (PID=142) to work on /opt/airflow/dags/etl_fraud_pipeline.py
[2025-04-13T22:12:11.890+0000] {processor.py:914} INFO - Processing file /opt/airflow/dags/etl_fraud_pipeline.py for tasks to queue
[2025-04-13T22:12:12.589+0000] {logging_mixin.py:190} INFO - [2025-04-13T22:12:12.381+0000] {dagbag.py:588} INFO - Filling up the DagBag from /opt/airflow/dags/etl_fraud_pipeline.py
[2025-04-13T22:12:18.022+0000] {logging_mixin.py:190} INFO - [2025-04-13T22:12:17.916+0000] {dagbag.py:387} ERROR - Failed to import: /opt/airflow/dags/etl_fraud_pipeline.py
Traceback (most recent call last):
  File "/home/airflow/.local/lib/python3.12/site-packages/airflow/models/dagbag.py", line 383, in parse
    loader.exec_module(new_module)
  File "<frozen importlib._bootstrap_external>", line 999, in exec_module
  File "<frozen importlib._bootstrap>", line 488, in _call_with_frames_removed
  File "/opt/airflow/dags/etl_fraud_pipeline.py", line 10, in <module>
    from kaggle.api.kaggle_api_extended import KaggleApi
ModuleNotFoundError: No module named 'kaggle'
[2025-04-13T22:12:18.297+0000] {processor.py:927} WARNING - No viable dags retrieved from /opt/airflow/dags/etl_fraud_pipeline.py
[2025-04-13T22:12:20.785+0000] {processor.py:208} INFO - Processing /opt/airflow/dags/etl_fraud_pipeline.py took 9.129 seconds
[2025-04-13T22:31:11.051+0000] {processor.py:186} INFO - Started process (PID=88) to work on /opt/airflow/dags/etl_fraud_pipeline.py
[2025-04-13T22:31:11.073+0000] {processor.py:914} INFO - Processing file /opt/airflow/dags/etl_fraud_pipeline.py for tasks to queue
[2025-04-13T22:31:11.091+0000] {logging_mixin.py:190} INFO - [2025-04-13T22:31:11.090+0000] {dagbag.py:588} INFO - Filling up the DagBag from /opt/airflow/dags/etl_fraud_pipeline.py
[2025-04-13T22:31:14.353+0000] {logging_mixin.py:190} INFO - [2025-04-13T22:31:14.339+0000] {dagbag.py:387} ERROR - Failed to import: /opt/airflow/dags/etl_fraud_pipeline.py
Traceback (most recent call last):
  File "/home/airflow/.local/lib/python3.12/site-packages/airflow/models/dagbag.py", line 383, in parse
    loader.exec_module(new_module)
  File "<frozen importlib._bootstrap_external>", line 999, in exec_module
  File "<frozen importlib._bootstrap>", line 488, in _call_with_frames_removed
  File "/opt/airflow/dags/etl_fraud_pipeline.py", line 10, in <module>
    from kaggle.api.kaggle_api_extended import KaggleApi
ModuleNotFoundError: No module named 'kaggle'
[2025-04-13T22:31:14.356+0000] {processor.py:927} WARNING - No viable dags retrieved from /opt/airflow/dags/etl_fraud_pipeline.py
[2025-04-13T22:31:14.598+0000] {processor.py:208} INFO - Processing /opt/airflow/dags/etl_fraud_pipeline.py took 3.596 seconds
[2025-04-13T22:32:20.828+0000] {processor.py:186} INFO - Started process (PID=157) to work on /opt/airflow/dags/etl_fraud_pipeline.py
[2025-04-13T22:32:20.843+0000] {processor.py:914} INFO - Processing file /opt/airflow/dags/etl_fraud_pipeline.py for tasks to queue
[2025-04-13T22:32:20.863+0000] {logging_mixin.py:190} INFO - [2025-04-13T22:32:20.863+0000] {dagbag.py:588} INFO - Filling up the DagBag from /opt/airflow/dags/etl_fraud_pipeline.py
[2025-04-13T22:32:21.610+0000] {logging_mixin.py:190} INFO - [2025-04-13T22:32:21.566+0000] {dagbag.py:387} ERROR - Failed to import: /opt/airflow/dags/etl_fraud_pipeline.py
Traceback (most recent call last):
  File "/home/airflow/.local/lib/python3.12/site-packages/airflow/models/dagbag.py", line 383, in parse
    loader.exec_module(new_module)
  File "<frozen importlib._bootstrap_external>", line 999, in exec_module
  File "<frozen importlib._bootstrap>", line 488, in _call_with_frames_removed
  File "/opt/airflow/dags/etl_fraud_pipeline.py", line 10, in <module>
    from kaggle.api.kaggle_api_extended import KaggleApi
ModuleNotFoundError: No module named 'kaggle'
[2025-04-13T22:32:21.629+0000] {processor.py:927} WARNING - No viable dags retrieved from /opt/airflow/dags/etl_fraud_pipeline.py
[2025-04-13T22:32:21.736+0000] {processor.py:208} INFO - Processing /opt/airflow/dags/etl_fraud_pipeline.py took 0.945 seconds
[2025-04-13T22:32:53.056+0000] {processor.py:186} INFO - Started process (PID=221) to work on /opt/airflow/dags/etl_fraud_pipeline.py
[2025-04-13T22:32:53.062+0000] {processor.py:914} INFO - Processing file /opt/airflow/dags/etl_fraud_pipeline.py for tasks to queue
[2025-04-13T22:32:53.085+0000] {logging_mixin.py:190} INFO - [2025-04-13T22:32:53.085+0000] {dagbag.py:588} INFO - Filling up the DagBag from /opt/airflow/dags/etl_fraud_pipeline.py
[2025-04-13T22:32:54.447+0000] {logging_mixin.py:190} INFO - [2025-04-13T22:32:54.433+0000] {dagbag.py:387} ERROR - Failed to import: /opt/airflow/dags/etl_fraud_pipeline.py
Traceback (most recent call last):
  File "/home/airflow/.local/lib/python3.12/site-packages/airflow/models/dagbag.py", line 383, in parse
    loader.exec_module(new_module)
  File "<frozen importlib._bootstrap_external>", line 999, in exec_module
  File "<frozen importlib._bootstrap>", line 488, in _call_with_frames_removed
  File "/opt/airflow/dags/etl_fraud_pipeline.py", line 10, in <module>
    from kaggle.api.kaggle_api_extended import KaggleApi
ModuleNotFoundError: No module named 'kaggle'
[2025-04-13T22:32:54.454+0000] {processor.py:927} WARNING - No viable dags retrieved from /opt/airflow/dags/etl_fraud_pipeline.py
[2025-04-13T22:32:54.657+0000] {processor.py:208} INFO - Processing /opt/airflow/dags/etl_fraud_pipeline.py took 1.736 seconds
[2025-04-13T22:33:25.514+0000] {processor.py:186} INFO - Started process (PID=284) to work on /opt/airflow/dags/etl_fraud_pipeline.py
[2025-04-13T22:33:25.523+0000] {processor.py:914} INFO - Processing file /opt/airflow/dags/etl_fraud_pipeline.py for tasks to queue
[2025-04-13T22:33:25.573+0000] {logging_mixin.py:190} INFO - [2025-04-13T22:33:25.572+0000] {dagbag.py:588} INFO - Filling up the DagBag from /opt/airflow/dags/etl_fraud_pipeline.py
[2025-04-13T22:33:25.993+0000] {logging_mixin.py:190} INFO - [2025-04-13T22:33:25.974+0000] {dagbag.py:387} ERROR - Failed to import: /opt/airflow/dags/etl_fraud_pipeline.py
Traceback (most recent call last):
  File "/home/airflow/.local/lib/python3.12/site-packages/airflow/models/dagbag.py", line 383, in parse
    loader.exec_module(new_module)
  File "<frozen importlib._bootstrap_external>", line 999, in exec_module
  File "<frozen importlib._bootstrap>", line 488, in _call_with_frames_removed
  File "/opt/airflow/dags/etl_fraud_pipeline.py", line 10, in <module>
    from kaggle.api.kaggle_api_extended import KaggleApi
ModuleNotFoundError: No module named 'kaggle'
[2025-04-13T22:33:26.003+0000] {processor.py:927} WARNING - No viable dags retrieved from /opt/airflow/dags/etl_fraud_pipeline.py
[2025-04-13T22:33:26.101+0000] {processor.py:208} INFO - Processing /opt/airflow/dags/etl_fraud_pipeline.py took 0.608 seconds
[2025-04-13T22:33:56.674+0000] {processor.py:186} INFO - Started process (PID=348) to work on /opt/airflow/dags/etl_fraud_pipeline.py
[2025-04-13T22:33:56.682+0000] {processor.py:914} INFO - Processing file /opt/airflow/dags/etl_fraud_pipeline.py for tasks to queue
[2025-04-13T22:33:56.708+0000] {logging_mixin.py:190} INFO - [2025-04-13T22:33:56.695+0000] {dagbag.py:588} INFO - Filling up the DagBag from /opt/airflow/dags/etl_fraud_pipeline.py
[2025-04-13T22:33:56.944+0000] {logging_mixin.py:190} INFO - [2025-04-13T22:33:56.938+0000] {dagbag.py:387} ERROR - Failed to import: /opt/airflow/dags/etl_fraud_pipeline.py
Traceback (most recent call last):
  File "/home/airflow/.local/lib/python3.12/site-packages/airflow/models/dagbag.py", line 383, in parse
    loader.exec_module(new_module)
  File "<frozen importlib._bootstrap_external>", line 999, in exec_module
  File "<frozen importlib._bootstrap>", line 488, in _call_with_frames_removed
  File "/opt/airflow/dags/etl_fraud_pipeline.py", line 10, in <module>
    from kaggle.api.kaggle_api_extended import KaggleApi
ModuleNotFoundError: No module named 'kaggle'
[2025-04-13T22:33:56.945+0000] {processor.py:927} WARNING - No viable dags retrieved from /opt/airflow/dags/etl_fraud_pipeline.py
[2025-04-13T22:33:57.004+0000] {processor.py:208} INFO - Processing /opt/airflow/dags/etl_fraud_pipeline.py took 0.345 seconds
[2025-04-13T22:34:34.877+0000] {processor.py:186} INFO - Started process (PID=418) to work on /opt/airflow/dags/etl_fraud_pipeline.py
[2025-04-13T22:34:34.880+0000] {processor.py:914} INFO - Processing file /opt/airflow/dags/etl_fraud_pipeline.py for tasks to queue
[2025-04-13T22:34:34.887+0000] {logging_mixin.py:190} INFO - [2025-04-13T22:34:34.886+0000] {dagbag.py:588} INFO - Filling up the DagBag from /opt/airflow/dags/etl_fraud_pipeline.py
[2025-04-13T22:34:35.180+0000] {logging_mixin.py:190} INFO - [2025-04-13T22:34:35.176+0000] {dagbag.py:387} ERROR - Failed to import: /opt/airflow/dags/etl_fraud_pipeline.py
Traceback (most recent call last):
  File "/home/airflow/.local/lib/python3.12/site-packages/airflow/models/dagbag.py", line 383, in parse
    loader.exec_module(new_module)
  File "<frozen importlib._bootstrap_external>", line 999, in exec_module
  File "<frozen importlib._bootstrap>", line 488, in _call_with_frames_removed
  File "/opt/airflow/dags/etl_fraud_pipeline.py", line 10, in <module>
    from kaggle.api.kaggle_api_extended import KaggleApi
ModuleNotFoundError: No module named 'kaggle'
[2025-04-13T22:34:35.185+0000] {processor.py:927} WARNING - No viable dags retrieved from /opt/airflow/dags/etl_fraud_pipeline.py
[2025-04-13T22:34:35.270+0000] {processor.py:208} INFO - Processing /opt/airflow/dags/etl_fraud_pipeline.py took 0.404 seconds
[2025-04-13T22:35:10.920+0000] {processor.py:186} INFO - Started process (PID=462) to work on /opt/airflow/dags/etl_fraud_pipeline.py
[2025-04-13T22:35:10.962+0000] {processor.py:914} INFO - Processing file /opt/airflow/dags/etl_fraud_pipeline.py for tasks to queue
[2025-04-13T22:35:10.984+0000] {logging_mixin.py:190} INFO - [2025-04-13T22:35:10.983+0000] {dagbag.py:588} INFO - Filling up the DagBag from /opt/airflow/dags/etl_fraud_pipeline.py
[2025-04-13T22:35:11.524+0000] {logging_mixin.py:190} INFO - [2025-04-13T22:35:11.484+0000] {dagbag.py:387} ERROR - Failed to import: /opt/airflow/dags/etl_fraud_pipeline.py
Traceback (most recent call last):
  File "/home/airflow/.local/lib/python3.12/site-packages/airflow/models/dagbag.py", line 383, in parse
    loader.exec_module(new_module)
  File "<frozen importlib._bootstrap_external>", line 999, in exec_module
  File "<frozen importlib._bootstrap>", line 488, in _call_with_frames_removed
  File "/opt/airflow/dags/etl_fraud_pipeline.py", line 10, in <module>
    from kaggle.api.kaggle_api_extended import KaggleApi
ModuleNotFoundError: No module named 'kaggle'
[2025-04-13T22:35:11.542+0000] {processor.py:927} WARNING - No viable dags retrieved from /opt/airflow/dags/etl_fraud_pipeline.py
[2025-04-13T22:35:11.750+0000] {processor.py:208} INFO - Processing /opt/airflow/dags/etl_fraud_pipeline.py took 0.861 seconds
[2025-04-13T22:35:45.986+0000] {processor.py:186} INFO - Started process (PID=519) to work on /opt/airflow/dags/etl_fraud_pipeline.py
[2025-04-13T22:35:46.008+0000] {processor.py:914} INFO - Processing file /opt/airflow/dags/etl_fraud_pipeline.py for tasks to queue
[2025-04-13T22:35:46.013+0000] {logging_mixin.py:190} INFO - [2025-04-13T22:35:46.012+0000] {dagbag.py:588} INFO - Filling up the DagBag from /opt/airflow/dags/etl_fraud_pipeline.py
[2025-04-13T22:35:46.716+0000] {logging_mixin.py:190} INFO - [2025-04-13T22:35:46.651+0000] {dagbag.py:387} ERROR - Failed to import: /opt/airflow/dags/etl_fraud_pipeline.py
Traceback (most recent call last):
  File "/home/airflow/.local/lib/python3.12/site-packages/airflow/models/dagbag.py", line 383, in parse
    loader.exec_module(new_module)
  File "<frozen importlib._bootstrap_external>", line 999, in exec_module
  File "<frozen importlib._bootstrap>", line 488, in _call_with_frames_removed
  File "/opt/airflow/dags/etl_fraud_pipeline.py", line 10, in <module>
    from kaggle.api.kaggle_api_extended import KaggleApi
ModuleNotFoundError: No module named 'kaggle'
[2025-04-13T22:35:46.728+0000] {processor.py:927} WARNING - No viable dags retrieved from /opt/airflow/dags/etl_fraud_pipeline.py
[2025-04-13T22:35:47.037+0000] {processor.py:208} INFO - Processing /opt/airflow/dags/etl_fraud_pipeline.py took 1.119 seconds
[2025-04-13T22:36:24.536+0000] {processor.py:186} INFO - Started process (PID=583) to work on /opt/airflow/dags/etl_fraud_pipeline.py
[2025-04-13T22:36:24.547+0000] {processor.py:914} INFO - Processing file /opt/airflow/dags/etl_fraud_pipeline.py for tasks to queue
[2025-04-13T22:36:24.564+0000] {logging_mixin.py:190} INFO - [2025-04-13T22:36:24.563+0000] {dagbag.py:588} INFO - Filling up the DagBag from /opt/airflow/dags/etl_fraud_pipeline.py
[2025-04-13T22:36:25.096+0000] {logging_mixin.py:190} INFO - [2025-04-13T22:36:25.079+0000] {dagbag.py:387} ERROR - Failed to import: /opt/airflow/dags/etl_fraud_pipeline.py
Traceback (most recent call last):
  File "/home/airflow/.local/lib/python3.12/site-packages/airflow/models/dagbag.py", line 383, in parse
    loader.exec_module(new_module)
  File "<frozen importlib._bootstrap_external>", line 999, in exec_module
  File "<frozen importlib._bootstrap>", line 488, in _call_with_frames_removed
  File "/opt/airflow/dags/etl_fraud_pipeline.py", line 10, in <module>
    from kaggle.api.kaggle_api_extended import KaggleApi
ModuleNotFoundError: No module named 'kaggle'
[2025-04-13T22:36:25.097+0000] {processor.py:927} WARNING - No viable dags retrieved from /opt/airflow/dags/etl_fraud_pipeline.py
[2025-04-13T22:36:25.441+0000] {processor.py:208} INFO - Processing /opt/airflow/dags/etl_fraud_pipeline.py took 0.939 seconds
[2025-04-13T22:37:00.291+0000] {processor.py:186} INFO - Started process (PID=647) to work on /opt/airflow/dags/etl_fraud_pipeline.py
[2025-04-13T22:37:00.329+0000] {processor.py:914} INFO - Processing file /opt/airflow/dags/etl_fraud_pipeline.py for tasks to queue
[2025-04-13T22:37:00.530+0000] {logging_mixin.py:190} INFO - [2025-04-13T22:37:00.529+0000] {dagbag.py:588} INFO - Filling up the DagBag from /opt/airflow/dags/etl_fraud_pipeline.py
[2025-04-13T22:37:01.230+0000] {logging_mixin.py:190} INFO - [2025-04-13T22:37:01.183+0000] {dagbag.py:387} ERROR - Failed to import: /opt/airflow/dags/etl_fraud_pipeline.py
Traceback (most recent call last):
  File "/home/airflow/.local/lib/python3.12/site-packages/airflow/models/dagbag.py", line 383, in parse
    loader.exec_module(new_module)
  File "<frozen importlib._bootstrap_external>", line 999, in exec_module
  File "<frozen importlib._bootstrap>", line 488, in _call_with_frames_removed
  File "/opt/airflow/dags/etl_fraud_pipeline.py", line 10, in <module>
    from kaggle.api.kaggle_api_extended import KaggleApi
ModuleNotFoundError: No module named 'kaggle'
[2025-04-13T22:37:01.257+0000] {processor.py:927} WARNING - No viable dags retrieved from /opt/airflow/dags/etl_fraud_pipeline.py
[2025-04-13T22:37:01.818+0000] {processor.py:208} INFO - Processing /opt/airflow/dags/etl_fraud_pipeline.py took 1.659 seconds
[2025-04-13T22:37:52.334+0000] {processor.py:186} INFO - Started process (PID=714) to work on /opt/airflow/dags/etl_fraud_pipeline.py
[2025-04-13T22:37:52.338+0000] {processor.py:914} INFO - Processing file /opt/airflow/dags/etl_fraud_pipeline.py for tasks to queue
[2025-04-13T22:37:52.344+0000] {logging_mixin.py:190} INFO - [2025-04-13T22:37:52.343+0000] {dagbag.py:588} INFO - Filling up the DagBag from /opt/airflow/dags/etl_fraud_pipeline.py
[2025-04-13T22:37:52.756+0000] {logging_mixin.py:190} INFO - [2025-04-13T22:37:52.751+0000] {dagbag.py:387} ERROR - Failed to import: /opt/airflow/dags/etl_fraud_pipeline.py
Traceback (most recent call last):
  File "/home/airflow/.local/lib/python3.12/site-packages/airflow/models/dagbag.py", line 383, in parse
    loader.exec_module(new_module)
  File "<frozen importlib._bootstrap_external>", line 999, in exec_module
  File "<frozen importlib._bootstrap>", line 488, in _call_with_frames_removed
  File "/opt/airflow/dags/etl_fraud_pipeline.py", line 10, in <module>
    from kaggle.api.kaggle_api_extended import KaggleApi
ModuleNotFoundError: No module named 'kaggle'
[2025-04-13T22:37:52.758+0000] {processor.py:927} WARNING - No viable dags retrieved from /opt/airflow/dags/etl_fraud_pipeline.py
[2025-04-13T22:37:52.856+0000] {processor.py:208} INFO - Processing /opt/airflow/dags/etl_fraud_pipeline.py took 0.561 seconds
[2025-04-13T22:38:25.318+0000] {processor.py:186} INFO - Started process (PID=769) to work on /opt/airflow/dags/etl_fraud_pipeline.py
[2025-04-13T22:38:25.321+0000] {processor.py:914} INFO - Processing file /opt/airflow/dags/etl_fraud_pipeline.py for tasks to queue
[2025-04-13T22:38:25.334+0000] {logging_mixin.py:190} INFO - [2025-04-13T22:38:25.334+0000] {dagbag.py:588} INFO - Filling up the DagBag from /opt/airflow/dags/etl_fraud_pipeline.py
[2025-04-13T22:38:25.720+0000] {logging_mixin.py:190} INFO - [2025-04-13T22:38:25.671+0000] {dagbag.py:387} ERROR - Failed to import: /opt/airflow/dags/etl_fraud_pipeline.py
Traceback (most recent call last):
  File "/home/airflow/.local/lib/python3.12/site-packages/airflow/models/dagbag.py", line 383, in parse
    loader.exec_module(new_module)
  File "<frozen importlib._bootstrap_external>", line 999, in exec_module
  File "<frozen importlib._bootstrap>", line 488, in _call_with_frames_removed
  File "/opt/airflow/dags/etl_fraud_pipeline.py", line 10, in <module>
    from kaggle.api.kaggle_api_extended import KaggleApi
ModuleNotFoundError: No module named 'kaggle'
[2025-04-13T22:38:25.724+0000] {processor.py:927} WARNING - No viable dags retrieved from /opt/airflow/dags/etl_fraud_pipeline.py
[2025-04-13T22:38:25.861+0000] {processor.py:208} INFO - Processing /opt/airflow/dags/etl_fraud_pipeline.py took 0.602 seconds
[2025-04-13T22:38:58.554+0000] {processor.py:186} INFO - Started process (PID=825) to work on /opt/airflow/dags/etl_fraud_pipeline.py
[2025-04-13T22:38:58.561+0000] {processor.py:914} INFO - Processing file /opt/airflow/dags/etl_fraud_pipeline.py for tasks to queue
[2025-04-13T22:38:58.578+0000] {logging_mixin.py:190} INFO - [2025-04-13T22:38:58.576+0000] {dagbag.py:588} INFO - Filling up the DagBag from /opt/airflow/dags/etl_fraud_pipeline.py
[2025-04-13T22:38:59.289+0000] {logging_mixin.py:190} INFO - [2025-04-13T22:38:59.265+0000] {dagbag.py:387} ERROR - Failed to import: /opt/airflow/dags/etl_fraud_pipeline.py
Traceback (most recent call last):
  File "/home/airflow/.local/lib/python3.12/site-packages/airflow/models/dagbag.py", line 383, in parse
    loader.exec_module(new_module)
  File "<frozen importlib._bootstrap_external>", line 999, in exec_module
  File "<frozen importlib._bootstrap>", line 488, in _call_with_frames_removed
  File "/opt/airflow/dags/etl_fraud_pipeline.py", line 10, in <module>
    from kaggle.api.kaggle_api_extended import KaggleApi
ModuleNotFoundError: No module named 'kaggle'
[2025-04-13T22:38:59.307+0000] {processor.py:927} WARNING - No viable dags retrieved from /opt/airflow/dags/etl_fraud_pipeline.py
[2025-04-13T22:38:59.422+0000] {processor.py:208} INFO - Processing /opt/airflow/dags/etl_fraud_pipeline.py took 0.927 seconds
[2025-04-13T22:39:32.437+0000] {processor.py:186} INFO - Started process (PID=888) to work on /opt/airflow/dags/etl_fraud_pipeline.py
[2025-04-13T22:39:32.440+0000] {processor.py:914} INFO - Processing file /opt/airflow/dags/etl_fraud_pipeline.py for tasks to queue
[2025-04-13T22:39:32.463+0000] {logging_mixin.py:190} INFO - [2025-04-13T22:39:32.462+0000] {dagbag.py:588} INFO - Filling up the DagBag from /opt/airflow/dags/etl_fraud_pipeline.py
[2025-04-13T22:39:33.971+0000] {logging_mixin.py:190} INFO - [2025-04-13T22:39:33.783+0000] {dagbag.py:387} ERROR - Failed to import: /opt/airflow/dags/etl_fraud_pipeline.py
Traceback (most recent call last):
  File "/home/airflow/.local/lib/python3.12/site-packages/airflow/models/dagbag.py", line 383, in parse
    loader.exec_module(new_module)
  File "<frozen importlib._bootstrap_external>", line 999, in exec_module
  File "<frozen importlib._bootstrap>", line 488, in _call_with_frames_removed
  File "/opt/airflow/dags/etl_fraud_pipeline.py", line 10, in <module>
    from kaggle.api.kaggle_api_extended import KaggleApi
ModuleNotFoundError: No module named 'kaggle'
[2025-04-13T22:39:33.981+0000] {processor.py:927} WARNING - No viable dags retrieved from /opt/airflow/dags/etl_fraud_pipeline.py
[2025-04-13T22:39:34.161+0000] {processor.py:208} INFO - Processing /opt/airflow/dags/etl_fraud_pipeline.py took 1.844 seconds
[2025-04-13T22:40:14.864+0000] {processor.py:186} INFO - Started process (PID=920) to work on /opt/airflow/dags/etl_fraud_pipeline.py
[2025-04-13T22:40:14.902+0000] {processor.py:914} INFO - Processing file /opt/airflow/dags/etl_fraud_pipeline.py for tasks to queue
[2025-04-13T22:40:15.152+0000] {logging_mixin.py:190} INFO - [2025-04-13T22:40:15.144+0000] {dagbag.py:588} INFO - Filling up the DagBag from /opt/airflow/dags/etl_fraud_pipeline.py
[2025-04-13T22:40:16.396+0000] {logging_mixin.py:190} INFO - [2025-04-13T22:40:16.385+0000] {dagbag.py:387} ERROR - Failed to import: /opt/airflow/dags/etl_fraud_pipeline.py
Traceback (most recent call last):
  File "/home/airflow/.local/lib/python3.12/site-packages/airflow/models/dagbag.py", line 383, in parse
    loader.exec_module(new_module)
  File "<frozen importlib._bootstrap_external>", line 999, in exec_module
  File "<frozen importlib._bootstrap>", line 488, in _call_with_frames_removed
  File "/opt/airflow/dags/etl_fraud_pipeline.py", line 10, in <module>
    from kaggle.api.kaggle_api_extended import KaggleApi
ModuleNotFoundError: No module named 'kaggle'
[2025-04-13T22:40:16.427+0000] {processor.py:927} WARNING - No viable dags retrieved from /opt/airflow/dags/etl_fraud_pipeline.py
[2025-04-13T22:40:16.912+0000] {processor.py:208} INFO - Processing /opt/airflow/dags/etl_fraud_pipeline.py took 2.155 seconds
[2025-04-13T22:41:28.579+0000] {processor.py:186} INFO - Started process (PID=975) to work on /opt/airflow/dags/etl_fraud_pipeline.py
[2025-04-13T22:41:28.609+0000] {processor.py:914} INFO - Processing file /opt/airflow/dags/etl_fraud_pipeline.py for tasks to queue
[2025-04-13T22:41:28.631+0000] {logging_mixin.py:190} INFO - [2025-04-13T22:41:28.630+0000] {dagbag.py:588} INFO - Filling up the DagBag from /opt/airflow/dags/etl_fraud_pipeline.py
[2025-04-13T22:41:29.594+0000] {logging_mixin.py:190} INFO - [2025-04-13T22:41:29.550+0000] {dagbag.py:387} ERROR - Failed to import: /opt/airflow/dags/etl_fraud_pipeline.py
Traceback (most recent call last):
  File "/home/airflow/.local/lib/python3.12/site-packages/airflow/models/dagbag.py", line 383, in parse
    loader.exec_module(new_module)
  File "<frozen importlib._bootstrap_external>", line 999, in exec_module
  File "<frozen importlib._bootstrap>", line 488, in _call_with_frames_removed
  File "/opt/airflow/dags/etl_fraud_pipeline.py", line 10, in <module>
    from kaggle.api.kaggle_api_extended import KaggleApi
ModuleNotFoundError: No module named 'kaggle'
[2025-04-13T22:41:29.621+0000] {processor.py:927} WARNING - No viable dags retrieved from /opt/airflow/dags/etl_fraud_pipeline.py
[2025-04-13T22:41:30.252+0000] {processor.py:208} INFO - Processing /opt/airflow/dags/etl_fraud_pipeline.py took 1.691 seconds
[2025-04-13T22:42:09.796+0000] {processor.py:186} INFO - Started process (PID=1023) to work on /opt/airflow/dags/etl_fraud_pipeline.py
[2025-04-13T22:42:09.800+0000] {processor.py:914} INFO - Processing file /opt/airflow/dags/etl_fraud_pipeline.py for tasks to queue
[2025-04-13T22:42:09.824+0000] {logging_mixin.py:190} INFO - [2025-04-13T22:42:09.822+0000] {dagbag.py:588} INFO - Filling up the DagBag from /opt/airflow/dags/etl_fraud_pipeline.py
[2025-04-13T22:42:10.126+0000] {logging_mixin.py:190} INFO - [2025-04-13T22:42:10.110+0000] {dagbag.py:387} ERROR - Failed to import: /opt/airflow/dags/etl_fraud_pipeline.py
Traceback (most recent call last):
  File "/home/airflow/.local/lib/python3.12/site-packages/airflow/models/dagbag.py", line 383, in parse
    loader.exec_module(new_module)
  File "<frozen importlib._bootstrap_external>", line 999, in exec_module
  File "<frozen importlib._bootstrap>", line 488, in _call_with_frames_removed
  File "/opt/airflow/dags/etl_fraud_pipeline.py", line 10, in <module>
    from kaggle.api.kaggle_api_extended import KaggleApi
ModuleNotFoundError: No module named 'kaggle'
[2025-04-13T22:42:10.128+0000] {processor.py:927} WARNING - No viable dags retrieved from /opt/airflow/dags/etl_fraud_pipeline.py
[2025-04-13T22:42:10.211+0000] {processor.py:208} INFO - Processing /opt/airflow/dags/etl_fraud_pipeline.py took 0.439 seconds
[2025-04-13T22:42:47.016+0000] {processor.py:186} INFO - Started process (PID=1093) to work on /opt/airflow/dags/etl_fraud_pipeline.py
[2025-04-13T22:42:47.019+0000] {processor.py:914} INFO - Processing file /opt/airflow/dags/etl_fraud_pipeline.py for tasks to queue
[2025-04-13T22:42:47.027+0000] {logging_mixin.py:190} INFO - [2025-04-13T22:42:47.027+0000] {dagbag.py:588} INFO - Filling up the DagBag from /opt/airflow/dags/etl_fraud_pipeline.py
[2025-04-13T22:42:47.657+0000] {logging_mixin.py:190} INFO - [2025-04-13T22:42:47.613+0000] {dagbag.py:387} ERROR - Failed to import: /opt/airflow/dags/etl_fraud_pipeline.py
Traceback (most recent call last):
  File "/home/airflow/.local/lib/python3.12/site-packages/airflow/models/dagbag.py", line 383, in parse
    loader.exec_module(new_module)
  File "<frozen importlib._bootstrap_external>", line 999, in exec_module
  File "<frozen importlib._bootstrap>", line 488, in _call_with_frames_removed
  File "/opt/airflow/dags/etl_fraud_pipeline.py", line 10, in <module>
    from kaggle.api.kaggle_api_extended import KaggleApi
ModuleNotFoundError: No module named 'kaggle'
[2025-04-13T22:42:47.682+0000] {processor.py:927} WARNING - No viable dags retrieved from /opt/airflow/dags/etl_fraud_pipeline.py
[2025-04-13T22:42:47.778+0000] {processor.py:208} INFO - Processing /opt/airflow/dags/etl_fraud_pipeline.py took 0.804 seconds
[2025-04-13T22:43:21.550+0000] {processor.py:186} INFO - Started process (PID=1128) to work on /opt/airflow/dags/etl_fraud_pipeline.py
[2025-04-13T22:43:21.578+0000] {processor.py:914} INFO - Processing file /opt/airflow/dags/etl_fraud_pipeline.py for tasks to queue
[2025-04-13T22:43:21.604+0000] {logging_mixin.py:190} INFO - [2025-04-13T22:43:21.604+0000] {dagbag.py:588} INFO - Filling up the DagBag from /opt/airflow/dags/etl_fraud_pipeline.py
[2025-04-13T22:43:22.850+0000] {logging_mixin.py:190} INFO - [2025-04-13T22:43:22.780+0000] {dagbag.py:387} ERROR - Failed to import: /opt/airflow/dags/etl_fraud_pipeline.py
Traceback (most recent call last):
  File "/home/airflow/.local/lib/python3.12/site-packages/airflow/models/dagbag.py", line 383, in parse
    loader.exec_module(new_module)
  File "<frozen importlib._bootstrap_external>", line 999, in exec_module
  File "<frozen importlib._bootstrap>", line 488, in _call_with_frames_removed
  File "/opt/airflow/dags/etl_fraud_pipeline.py", line 10, in <module>
    from kaggle.api.kaggle_api_extended import KaggleApi
ModuleNotFoundError: No module named 'kaggle'
[2025-04-13T22:43:22.860+0000] {processor.py:927} WARNING - No viable dags retrieved from /opt/airflow/dags/etl_fraud_pipeline.py
[2025-04-13T22:43:23.167+0000] {processor.py:208} INFO - Processing /opt/airflow/dags/etl_fraud_pipeline.py took 1.650 seconds
[2025-04-13T22:44:18.949+0000] {processor.py:186} INFO - Started process (PID=1174) to work on /opt/airflow/dags/etl_fraud_pipeline.py
[2025-04-13T22:44:18.956+0000] {processor.py:914} INFO - Processing file /opt/airflow/dags/etl_fraud_pipeline.py for tasks to queue
[2025-04-13T22:44:18.978+0000] {logging_mixin.py:190} INFO - [2025-04-13T22:44:18.978+0000] {dagbag.py:588} INFO - Filling up the DagBag from /opt/airflow/dags/etl_fraud_pipeline.py
[2025-04-13T22:44:20.547+0000] {logging_mixin.py:190} INFO - [2025-04-13T22:44:20.503+0000] {dagbag.py:387} ERROR - Failed to import: /opt/airflow/dags/etl_fraud_pipeline.py
Traceback (most recent call last):
  File "/home/airflow/.local/lib/python3.12/site-packages/airflow/models/dagbag.py", line 383, in parse
    loader.exec_module(new_module)
  File "<frozen importlib._bootstrap_external>", line 999, in exec_module
  File "<frozen importlib._bootstrap>", line 488, in _call_with_frames_removed
  File "/opt/airflow/dags/etl_fraud_pipeline.py", line 10, in <module>
    from kaggle.api.kaggle_api_extended import KaggleApi
ModuleNotFoundError: No module named 'kaggle'
[2025-04-13T22:44:20.567+0000] {processor.py:927} WARNING - No viable dags retrieved from /opt/airflow/dags/etl_fraud_pipeline.py
[2025-04-13T22:44:21.126+0000] {processor.py:208} INFO - Processing /opt/airflow/dags/etl_fraud_pipeline.py took 2.269 seconds
[2025-04-13T22:45:04.930+0000] {processor.py:186} INFO - Started process (PID=1220) to work on /opt/airflow/dags/etl_fraud_pipeline.py
[2025-04-13T22:45:04.934+0000] {processor.py:914} INFO - Processing file /opt/airflow/dags/etl_fraud_pipeline.py for tasks to queue
[2025-04-13T22:45:05.115+0000] {logging_mixin.py:190} INFO - [2025-04-13T22:45:05.115+0000] {dagbag.py:588} INFO - Filling up the DagBag from /opt/airflow/dags/etl_fraud_pipeline.py
[2025-04-13T22:45:07.755+0000] {logging_mixin.py:190} INFO - [2025-04-13T22:45:07.574+0000] {dagbag.py:387} ERROR - Failed to import: /opt/airflow/dags/etl_fraud_pipeline.py
Traceback (most recent call last):
  File "/home/airflow/.local/lib/python3.12/site-packages/airflow/models/dagbag.py", line 383, in parse
    loader.exec_module(new_module)
  File "<frozen importlib._bootstrap_external>", line 999, in exec_module
  File "<frozen importlib._bootstrap>", line 488, in _call_with_frames_removed
  File "/opt/airflow/dags/etl_fraud_pipeline.py", line 10, in <module>
    from kaggle.api.kaggle_api_extended import KaggleApi
ModuleNotFoundError: No module named 'kaggle'
[2025-04-13T22:45:07.771+0000] {processor.py:927} WARNING - No viable dags retrieved from /opt/airflow/dags/etl_fraud_pipeline.py
[2025-04-13T22:45:08.065+0000] {processor.py:208} INFO - Processing /opt/airflow/dags/etl_fraud_pipeline.py took 3.267 seconds
[2025-04-13T22:54:22.637+0000] {processor.py:186} INFO - Started process (PID=106) to work on /opt/airflow/dags/etl_fraud_pipeline.py
[2025-04-13T22:54:22.671+0000] {processor.py:914} INFO - Processing file /opt/airflow/dags/etl_fraud_pipeline.py for tasks to queue
[2025-04-13T22:54:22.688+0000] {logging_mixin.py:190} INFO - [2025-04-13T22:54:22.687+0000] {dagbag.py:588} INFO - Filling up the DagBag from /opt/airflow/dags/etl_fraud_pipeline.py
[2025-04-13T22:54:30.715+0000] {logging_mixin.py:190} INFO - [2025-04-13T22:54:30.689+0000] {dagbag.py:387} ERROR - Failed to import: /opt/airflow/dags/etl_fraud_pipeline.py
Traceback (most recent call last):
  File "/home/airflow/.local/lib/python3.12/site-packages/airflow/models/dagbag.py", line 383, in parse
    loader.exec_module(new_module)
  File "<frozen importlib._bootstrap_external>", line 999, in exec_module
  File "<frozen importlib._bootstrap>", line 488, in _call_with_frames_removed
  File "/opt/airflow/dags/etl_fraud_pipeline.py", line 10, in <module>
    from kaggle.api.kaggle_api_extended import KaggleApi
ModuleNotFoundError: No module named 'kaggle'
[2025-04-13T22:54:30.729+0000] {processor.py:927} WARNING - No viable dags retrieved from /opt/airflow/dags/etl_fraud_pipeline.py
[2025-04-13T22:54:31.519+0000] {processor.py:208} INFO - Processing /opt/airflow/dags/etl_fraud_pipeline.py took 9.007 seconds
[2025-04-13T22:55:02.149+0000] {processor.py:186} INFO - Started process (PID=113) to work on /opt/airflow/dags/etl_fraud_pipeline.py
[2025-04-13T22:55:02.277+0000] {processor.py:914} INFO - Processing file /opt/airflow/dags/etl_fraud_pipeline.py for tasks to queue
[2025-04-13T22:55:02.393+0000] {logging_mixin.py:190} INFO - [2025-04-13T22:55:02.388+0000] {dagbag.py:588} INFO - Filling up the DagBag from /opt/airflow/dags/etl_fraud_pipeline.py
[2025-04-13T22:55:03.898+0000] {logging_mixin.py:190} INFO - [2025-04-13T22:55:03.807+0000] {dagbag.py:387} ERROR - Failed to import: /opt/airflow/dags/etl_fraud_pipeline.py
Traceback (most recent call last):
  File "/home/airflow/.local/lib/python3.12/site-packages/airflow/models/dagbag.py", line 383, in parse
    loader.exec_module(new_module)
  File "<frozen importlib._bootstrap_external>", line 999, in exec_module
  File "<frozen importlib._bootstrap>", line 488, in _call_with_frames_removed
  File "/opt/airflow/dags/etl_fraud_pipeline.py", line 10, in <module>
    from kaggle.api.kaggle_api_extended import KaggleApi
ModuleNotFoundError: No module named 'kaggle'
[2025-04-13T22:55:03.908+0000] {processor.py:927} WARNING - No viable dags retrieved from /opt/airflow/dags/etl_fraud_pipeline.py
[2025-04-13T22:55:04.721+0000] {processor.py:208} INFO - Processing /opt/airflow/dags/etl_fraud_pipeline.py took 2.689 seconds
[2025-04-13T22:55:35.693+0000] {processor.py:186} INFO - Started process (PID=119) to work on /opt/airflow/dags/etl_fraud_pipeline.py
[2025-04-13T22:55:35.700+0000] {processor.py:914} INFO - Processing file /opt/airflow/dags/etl_fraud_pipeline.py for tasks to queue
[2025-04-13T22:55:35.738+0000] {logging_mixin.py:190} INFO - [2025-04-13T22:55:35.737+0000] {dagbag.py:588} INFO - Filling up the DagBag from /opt/airflow/dags/etl_fraud_pipeline.py
[2025-04-13T22:55:37.173+0000] {logging_mixin.py:190} INFO - [2025-04-13T22:55:37.157+0000] {dagbag.py:387} ERROR - Failed to import: /opt/airflow/dags/etl_fraud_pipeline.py
Traceback (most recent call last):
  File "/home/airflow/.local/lib/python3.12/site-packages/airflow/models/dagbag.py", line 383, in parse
    loader.exec_module(new_module)
  File "<frozen importlib._bootstrap_external>", line 999, in exec_module
  File "<frozen importlib._bootstrap>", line 488, in _call_with_frames_removed
  File "/opt/airflow/dags/etl_fraud_pipeline.py", line 10, in <module>
    from kaggle.api.kaggle_api_extended import KaggleApi
ModuleNotFoundError: No module named 'kaggle'
[2025-04-13T22:55:37.187+0000] {processor.py:927} WARNING - No viable dags retrieved from /opt/airflow/dags/etl_fraud_pipeline.py
[2025-04-13T22:55:37.610+0000] {processor.py:208} INFO - Processing /opt/airflow/dags/etl_fraud_pipeline.py took 2.210 seconds
[2025-04-13T22:56:08.086+0000] {processor.py:186} INFO - Started process (PID=126) to work on /opt/airflow/dags/etl_fraud_pipeline.py
[2025-04-13T22:56:08.124+0000] {processor.py:914} INFO - Processing file /opt/airflow/dags/etl_fraud_pipeline.py for tasks to queue
[2025-04-13T22:56:08.171+0000] {logging_mixin.py:190} INFO - [2025-04-13T22:56:08.170+0000] {dagbag.py:588} INFO - Filling up the DagBag from /opt/airflow/dags/etl_fraud_pipeline.py
[2025-04-13T22:56:09.899+0000] {logging_mixin.py:190} INFO - [2025-04-13T22:56:09.766+0000] {dagbag.py:387} ERROR - Failed to import: /opt/airflow/dags/etl_fraud_pipeline.py
Traceback (most recent call last):
  File "/home/airflow/.local/lib/python3.12/site-packages/airflow/models/dagbag.py", line 383, in parse
    loader.exec_module(new_module)
  File "<frozen importlib._bootstrap_external>", line 999, in exec_module
  File "<frozen importlib._bootstrap>", line 488, in _call_with_frames_removed
  File "/opt/airflow/dags/etl_fraud_pipeline.py", line 10, in <module>
    from kaggle.api.kaggle_api_extended import KaggleApi
ModuleNotFoundError: No module named 'kaggle'
[2025-04-13T22:56:10.016+0000] {processor.py:927} WARNING - No viable dags retrieved from /opt/airflow/dags/etl_fraud_pipeline.py
[2025-04-13T22:56:10.357+0000] {processor.py:208} INFO - Processing /opt/airflow/dags/etl_fraud_pipeline.py took 2.303 seconds
[2025-04-13T22:56:41.661+0000] {processor.py:186} INFO - Started process (PID=132) to work on /opt/airflow/dags/etl_fraud_pipeline.py
[2025-04-13T22:56:41.801+0000] {processor.py:914} INFO - Processing file /opt/airflow/dags/etl_fraud_pipeline.py for tasks to queue
[2025-04-13T22:56:41.829+0000] {logging_mixin.py:190} INFO - [2025-04-13T22:56:41.828+0000] {dagbag.py:588} INFO - Filling up the DagBag from /opt/airflow/dags/etl_fraud_pipeline.py
[2025-04-13T22:56:43.504+0000] {logging_mixin.py:190} INFO - [2025-04-13T22:56:43.488+0000] {dagbag.py:387} ERROR - Failed to import: /opt/airflow/dags/etl_fraud_pipeline.py
Traceback (most recent call last):
  File "/home/airflow/.local/lib/python3.12/site-packages/airflow/models/dagbag.py", line 383, in parse
    loader.exec_module(new_module)
  File "<frozen importlib._bootstrap_external>", line 999, in exec_module
  File "<frozen importlib._bootstrap>", line 488, in _call_with_frames_removed
  File "/opt/airflow/dags/etl_fraud_pipeline.py", line 10, in <module>
    from kaggle.api.kaggle_api_extended import KaggleApi
ModuleNotFoundError: No module named 'kaggle'
[2025-04-13T22:56:43.506+0000] {processor.py:927} WARNING - No viable dags retrieved from /opt/airflow/dags/etl_fraud_pipeline.py
[2025-04-13T22:56:44.038+0000] {processor.py:208} INFO - Processing /opt/airflow/dags/etl_fraud_pipeline.py took 2.580 seconds
[2025-04-13T22:57:14.580+0000] {processor.py:186} INFO - Started process (PID=145) to work on /opt/airflow/dags/etl_fraud_pipeline.py
[2025-04-13T22:57:14.733+0000] {processor.py:914} INFO - Processing file /opt/airflow/dags/etl_fraud_pipeline.py for tasks to queue
[2025-04-13T22:57:14.764+0000] {logging_mixin.py:190} INFO - [2025-04-13T22:57:14.763+0000] {dagbag.py:588} INFO - Filling up the DagBag from /opt/airflow/dags/etl_fraud_pipeline.py
[2025-04-13T22:57:16.182+0000] {logging_mixin.py:190} INFO - [2025-04-13T22:57:16.136+0000] {dagbag.py:387} ERROR - Failed to import: /opt/airflow/dags/etl_fraud_pipeline.py
Traceback (most recent call last):
  File "/home/airflow/.local/lib/python3.12/site-packages/airflow/models/dagbag.py", line 383, in parse
    loader.exec_module(new_module)
  File "<frozen importlib._bootstrap_external>", line 999, in exec_module
  File "<frozen importlib._bootstrap>", line 488, in _call_with_frames_removed
  File "/opt/airflow/dags/etl_fraud_pipeline.py", line 10, in <module>
    from kaggle.api.kaggle_api_extended import KaggleApi
ModuleNotFoundError: No module named 'kaggle'
[2025-04-13T22:57:16.237+0000] {processor.py:927} WARNING - No viable dags retrieved from /opt/airflow/dags/etl_fraud_pipeline.py
[2025-04-13T22:57:16.783+0000] {processor.py:208} INFO - Processing /opt/airflow/dags/etl_fraud_pipeline.py took 2.233 seconds
[2025-04-13T22:57:47.609+0000] {processor.py:186} INFO - Started process (PID=152) to work on /opt/airflow/dags/etl_fraud_pipeline.py
[2025-04-13T22:57:47.621+0000] {processor.py:914} INFO - Processing file /opt/airflow/dags/etl_fraud_pipeline.py for tasks to queue
[2025-04-13T22:57:47.637+0000] {logging_mixin.py:190} INFO - [2025-04-13T22:57:47.636+0000] {dagbag.py:588} INFO - Filling up the DagBag from /opt/airflow/dags/etl_fraud_pipeline.py
[2025-04-13T22:57:48.380+0000] {logging_mixin.py:190} INFO - [2025-04-13T22:57:48.346+0000] {dagbag.py:387} ERROR - Failed to import: /opt/airflow/dags/etl_fraud_pipeline.py
Traceback (most recent call last):
  File "/home/airflow/.local/lib/python3.12/site-packages/airflow/models/dagbag.py", line 383, in parse
    loader.exec_module(new_module)
  File "<frozen importlib._bootstrap_external>", line 999, in exec_module
  File "<frozen importlib._bootstrap>", line 488, in _call_with_frames_removed
  File "/opt/airflow/dags/etl_fraud_pipeline.py", line 10, in <module>
    from kaggle.api.kaggle_api_extended import KaggleApi
ModuleNotFoundError: No module named 'kaggle'
[2025-04-13T22:57:48.384+0000] {processor.py:927} WARNING - No viable dags retrieved from /opt/airflow/dags/etl_fraud_pipeline.py
[2025-04-13T22:57:48.672+0000] {processor.py:208} INFO - Processing /opt/airflow/dags/etl_fraud_pipeline.py took 1.120 seconds
[2025-04-13T22:58:19.707+0000] {processor.py:186} INFO - Started process (PID=159) to work on /opt/airflow/dags/etl_fraud_pipeline.py
[2025-04-13T22:58:19.710+0000] {processor.py:914} INFO - Processing file /opt/airflow/dags/etl_fraud_pipeline.py for tasks to queue
[2025-04-13T22:58:19.726+0000] {logging_mixin.py:190} INFO - [2025-04-13T22:58:19.725+0000] {dagbag.py:588} INFO - Filling up the DagBag from /opt/airflow/dags/etl_fraud_pipeline.py
[2025-04-13T22:58:20.603+0000] {logging_mixin.py:190} INFO - [2025-04-13T22:58:20.590+0000] {dagbag.py:387} ERROR - Failed to import: /opt/airflow/dags/etl_fraud_pipeline.py
Traceback (most recent call last):
  File "/home/airflow/.local/lib/python3.12/site-packages/airflow/models/dagbag.py", line 383, in parse
    loader.exec_module(new_module)
  File "<frozen importlib._bootstrap_external>", line 999, in exec_module
  File "<frozen importlib._bootstrap>", line 488, in _call_with_frames_removed
  File "/opt/airflow/dags/etl_fraud_pipeline.py", line 10, in <module>
    from kaggle.api.kaggle_api_extended import KaggleApi
ModuleNotFoundError: No module named 'kaggle'
[2025-04-13T22:58:20.604+0000] {processor.py:927} WARNING - No viable dags retrieved from /opt/airflow/dags/etl_fraud_pipeline.py
[2025-04-13T22:58:20.990+0000] {processor.py:208} INFO - Processing /opt/airflow/dags/etl_fraud_pipeline.py took 1.409 seconds
[2025-04-13T22:58:51.662+0000] {processor.py:186} INFO - Started process (PID=166) to work on /opt/airflow/dags/etl_fraud_pipeline.py
[2025-04-13T22:58:51.680+0000] {processor.py:914} INFO - Processing file /opt/airflow/dags/etl_fraud_pipeline.py for tasks to queue
[2025-04-13T22:58:51.751+0000] {logging_mixin.py:190} INFO - [2025-04-13T22:58:51.739+0000] {dagbag.py:588} INFO - Filling up the DagBag from /opt/airflow/dags/etl_fraud_pipeline.py
[2025-04-13T22:58:52.726+0000] {logging_mixin.py:190} INFO - [2025-04-13T22:58:52.664+0000] {dagbag.py:387} ERROR - Failed to import: /opt/airflow/dags/etl_fraud_pipeline.py
Traceback (most recent call last):
  File "/home/airflow/.local/lib/python3.12/site-packages/airflow/models/dagbag.py", line 383, in parse
    loader.exec_module(new_module)
  File "<frozen importlib._bootstrap_external>", line 999, in exec_module
  File "<frozen importlib._bootstrap>", line 488, in _call_with_frames_removed
  File "/opt/airflow/dags/etl_fraud_pipeline.py", line 10, in <module>
    from kaggle.api.kaggle_api_extended import KaggleApi
ModuleNotFoundError: No module named 'kaggle'
[2025-04-13T22:58:52.752+0000] {processor.py:927} WARNING - No viable dags retrieved from /opt/airflow/dags/etl_fraud_pipeline.py
[2025-04-13T22:58:53.016+0000] {processor.py:208} INFO - Processing /opt/airflow/dags/etl_fraud_pipeline.py took 1.511 seconds
[2025-04-13T22:59:23.821+0000] {processor.py:186} INFO - Started process (PID=173) to work on /opt/airflow/dags/etl_fraud_pipeline.py
[2025-04-13T22:59:23.835+0000] {processor.py:914} INFO - Processing file /opt/airflow/dags/etl_fraud_pipeline.py for tasks to queue
[2025-04-13T22:59:23.894+0000] {logging_mixin.py:190} INFO - [2025-04-13T22:59:23.893+0000] {dagbag.py:588} INFO - Filling up the DagBag from /opt/airflow/dags/etl_fraud_pipeline.py
[2025-04-13T22:59:25.242+0000] {logging_mixin.py:190} INFO - [2025-04-13T22:59:25.215+0000] {dagbag.py:387} ERROR - Failed to import: /opt/airflow/dags/etl_fraud_pipeline.py
Traceback (most recent call last):
  File "/home/airflow/.local/lib/python3.12/site-packages/airflow/models/dagbag.py", line 383, in parse
    loader.exec_module(new_module)
  File "<frozen importlib._bootstrap_external>", line 999, in exec_module
  File "<frozen importlib._bootstrap>", line 488, in _call_with_frames_removed
  File "/opt/airflow/dags/etl_fraud_pipeline.py", line 10, in <module>
    from kaggle.api.kaggle_api_extended import KaggleApi
ModuleNotFoundError: No module named 'kaggle'
[2025-04-13T22:59:25.262+0000] {processor.py:927} WARNING - No viable dags retrieved from /opt/airflow/dags/etl_fraud_pipeline.py
[2025-04-13T22:59:25.693+0000] {processor.py:208} INFO - Processing /opt/airflow/dags/etl_fraud_pipeline.py took 1.887 seconds
[2025-04-13T22:59:56.205+0000] {processor.py:186} INFO - Started process (PID=180) to work on /opt/airflow/dags/etl_fraud_pipeline.py
[2025-04-13T22:59:56.207+0000] {processor.py:914} INFO - Processing file /opt/airflow/dags/etl_fraud_pipeline.py for tasks to queue
[2025-04-13T22:59:56.262+0000] {logging_mixin.py:190} INFO - [2025-04-13T22:59:56.261+0000] {dagbag.py:588} INFO - Filling up the DagBag from /opt/airflow/dags/etl_fraud_pipeline.py
[2025-04-13T22:59:58.206+0000] {logging_mixin.py:190} INFO - [2025-04-13T22:59:58.124+0000] {dagbag.py:387} ERROR - Failed to import: /opt/airflow/dags/etl_fraud_pipeline.py
Traceback (most recent call last):
  File "/home/airflow/.local/lib/python3.12/site-packages/airflow/models/dagbag.py", line 383, in parse
    loader.exec_module(new_module)
  File "<frozen importlib._bootstrap_external>", line 999, in exec_module
  File "<frozen importlib._bootstrap>", line 488, in _call_with_frames_removed
  File "/opt/airflow/dags/etl_fraud_pipeline.py", line 10, in <module>
    from kaggle.api.kaggle_api_extended import KaggleApi
ModuleNotFoundError: No module named 'kaggle'
[2025-04-13T22:59:58.227+0000] {processor.py:927} WARNING - No viable dags retrieved from /opt/airflow/dags/etl_fraud_pipeline.py
[2025-04-13T22:59:58.712+0000] {processor.py:208} INFO - Processing /opt/airflow/dags/etl_fraud_pipeline.py took 2.581 seconds
[2025-04-13T23:00:29.137+0000] {processor.py:186} INFO - Started process (PID=187) to work on /opt/airflow/dags/etl_fraud_pipeline.py
[2025-04-13T23:00:29.146+0000] {processor.py:914} INFO - Processing file /opt/airflow/dags/etl_fraud_pipeline.py for tasks to queue
[2025-04-13T23:00:29.248+0000] {logging_mixin.py:190} INFO - [2025-04-13T23:00:29.246+0000] {dagbag.py:588} INFO - Filling up the DagBag from /opt/airflow/dags/etl_fraud_pipeline.py
[2025-04-13T23:00:30.852+0000] {logging_mixin.py:190} INFO - [2025-04-13T23:00:30.735+0000] {dagbag.py:387} ERROR - Failed to import: /opt/airflow/dags/etl_fraud_pipeline.py
Traceback (most recent call last):
  File "/home/airflow/.local/lib/python3.12/site-packages/airflow/models/dagbag.py", line 383, in parse
    loader.exec_module(new_module)
  File "<frozen importlib._bootstrap_external>", line 999, in exec_module
  File "<frozen importlib._bootstrap>", line 488, in _call_with_frames_removed
  File "/opt/airflow/dags/etl_fraud_pipeline.py", line 10, in <module>
    from kaggle.api.kaggle_api_extended import KaggleApi
ModuleNotFoundError: No module named 'kaggle'
[2025-04-13T23:00:30.897+0000] {processor.py:927} WARNING - No viable dags retrieved from /opt/airflow/dags/etl_fraud_pipeline.py
[2025-04-13T23:00:32.746+0000] {processor.py:208} INFO - Processing /opt/airflow/dags/etl_fraud_pipeline.py took 3.643 seconds
[2025-04-13T23:01:03.450+0000] {processor.py:186} INFO - Started process (PID=194) to work on /opt/airflow/dags/etl_fraud_pipeline.py
[2025-04-13T23:01:03.468+0000] {processor.py:914} INFO - Processing file /opt/airflow/dags/etl_fraud_pipeline.py for tasks to queue
[2025-04-13T23:01:03.518+0000] {logging_mixin.py:190} INFO - [2025-04-13T23:01:03.518+0000] {dagbag.py:588} INFO - Filling up the DagBag from /opt/airflow/dags/etl_fraud_pipeline.py
[2025-04-13T23:01:07.788+0000] {logging_mixin.py:190} INFO - [2025-04-13T23:01:07.706+0000] {dagbag.py:387} ERROR - Failed to import: /opt/airflow/dags/etl_fraud_pipeline.py
Traceback (most recent call last):
  File "/home/airflow/.local/lib/python3.12/site-packages/airflow/models/dagbag.py", line 383, in parse
    loader.exec_module(new_module)
  File "<frozen importlib._bootstrap_external>", line 999, in exec_module
  File "<frozen importlib._bootstrap>", line 488, in _call_with_frames_removed
  File "/opt/airflow/dags/etl_fraud_pipeline.py", line 10, in <module>
    from kaggle.api.kaggle_api_extended import KaggleApi
ModuleNotFoundError: No module named 'kaggle'
[2025-04-13T23:01:07.824+0000] {processor.py:927} WARNING - No viable dags retrieved from /opt/airflow/dags/etl_fraud_pipeline.py
[2025-04-13T23:01:08.094+0000] {processor.py:208} INFO - Processing /opt/airflow/dags/etl_fraud_pipeline.py took 4.710 seconds
[2025-04-13T23:01:38.992+0000] {processor.py:186} INFO - Started process (PID=201) to work on /opt/airflow/dags/etl_fraud_pipeline.py
[2025-04-13T23:01:39.035+0000] {processor.py:914} INFO - Processing file /opt/airflow/dags/etl_fraud_pipeline.py for tasks to queue
[2025-04-13T23:01:39.050+0000] {logging_mixin.py:190} INFO - [2025-04-13T23:01:39.049+0000] {dagbag.py:588} INFO - Filling up the DagBag from /opt/airflow/dags/etl_fraud_pipeline.py
[2025-04-13T23:01:42.597+0000] {logging_mixin.py:190} INFO - [2025-04-13T23:01:42.570+0000] {dagbag.py:387} ERROR - Failed to import: /opt/airflow/dags/etl_fraud_pipeline.py
Traceback (most recent call last):
  File "/home/airflow/.local/lib/python3.12/site-packages/airflow/models/dagbag.py", line 383, in parse
    loader.exec_module(new_module)
  File "<frozen importlib._bootstrap_external>", line 999, in exec_module
  File "<frozen importlib._bootstrap>", line 488, in _call_with_frames_removed
  File "/opt/airflow/dags/etl_fraud_pipeline.py", line 10, in <module>
    from kaggle.api.kaggle_api_extended import KaggleApi
ModuleNotFoundError: No module named 'kaggle'
[2025-04-13T23:01:42.600+0000] {processor.py:927} WARNING - No viable dags retrieved from /opt/airflow/dags/etl_fraud_pipeline.py
[2025-04-13T23:01:42.966+0000] {processor.py:208} INFO - Processing /opt/airflow/dags/etl_fraud_pipeline.py took 4.122 seconds
[2025-04-13T23:28:51.351+0000] {processor.py:186} INFO - Started process (PID=62) to work on /opt/airflow/dags/etl_fraud_pipeline.py
[2025-04-13T23:28:51.354+0000] {processor.py:914} INFO - Processing file /opt/airflow/dags/etl_fraud_pipeline.py for tasks to queue
[2025-04-13T23:28:51.362+0000] {logging_mixin.py:190} INFO - [2025-04-13T23:28:51.361+0000] {dagbag.py:588} INFO - Filling up the DagBag from /opt/airflow/dags/etl_fraud_pipeline.py
[2025-04-13T23:28:51.828+0000] {logging_mixin.py:190} INFO - [2025-04-13T23:28:51.824+0000] {dagbag.py:387} ERROR - Failed to import: /opt/airflow/dags/etl_fraud_pipeline.py
Traceback (most recent call last):
  File "/home/airflow/.local/lib/python3.12/site-packages/airflow/models/dagbag.py", line 383, in parse
    loader.exec_module(new_module)
  File "<frozen importlib._bootstrap_external>", line 999, in exec_module
  File "<frozen importlib._bootstrap>", line 488, in _call_with_frames_removed
  File "/opt/airflow/dags/etl_fraud_pipeline.py", line 10, in <module>
    from kaggle.api.kaggle_api_extended import KaggleApi
ModuleNotFoundError: No module named 'kaggle'
[2025-04-13T23:28:51.830+0000] {processor.py:927} WARNING - No viable dags retrieved from /opt/airflow/dags/etl_fraud_pipeline.py
[2025-04-13T23:28:51.872+0000] {processor.py:208} INFO - Processing /opt/airflow/dags/etl_fraud_pipeline.py took 0.544 seconds
[2025-04-13T23:29:22.159+0000] {processor.py:186} INFO - Started process (PID=69) to work on /opt/airflow/dags/etl_fraud_pipeline.py
[2025-04-13T23:29:22.161+0000] {processor.py:914} INFO - Processing file /opt/airflow/dags/etl_fraud_pipeline.py for tasks to queue
[2025-04-13T23:29:22.164+0000] {logging_mixin.py:190} INFO - [2025-04-13T23:29:22.163+0000] {dagbag.py:588} INFO - Filling up the DagBag from /opt/airflow/dags/etl_fraud_pipeline.py
[2025-04-13T23:29:22.250+0000] {logging_mixin.py:190} INFO - [2025-04-13T23:29:22.248+0000] {dagbag.py:387} ERROR - Failed to import: /opt/airflow/dags/etl_fraud_pipeline.py
Traceback (most recent call last):
  File "/home/airflow/.local/lib/python3.12/site-packages/airflow/models/dagbag.py", line 383, in parse
    loader.exec_module(new_module)
  File "<frozen importlib._bootstrap_external>", line 999, in exec_module
  File "<frozen importlib._bootstrap>", line 488, in _call_with_frames_removed
  File "/opt/airflow/dags/etl_fraud_pipeline.py", line 10, in <module>
    from kaggle.api.kaggle_api_extended import KaggleApi
ModuleNotFoundError: No module named 'kaggle'
[2025-04-13T23:29:22.251+0000] {processor.py:927} WARNING - No viable dags retrieved from /opt/airflow/dags/etl_fraud_pipeline.py
[2025-04-13T23:29:22.274+0000] {processor.py:208} INFO - Processing /opt/airflow/dags/etl_fraud_pipeline.py took 0.128 seconds
[2025-04-13T23:29:52.444+0000] {processor.py:186} INFO - Started process (PID=76) to work on /opt/airflow/dags/etl_fraud_pipeline.py
[2025-04-13T23:29:52.445+0000] {processor.py:914} INFO - Processing file /opt/airflow/dags/etl_fraud_pipeline.py for tasks to queue
[2025-04-13T23:29:52.447+0000] {logging_mixin.py:190} INFO - [2025-04-13T23:29:52.447+0000] {dagbag.py:588} INFO - Filling up the DagBag from /opt/airflow/dags/etl_fraud_pipeline.py
[2025-04-13T23:29:52.538+0000] {logging_mixin.py:190} INFO - [2025-04-13T23:29:52.537+0000] {dagbag.py:387} ERROR - Failed to import: /opt/airflow/dags/etl_fraud_pipeline.py
Traceback (most recent call last):
  File "/home/airflow/.local/lib/python3.12/site-packages/airflow/models/dagbag.py", line 383, in parse
    loader.exec_module(new_module)
  File "<frozen importlib._bootstrap_external>", line 999, in exec_module
  File "<frozen importlib._bootstrap>", line 488, in _call_with_frames_removed
  File "/opt/airflow/dags/etl_fraud_pipeline.py", line 10, in <module>
    from kaggle.api.kaggle_api_extended import KaggleApi
ModuleNotFoundError: No module named 'kaggle'
[2025-04-13T23:29:52.539+0000] {processor.py:927} WARNING - No viable dags retrieved from /opt/airflow/dags/etl_fraud_pipeline.py
[2025-04-13T23:29:52.561+0000] {processor.py:208} INFO - Processing /opt/airflow/dags/etl_fraud_pipeline.py took 0.123 seconds
[2025-04-13T23:30:23.086+0000] {processor.py:186} INFO - Started process (PID=83) to work on /opt/airflow/dags/etl_fraud_pipeline.py
[2025-04-13T23:30:23.092+0000] {processor.py:914} INFO - Processing file /opt/airflow/dags/etl_fraud_pipeline.py for tasks to queue
[2025-04-13T23:30:23.115+0000] {logging_mixin.py:190} INFO - [2025-04-13T23:30:23.115+0000] {dagbag.py:588} INFO - Filling up the DagBag from /opt/airflow/dags/etl_fraud_pipeline.py
[2025-04-13T23:30:23.354+0000] {logging_mixin.py:190} INFO - [2025-04-13T23:30:23.330+0000] {dagbag.py:387} ERROR - Failed to import: /opt/airflow/dags/etl_fraud_pipeline.py
Traceback (most recent call last):
  File "/home/airflow/.local/lib/python3.12/site-packages/airflow/models/dagbag.py", line 383, in parse
    loader.exec_module(new_module)
  File "<frozen importlib._bootstrap_external>", line 999, in exec_module
  File "<frozen importlib._bootstrap>", line 488, in _call_with_frames_removed
  File "/opt/airflow/dags/etl_fraud_pipeline.py", line 10, in <module>
    from kaggle.api.kaggle_api_extended import KaggleApi
ModuleNotFoundError: No module named 'kaggle'
[2025-04-13T23:30:23.400+0000] {processor.py:927} WARNING - No viable dags retrieved from /opt/airflow/dags/etl_fraud_pipeline.py
[2025-04-13T23:30:23.427+0000] {processor.py:208} INFO - Processing /opt/airflow/dags/etl_fraud_pipeline.py took 0.348 seconds
[2025-04-13T23:38:52.185+0000] {processor.py:186} INFO - Started process (PID=110) to work on /opt/airflow/dags/etl_fraud_pipeline.py
[2025-04-13T23:38:52.204+0000] {processor.py:914} INFO - Processing file /opt/airflow/dags/etl_fraud_pipeline.py for tasks to queue
[2025-04-13T23:38:52.251+0000] {logging_mixin.py:190} INFO - [2025-04-13T23:38:52.250+0000] {dagbag.py:588} INFO - Filling up the DagBag from /opt/airflow/dags/etl_fraud_pipeline.py
[2025-04-13T23:38:58.903+0000] {logging_mixin.py:190} INFO - [2025-04-13T23:38:58.838+0000] {dagbag.py:387} ERROR - Failed to import: /opt/airflow/dags/etl_fraud_pipeline.py
Traceback (most recent call last):
  File "/home/airflow/.local/lib/python3.12/site-packages/airflow/models/dagbag.py", line 383, in parse
    loader.exec_module(new_module)
  File "<frozen importlib._bootstrap_external>", line 999, in exec_module
  File "<frozen importlib._bootstrap>", line 488, in _call_with_frames_removed
  File "/opt/airflow/dags/etl_fraud_pipeline.py", line 10, in <module>
    from kaggle.api.kaggle_api_extended import KaggleApi
  File "/home/airflow/.local/lib/python3.12/site-packages/kaggle/__init__.py", line 6, in <module>
    api.authenticate()
  File "/home/airflow/.local/lib/python3.12/site-packages/kaggle/api/kaggle_api_extended.py", line 433, in authenticate
    raise IOError('Could not find {}. Make sure it\'s located in'
OSError: Could not find kaggle.json. Make sure it's located in /home/airflow/.config/kaggle. Or use the environment method. See setup instructions at https://github.com/Kaggle/kaggle-api/
[2025-04-13T23:38:58.925+0000] {processor.py:927} WARNING - No viable dags retrieved from /opt/airflow/dags/etl_fraud_pipeline.py
[2025-04-13T23:38:59.175+0000] {processor.py:208} INFO - Processing /opt/airflow/dags/etl_fraud_pipeline.py took 7.040 seconds
[2025-04-13T23:39:29.628+0000] {processor.py:186} INFO - Started process (PID=117) to work on /opt/airflow/dags/etl_fraud_pipeline.py
[2025-04-13T23:39:29.637+0000] {processor.py:914} INFO - Processing file /opt/airflow/dags/etl_fraud_pipeline.py for tasks to queue
[2025-04-13T23:39:29.653+0000] {logging_mixin.py:190} INFO - [2025-04-13T23:39:29.642+0000] {dagbag.py:588} INFO - Filling up the DagBag from /opt/airflow/dags/etl_fraud_pipeline.py
[2025-04-13T23:39:32.758+0000] {logging_mixin.py:190} INFO - [2025-04-13T23:39:32.688+0000] {dagbag.py:387} ERROR - Failed to import: /opt/airflow/dags/etl_fraud_pipeline.py
Traceback (most recent call last):
  File "/home/airflow/.local/lib/python3.12/site-packages/airflow/models/dagbag.py", line 383, in parse
    loader.exec_module(new_module)
  File "<frozen importlib._bootstrap_external>", line 999, in exec_module
  File "<frozen importlib._bootstrap>", line 488, in _call_with_frames_removed
  File "/opt/airflow/dags/etl_fraud_pipeline.py", line 10, in <module>
    from kaggle.api.kaggle_api_extended import KaggleApi
  File "/home/airflow/.local/lib/python3.12/site-packages/kaggle/__init__.py", line 6, in <module>
    api.authenticate()
  File "/home/airflow/.local/lib/python3.12/site-packages/kaggle/api/kaggle_api_extended.py", line 433, in authenticate
    raise IOError('Could not find {}. Make sure it\'s located in'
OSError: Could not find kaggle.json. Make sure it's located in /home/airflow/.config/kaggle. Or use the environment method. See setup instructions at https://github.com/Kaggle/kaggle-api/
[2025-04-13T23:39:32.770+0000] {processor.py:927} WARNING - No viable dags retrieved from /opt/airflow/dags/etl_fraud_pipeline.py
[2025-04-13T23:39:33.091+0000] {processor.py:208} INFO - Processing /opt/airflow/dags/etl_fraud_pipeline.py took 3.495 seconds
[2025-04-13T23:40:03.881+0000] {processor.py:186} INFO - Started process (PID=124) to work on /opt/airflow/dags/etl_fraud_pipeline.py
[2025-04-13T23:40:03.899+0000] {processor.py:914} INFO - Processing file /opt/airflow/dags/etl_fraud_pipeline.py for tasks to queue
[2025-04-13T23:40:03.925+0000] {logging_mixin.py:190} INFO - [2025-04-13T23:40:03.925+0000] {dagbag.py:588} INFO - Filling up the DagBag from /opt/airflow/dags/etl_fraud_pipeline.py
[2025-04-13T23:40:07.869+0000] {logging_mixin.py:190} INFO - [2025-04-13T23:40:07.388+0000] {dagbag.py:387} ERROR - Failed to import: /opt/airflow/dags/etl_fraud_pipeline.py
Traceback (most recent call last):
  File "/home/airflow/.local/lib/python3.12/site-packages/airflow/models/dagbag.py", line 383, in parse
    loader.exec_module(new_module)
  File "<frozen importlib._bootstrap_external>", line 999, in exec_module
  File "<frozen importlib._bootstrap>", line 488, in _call_with_frames_removed
  File "/opt/airflow/dags/etl_fraud_pipeline.py", line 10, in <module>
    from kaggle.api.kaggle_api_extended import KaggleApi
  File "/home/airflow/.local/lib/python3.12/site-packages/kaggle/__init__.py", line 6, in <module>
    api.authenticate()
  File "/home/airflow/.local/lib/python3.12/site-packages/kaggle/api/kaggle_api_extended.py", line 433, in authenticate
    raise IOError('Could not find {}. Make sure it\'s located in'
OSError: Could not find kaggle.json. Make sure it's located in /home/airflow/.config/kaggle. Or use the environment method. See setup instructions at https://github.com/Kaggle/kaggle-api/
[2025-04-13T23:40:07.891+0000] {processor.py:927} WARNING - No viable dags retrieved from /opt/airflow/dags/etl_fraud_pipeline.py
[2025-04-13T23:40:08.181+0000] {processor.py:208} INFO - Processing /opt/airflow/dags/etl_fraud_pipeline.py took 4.315 seconds
[2025-04-13T23:40:38.653+0000] {processor.py:186} INFO - Started process (PID=137) to work on /opt/airflow/dags/etl_fraud_pipeline.py
[2025-04-13T23:40:38.665+0000] {processor.py:914} INFO - Processing file /opt/airflow/dags/etl_fraud_pipeline.py for tasks to queue
[2025-04-13T23:40:38.686+0000] {logging_mixin.py:190} INFO - [2025-04-13T23:40:38.685+0000] {dagbag.py:588} INFO - Filling up the DagBag from /opt/airflow/dags/etl_fraud_pipeline.py
[2025-04-13T23:40:41.019+0000] {logging_mixin.py:190} INFO - [2025-04-13T23:40:40.975+0000] {dagbag.py:387} ERROR - Failed to import: /opt/airflow/dags/etl_fraud_pipeline.py
Traceback (most recent call last):
  File "/home/airflow/.local/lib/python3.12/site-packages/airflow/models/dagbag.py", line 383, in parse
    loader.exec_module(new_module)
  File "<frozen importlib._bootstrap_external>", line 999, in exec_module
  File "<frozen importlib._bootstrap>", line 488, in _call_with_frames_removed
  File "/opt/airflow/dags/etl_fraud_pipeline.py", line 10, in <module>
    from kaggle.api.kaggle_api_extended import KaggleApi
  File "/home/airflow/.local/lib/python3.12/site-packages/kaggle/__init__.py", line 6, in <module>
    api.authenticate()
  File "/home/airflow/.local/lib/python3.12/site-packages/kaggle/api/kaggle_api_extended.py", line 433, in authenticate
    raise IOError('Could not find {}. Make sure it\'s located in'
OSError: Could not find kaggle.json. Make sure it's located in /home/airflow/.config/kaggle. Or use the environment method. See setup instructions at https://github.com/Kaggle/kaggle-api/
[2025-04-13T23:40:41.041+0000] {processor.py:927} WARNING - No viable dags retrieved from /opt/airflow/dags/etl_fraud_pipeline.py
[2025-04-13T23:40:41.164+0000] {processor.py:208} INFO - Processing /opt/airflow/dags/etl_fraud_pipeline.py took 2.537 seconds
[2025-04-13T23:41:11.327+0000] {processor.py:186} INFO - Started process (PID=144) to work on /opt/airflow/dags/etl_fraud_pipeline.py
[2025-04-13T23:41:11.338+0000] {processor.py:914} INFO - Processing file /opt/airflow/dags/etl_fraud_pipeline.py for tasks to queue
[2025-04-13T23:41:11.368+0000] {logging_mixin.py:190} INFO - [2025-04-13T23:41:11.367+0000] {dagbag.py:588} INFO - Filling up the DagBag from /opt/airflow/dags/etl_fraud_pipeline.py
[2025-04-13T23:41:14.371+0000] {logging_mixin.py:190} INFO - [2025-04-13T23:41:14.269+0000] {dagbag.py:387} ERROR - Failed to import: /opt/airflow/dags/etl_fraud_pipeline.py
Traceback (most recent call last):
  File "/home/airflow/.local/lib/python3.12/site-packages/airflow/models/dagbag.py", line 383, in parse
    loader.exec_module(new_module)
  File "<frozen importlib._bootstrap_external>", line 999, in exec_module
  File "<frozen importlib._bootstrap>", line 488, in _call_with_frames_removed
  File "/opt/airflow/dags/etl_fraud_pipeline.py", line 10, in <module>
    from kaggle.api.kaggle_api_extended import KaggleApi
  File "/home/airflow/.local/lib/python3.12/site-packages/kaggle/__init__.py", line 6, in <module>
    api.authenticate()
  File "/home/airflow/.local/lib/python3.12/site-packages/kaggle/api/kaggle_api_extended.py", line 433, in authenticate
    raise IOError('Could not find {}. Make sure it\'s located in'
OSError: Could not find kaggle.json. Make sure it's located in /home/airflow/.config/kaggle. Or use the environment method. See setup instructions at https://github.com/Kaggle/kaggle-api/
[2025-04-13T23:41:14.392+0000] {processor.py:927} WARNING - No viable dags retrieved from /opt/airflow/dags/etl_fraud_pipeline.py
[2025-04-13T23:41:14.547+0000] {processor.py:208} INFO - Processing /opt/airflow/dags/etl_fraud_pipeline.py took 3.256 seconds
[2025-04-13T23:41:45.432+0000] {processor.py:186} INFO - Started process (PID=151) to work on /opt/airflow/dags/etl_fraud_pipeline.py
[2025-04-13T23:41:45.485+0000] {processor.py:914} INFO - Processing file /opt/airflow/dags/etl_fraud_pipeline.py for tasks to queue
[2025-04-13T23:41:45.573+0000] {logging_mixin.py:190} INFO - [2025-04-13T23:41:45.572+0000] {dagbag.py:588} INFO - Filling up the DagBag from /opt/airflow/dags/etl_fraud_pipeline.py
[2025-04-13T23:41:50.490+0000] {logging_mixin.py:190} INFO - [2025-04-13T23:41:50.461+0000] {dagbag.py:387} ERROR - Failed to import: /opt/airflow/dags/etl_fraud_pipeline.py
Traceback (most recent call last):
  File "/home/airflow/.local/lib/python3.12/site-packages/airflow/models/dagbag.py", line 383, in parse
    loader.exec_module(new_module)
  File "<frozen importlib._bootstrap_external>", line 999, in exec_module
  File "<frozen importlib._bootstrap>", line 488, in _call_with_frames_removed
  File "/opt/airflow/dags/etl_fraud_pipeline.py", line 10, in <module>
    from kaggle.api.kaggle_api_extended import KaggleApi
  File "/home/airflow/.local/lib/python3.12/site-packages/kaggle/__init__.py", line 6, in <module>
    api.authenticate()
  File "/home/airflow/.local/lib/python3.12/site-packages/kaggle/api/kaggle_api_extended.py", line 433, in authenticate
    raise IOError('Could not find {}. Make sure it\'s located in'
OSError: Could not find kaggle.json. Make sure it's located in /home/airflow/.config/kaggle. Or use the environment method. See setup instructions at https://github.com/Kaggle/kaggle-api/
[2025-04-13T23:41:50.519+0000] {processor.py:927} WARNING - No viable dags retrieved from /opt/airflow/dags/etl_fraud_pipeline.py
[2025-04-13T23:41:50.699+0000] {processor.py:208} INFO - Processing /opt/airflow/dags/etl_fraud_pipeline.py took 5.301 seconds
[2025-04-13T23:42:21.236+0000] {processor.py:186} INFO - Started process (PID=158) to work on /opt/airflow/dags/etl_fraud_pipeline.py
[2025-04-13T23:42:21.249+0000] {processor.py:914} INFO - Processing file /opt/airflow/dags/etl_fraud_pipeline.py for tasks to queue
[2025-04-13T23:42:21.271+0000] {logging_mixin.py:190} INFO - [2025-04-13T23:42:21.270+0000] {dagbag.py:588} INFO - Filling up the DagBag from /opt/airflow/dags/etl_fraud_pipeline.py
[2025-04-13T23:42:24.045+0000] {logging_mixin.py:190} INFO - [2025-04-13T23:42:24.034+0000] {dagbag.py:387} ERROR - Failed to import: /opt/airflow/dags/etl_fraud_pipeline.py
Traceback (most recent call last):
  File "/home/airflow/.local/lib/python3.12/site-packages/airflow/models/dagbag.py", line 383, in parse
    loader.exec_module(new_module)
  File "<frozen importlib._bootstrap_external>", line 999, in exec_module
  File "<frozen importlib._bootstrap>", line 488, in _call_with_frames_removed
  File "/opt/airflow/dags/etl_fraud_pipeline.py", line 10, in <module>
    from kaggle.api.kaggle_api_extended import KaggleApi
  File "/home/airflow/.local/lib/python3.12/site-packages/kaggle/__init__.py", line 6, in <module>
    api.authenticate()
  File "/home/airflow/.local/lib/python3.12/site-packages/kaggle/api/kaggle_api_extended.py", line 433, in authenticate
    raise IOError('Could not find {}. Make sure it\'s located in'
OSError: Could not find kaggle.json. Make sure it's located in /home/airflow/.config/kaggle. Or use the environment method. See setup instructions at https://github.com/Kaggle/kaggle-api/
[2025-04-13T23:42:24.065+0000] {processor.py:927} WARNING - No viable dags retrieved from /opt/airflow/dags/etl_fraud_pipeline.py
[2025-04-13T23:42:24.214+0000] {processor.py:208} INFO - Processing /opt/airflow/dags/etl_fraud_pipeline.py took 3.035 seconds
[2025-04-13T23:42:55.163+0000] {processor.py:186} INFO - Started process (PID=165) to work on /opt/airflow/dags/etl_fraud_pipeline.py
[2025-04-13T23:42:55.165+0000] {processor.py:914} INFO - Processing file /opt/airflow/dags/etl_fraud_pipeline.py for tasks to queue
[2025-04-13T23:42:55.202+0000] {logging_mixin.py:190} INFO - [2025-04-13T23:42:55.190+0000] {dagbag.py:588} INFO - Filling up the DagBag from /opt/airflow/dags/etl_fraud_pipeline.py
[2025-04-13T23:42:57.261+0000] {logging_mixin.py:190} INFO - [2025-04-13T23:42:57.201+0000] {dagbag.py:387} ERROR - Failed to import: /opt/airflow/dags/etl_fraud_pipeline.py
Traceback (most recent call last):
  File "/home/airflow/.local/lib/python3.12/site-packages/airflow/models/dagbag.py", line 383, in parse
    loader.exec_module(new_module)
  File "<frozen importlib._bootstrap_external>", line 999, in exec_module
  File "<frozen importlib._bootstrap>", line 488, in _call_with_frames_removed
  File "/opt/airflow/dags/etl_fraud_pipeline.py", line 10, in <module>
    from kaggle.api.kaggle_api_extended import KaggleApi
  File "/home/airflow/.local/lib/python3.12/site-packages/kaggle/__init__.py", line 6, in <module>
    api.authenticate()
  File "/home/airflow/.local/lib/python3.12/site-packages/kaggle/api/kaggle_api_extended.py", line 433, in authenticate
    raise IOError('Could not find {}. Make sure it\'s located in'
OSError: Could not find kaggle.json. Make sure it's located in /home/airflow/.config/kaggle. Or use the environment method. See setup instructions at https://github.com/Kaggle/kaggle-api/
[2025-04-13T23:42:57.263+0000] {processor.py:927} WARNING - No viable dags retrieved from /opt/airflow/dags/etl_fraud_pipeline.py
[2025-04-13T23:42:57.398+0000] {processor.py:208} INFO - Processing /opt/airflow/dags/etl_fraud_pipeline.py took 2.322 seconds
[2025-04-13T23:43:27.526+0000] {processor.py:186} INFO - Started process (PID=172) to work on /opt/airflow/dags/etl_fraud_pipeline.py
[2025-04-13T23:43:27.528+0000] {processor.py:914} INFO - Processing file /opt/airflow/dags/etl_fraud_pipeline.py for tasks to queue
[2025-04-13T23:43:27.534+0000] {logging_mixin.py:190} INFO - [2025-04-13T23:43:27.533+0000] {dagbag.py:588} INFO - Filling up the DagBag from /opt/airflow/dags/etl_fraud_pipeline.py
[2025-04-13T23:43:29.355+0000] {logging_mixin.py:190} INFO - [2025-04-13T23:43:29.304+0000] {dagbag.py:387} ERROR - Failed to import: /opt/airflow/dags/etl_fraud_pipeline.py
Traceback (most recent call last):
  File "/home/airflow/.local/lib/python3.12/site-packages/airflow/models/dagbag.py", line 383, in parse
    loader.exec_module(new_module)
  File "<frozen importlib._bootstrap_external>", line 999, in exec_module
  File "<frozen importlib._bootstrap>", line 488, in _call_with_frames_removed
  File "/opt/airflow/dags/etl_fraud_pipeline.py", line 10, in <module>
    from kaggle.api.kaggle_api_extended import KaggleApi
  File "/home/airflow/.local/lib/python3.12/site-packages/kaggle/__init__.py", line 6, in <module>
    api.authenticate()
  File "/home/airflow/.local/lib/python3.12/site-packages/kaggle/api/kaggle_api_extended.py", line 433, in authenticate
    raise IOError('Could not find {}. Make sure it\'s located in'
OSError: Could not find kaggle.json. Make sure it's located in /home/airflow/.config/kaggle. Or use the environment method. See setup instructions at https://github.com/Kaggle/kaggle-api/
[2025-04-13T23:43:29.382+0000] {processor.py:927} WARNING - No viable dags retrieved from /opt/airflow/dags/etl_fraud_pipeline.py
[2025-04-13T23:43:29.573+0000] {processor.py:208} INFO - Processing /opt/airflow/dags/etl_fraud_pipeline.py took 2.060 seconds
[2025-04-13T23:44:00.232+0000] {processor.py:186} INFO - Started process (PID=179) to work on /opt/airflow/dags/etl_fraud_pipeline.py
[2025-04-13T23:44:00.234+0000] {processor.py:914} INFO - Processing file /opt/airflow/dags/etl_fraud_pipeline.py for tasks to queue
[2025-04-13T23:44:00.240+0000] {logging_mixin.py:190} INFO - [2025-04-13T23:44:00.239+0000] {dagbag.py:588} INFO - Filling up the DagBag from /opt/airflow/dags/etl_fraud_pipeline.py
[2025-04-13T23:44:01.682+0000] {logging_mixin.py:190} INFO - [2025-04-13T23:44:01.628+0000] {dagbag.py:387} ERROR - Failed to import: /opt/airflow/dags/etl_fraud_pipeline.py
Traceback (most recent call last):
  File "/home/airflow/.local/lib/python3.12/site-packages/airflow/models/dagbag.py", line 383, in parse
    loader.exec_module(new_module)
  File "<frozen importlib._bootstrap_external>", line 999, in exec_module
  File "<frozen importlib._bootstrap>", line 488, in _call_with_frames_removed
  File "/opt/airflow/dags/etl_fraud_pipeline.py", line 10, in <module>
    from kaggle.api.kaggle_api_extended import KaggleApi
  File "/home/airflow/.local/lib/python3.12/site-packages/kaggle/__init__.py", line 6, in <module>
    api.authenticate()
  File "/home/airflow/.local/lib/python3.12/site-packages/kaggle/api/kaggle_api_extended.py", line 433, in authenticate
    raise IOError('Could not find {}. Make sure it\'s located in'
OSError: Could not find kaggle.json. Make sure it's located in /home/airflow/.config/kaggle. Or use the environment method. See setup instructions at https://github.com/Kaggle/kaggle-api/
[2025-04-13T23:44:01.712+0000] {processor.py:927} WARNING - No viable dags retrieved from /opt/airflow/dags/etl_fraud_pipeline.py
[2025-04-13T23:44:01.800+0000] {processor.py:208} INFO - Processing /opt/airflow/dags/etl_fraud_pipeline.py took 1.581 seconds
[2025-04-13T23:44:32.099+0000] {processor.py:186} INFO - Started process (PID=186) to work on /opt/airflow/dags/etl_fraud_pipeline.py
[2025-04-13T23:44:32.119+0000] {processor.py:914} INFO - Processing file /opt/airflow/dags/etl_fraud_pipeline.py for tasks to queue
[2025-04-13T23:44:32.125+0000] {logging_mixin.py:190} INFO - [2025-04-13T23:44:32.124+0000] {dagbag.py:588} INFO - Filling up the DagBag from /opt/airflow/dags/etl_fraud_pipeline.py
[2025-04-13T23:44:33.458+0000] {logging_mixin.py:190} INFO - [2025-04-13T23:44:33.437+0000] {dagbag.py:387} ERROR - Failed to import: /opt/airflow/dags/etl_fraud_pipeline.py
Traceback (most recent call last):
  File "/home/airflow/.local/lib/python3.12/site-packages/airflow/models/dagbag.py", line 383, in parse
    loader.exec_module(new_module)
  File "<frozen importlib._bootstrap_external>", line 999, in exec_module
  File "<frozen importlib._bootstrap>", line 488, in _call_with_frames_removed
  File "/opt/airflow/dags/etl_fraud_pipeline.py", line 10, in <module>
    from kaggle.api.kaggle_api_extended import KaggleApi
  File "/home/airflow/.local/lib/python3.12/site-packages/kaggle/__init__.py", line 6, in <module>
    api.authenticate()
  File "/home/airflow/.local/lib/python3.12/site-packages/kaggle/api/kaggle_api_extended.py", line 433, in authenticate
    raise IOError('Could not find {}. Make sure it\'s located in'
OSError: Could not find kaggle.json. Make sure it's located in /home/airflow/.config/kaggle. Or use the environment method. See setup instructions at https://github.com/Kaggle/kaggle-api/
[2025-04-13T23:44:33.462+0000] {processor.py:927} WARNING - No viable dags retrieved from /opt/airflow/dags/etl_fraud_pipeline.py
[2025-04-13T23:44:33.588+0000] {processor.py:208} INFO - Processing /opt/airflow/dags/etl_fraud_pipeline.py took 1.522 seconds
[2025-04-13T23:45:04.312+0000] {processor.py:186} INFO - Started process (PID=194) to work on /opt/airflow/dags/etl_fraud_pipeline.py
[2025-04-13T23:45:04.315+0000] {processor.py:914} INFO - Processing file /opt/airflow/dags/etl_fraud_pipeline.py for tasks to queue
[2025-04-13T23:45:04.319+0000] {logging_mixin.py:190} INFO - [2025-04-13T23:45:04.319+0000] {dagbag.py:588} INFO - Filling up the DagBag from /opt/airflow/dags/etl_fraud_pipeline.py
[2025-04-13T23:45:07.998+0000] {logging_mixin.py:190} INFO - [2025-04-13T23:45:07.951+0000] {dagbag.py:387} ERROR - Failed to import: /opt/airflow/dags/etl_fraud_pipeline.py
Traceback (most recent call last):
  File "/home/airflow/.local/lib/python3.12/site-packages/airflow/models/dagbag.py", line 383, in parse
    loader.exec_module(new_module)
  File "<frozen importlib._bootstrap_external>", line 999, in exec_module
  File "<frozen importlib._bootstrap>", line 488, in _call_with_frames_removed
  File "/opt/airflow/dags/etl_fraud_pipeline.py", line 10, in <module>
    from kaggle.api.kaggle_api_extended import KaggleApi
  File "/home/airflow/.local/lib/python3.12/site-packages/kaggle/__init__.py", line 6, in <module>
    api.authenticate()
  File "/home/airflow/.local/lib/python3.12/site-packages/kaggle/api/kaggle_api_extended.py", line 433, in authenticate
    raise IOError('Could not find {}. Make sure it\'s located in'
OSError: Could not find kaggle.json. Make sure it's located in /home/airflow/.config/kaggle. Or use the environment method. See setup instructions at https://github.com/Kaggle/kaggle-api/
[2025-04-13T23:45:08.000+0000] {processor.py:927} WARNING - No viable dags retrieved from /opt/airflow/dags/etl_fraud_pipeline.py
[2025-04-13T23:45:08.476+0000] {processor.py:208} INFO - Processing /opt/airflow/dags/etl_fraud_pipeline.py took 4.187 seconds
[2025-04-13T23:45:39.047+0000] {processor.py:186} INFO - Started process (PID=201) to work on /opt/airflow/dags/etl_fraud_pipeline.py
[2025-04-13T23:45:39.067+0000] {processor.py:914} INFO - Processing file /opt/airflow/dags/etl_fraud_pipeline.py for tasks to queue
[2025-04-13T23:45:39.084+0000] {logging_mixin.py:190} INFO - [2025-04-13T23:45:39.083+0000] {dagbag.py:588} INFO - Filling up the DagBag from /opt/airflow/dags/etl_fraud_pipeline.py
[2025-04-13T23:45:41.258+0000] {logging_mixin.py:190} INFO - [2025-04-13T23:45:41.236+0000] {dagbag.py:387} ERROR - Failed to import: /opt/airflow/dags/etl_fraud_pipeline.py
Traceback (most recent call last):
  File "/home/airflow/.local/lib/python3.12/site-packages/airflow/models/dagbag.py", line 383, in parse
    loader.exec_module(new_module)
  File "<frozen importlib._bootstrap_external>", line 999, in exec_module
  File "<frozen importlib._bootstrap>", line 488, in _call_with_frames_removed
  File "/opt/airflow/dags/etl_fraud_pipeline.py", line 10, in <module>
    from kaggle.api.kaggle_api_extended import KaggleApi
  File "/home/airflow/.local/lib/python3.12/site-packages/kaggle/__init__.py", line 6, in <module>
    api.authenticate()
  File "/home/airflow/.local/lib/python3.12/site-packages/kaggle/api/kaggle_api_extended.py", line 433, in authenticate
    raise IOError('Could not find {}. Make sure it\'s located in'
OSError: Could not find kaggle.json. Make sure it's located in /home/airflow/.config/kaggle. Or use the environment method. See setup instructions at https://github.com/Kaggle/kaggle-api/
[2025-04-13T23:45:41.270+0000] {processor.py:927} WARNING - No viable dags retrieved from /opt/airflow/dags/etl_fraud_pipeline.py
[2025-04-13T23:45:41.526+0000] {processor.py:208} INFO - Processing /opt/airflow/dags/etl_fraud_pipeline.py took 2.502 seconds
[2025-04-13T23:46:12.154+0000] {processor.py:186} INFO - Started process (PID=208) to work on /opt/airflow/dags/etl_fraud_pipeline.py
[2025-04-13T23:46:12.161+0000] {processor.py:914} INFO - Processing file /opt/airflow/dags/etl_fraud_pipeline.py for tasks to queue
[2025-04-13T23:46:12.167+0000] {logging_mixin.py:190} INFO - [2025-04-13T23:46:12.166+0000] {dagbag.py:588} INFO - Filling up the DagBag from /opt/airflow/dags/etl_fraud_pipeline.py
[2025-04-13T23:46:14.435+0000] {logging_mixin.py:190} INFO - [2025-04-13T23:46:14.400+0000] {dagbag.py:387} ERROR - Failed to import: /opt/airflow/dags/etl_fraud_pipeline.py
Traceback (most recent call last):
  File "/home/airflow/.local/lib/python3.12/site-packages/airflow/models/dagbag.py", line 383, in parse
    loader.exec_module(new_module)
  File "<frozen importlib._bootstrap_external>", line 999, in exec_module
  File "<frozen importlib._bootstrap>", line 488, in _call_with_frames_removed
  File "/opt/airflow/dags/etl_fraud_pipeline.py", line 10, in <module>
    from kaggle.api.kaggle_api_extended import KaggleApi
  File "/home/airflow/.local/lib/python3.12/site-packages/kaggle/__init__.py", line 6, in <module>
    api.authenticate()
  File "/home/airflow/.local/lib/python3.12/site-packages/kaggle/api/kaggle_api_extended.py", line 433, in authenticate
    raise IOError('Could not find {}. Make sure it\'s located in'
OSError: Could not find kaggle.json. Make sure it's located in /home/airflow/.config/kaggle. Or use the environment method. See setup instructions at https://github.com/Kaggle/kaggle-api/
[2025-04-13T23:46:14.459+0000] {processor.py:927} WARNING - No viable dags retrieved from /opt/airflow/dags/etl_fraud_pipeline.py
[2025-04-13T23:46:14.534+0000] {processor.py:208} INFO - Processing /opt/airflow/dags/etl_fraud_pipeline.py took 2.408 seconds
[2025-04-13T23:46:45.163+0000] {processor.py:186} INFO - Started process (PID=220) to work on /opt/airflow/dags/etl_fraud_pipeline.py
[2025-04-13T23:46:45.168+0000] {processor.py:914} INFO - Processing file /opt/airflow/dags/etl_fraud_pipeline.py for tasks to queue
[2025-04-13T23:46:45.176+0000] {logging_mixin.py:190} INFO - [2025-04-13T23:46:45.175+0000] {dagbag.py:588} INFO - Filling up the DagBag from /opt/airflow/dags/etl_fraud_pipeline.py
[2025-04-13T23:46:47.838+0000] {logging_mixin.py:190} INFO - [2025-04-13T23:46:47.816+0000] {dagbag.py:387} ERROR - Failed to import: /opt/airflow/dags/etl_fraud_pipeline.py
Traceback (most recent call last):
  File "/home/airflow/.local/lib/python3.12/site-packages/airflow/models/dagbag.py", line 383, in parse
    loader.exec_module(new_module)
  File "<frozen importlib._bootstrap_external>", line 999, in exec_module
  File "<frozen importlib._bootstrap>", line 488, in _call_with_frames_removed
  File "/opt/airflow/dags/etl_fraud_pipeline.py", line 10, in <module>
    from kaggle.api.kaggle_api_extended import KaggleApi
  File "/home/airflow/.local/lib/python3.12/site-packages/kaggle/__init__.py", line 6, in <module>
    api.authenticate()
  File "/home/airflow/.local/lib/python3.12/site-packages/kaggle/api/kaggle_api_extended.py", line 433, in authenticate
    raise IOError('Could not find {}. Make sure it\'s located in'
OSError: Could not find kaggle.json. Make sure it's located in /home/airflow/.config/kaggle. Or use the environment method. See setup instructions at https://github.com/Kaggle/kaggle-api/
[2025-04-13T23:46:47.850+0000] {processor.py:927} WARNING - No viable dags retrieved from /opt/airflow/dags/etl_fraud_pipeline.py
[2025-04-13T23:46:47.958+0000] {processor.py:208} INFO - Processing /opt/airflow/dags/etl_fraud_pipeline.py took 2.861 seconds
[2025-04-13T23:47:19.260+0000] {processor.py:186} INFO - Started process (PID=227) to work on /opt/airflow/dags/etl_fraud_pipeline.py
[2025-04-13T23:47:19.297+0000] {processor.py:914} INFO - Processing file /opt/airflow/dags/etl_fraud_pipeline.py for tasks to queue
[2025-04-13T23:47:19.540+0000] {logging_mixin.py:190} INFO - [2025-04-13T23:47:19.539+0000] {dagbag.py:588} INFO - Filling up the DagBag from /opt/airflow/dags/etl_fraud_pipeline.py
[2025-04-13T23:47:26.153+0000] {logging_mixin.py:190} INFO - [2025-04-13T23:47:26.064+0000] {dagbag.py:387} ERROR - Failed to import: /opt/airflow/dags/etl_fraud_pipeline.py
Traceback (most recent call last):
  File "/home/airflow/.local/lib/python3.12/site-packages/airflow/models/dagbag.py", line 383, in parse
    loader.exec_module(new_module)
  File "<frozen importlib._bootstrap_external>", line 999, in exec_module
  File "<frozen importlib._bootstrap>", line 488, in _call_with_frames_removed
  File "/opt/airflow/dags/etl_fraud_pipeline.py", line 10, in <module>
    from kaggle.api.kaggle_api_extended import KaggleApi
  File "/home/airflow/.local/lib/python3.12/site-packages/kaggle/__init__.py", line 6, in <module>
    api.authenticate()
  File "/home/airflow/.local/lib/python3.12/site-packages/kaggle/api/kaggle_api_extended.py", line 433, in authenticate
    raise IOError('Could not find {}. Make sure it\'s located in'
OSError: Could not find kaggle.json. Make sure it's located in /home/airflow/.config/kaggle. Or use the environment method. See setup instructions at https://github.com/Kaggle/kaggle-api/
[2025-04-13T23:47:26.199+0000] {processor.py:927} WARNING - No viable dags retrieved from /opt/airflow/dags/etl_fraud_pipeline.py
[2025-04-13T23:47:26.448+0000] {processor.py:208} INFO - Processing /opt/airflow/dags/etl_fraud_pipeline.py took 7.477 seconds
[2025-04-13T23:47:56.882+0000] {processor.py:186} INFO - Started process (PID=234) to work on /opt/airflow/dags/etl_fraud_pipeline.py
[2025-04-13T23:47:56.899+0000] {processor.py:914} INFO - Processing file /opt/airflow/dags/etl_fraud_pipeline.py for tasks to queue
[2025-04-13T23:47:56.935+0000] {logging_mixin.py:190} INFO - [2025-04-13T23:47:56.934+0000] {dagbag.py:588} INFO - Filling up the DagBag from /opt/airflow/dags/etl_fraud_pipeline.py
[2025-04-13T23:47:58.765+0000] {logging_mixin.py:190} INFO - [2025-04-13T23:47:58.677+0000] {dagbag.py:387} ERROR - Failed to import: /opt/airflow/dags/etl_fraud_pipeline.py
Traceback (most recent call last):
  File "/home/airflow/.local/lib/python3.12/site-packages/airflow/models/dagbag.py", line 383, in parse
    loader.exec_module(new_module)
  File "<frozen importlib._bootstrap_external>", line 999, in exec_module
  File "<frozen importlib._bootstrap>", line 488, in _call_with_frames_removed
  File "/opt/airflow/dags/etl_fraud_pipeline.py", line 10, in <module>
    from kaggle.api.kaggle_api_extended import KaggleApi
  File "/home/airflow/.local/lib/python3.12/site-packages/kaggle/__init__.py", line 6, in <module>
    api.authenticate()
  File "/home/airflow/.local/lib/python3.12/site-packages/kaggle/api/kaggle_api_extended.py", line 433, in authenticate
    raise IOError('Could not find {}. Make sure it\'s located in'
OSError: Could not find kaggle.json. Make sure it's located in /home/airflow/.config/kaggle. Or use the environment method. See setup instructions at https://github.com/Kaggle/kaggle-api/
[2025-04-13T23:47:58.767+0000] {processor.py:927} WARNING - No viable dags retrieved from /opt/airflow/dags/etl_fraud_pipeline.py
[2025-04-13T23:47:59.033+0000] {processor.py:208} INFO - Processing /opt/airflow/dags/etl_fraud_pipeline.py took 2.201 seconds
[2025-04-13T23:48:29.983+0000] {processor.py:186} INFO - Started process (PID=240) to work on /opt/airflow/dags/etl_fraud_pipeline.py
[2025-04-13T23:48:30.071+0000] {processor.py:914} INFO - Processing file /opt/airflow/dags/etl_fraud_pipeline.py for tasks to queue
[2025-04-13T23:48:30.232+0000] {logging_mixin.py:190} INFO - [2025-04-13T23:48:30.231+0000] {dagbag.py:588} INFO - Filling up the DagBag from /opt/airflow/dags/etl_fraud_pipeline.py
[2025-04-13T23:48:41.482+0000] {logging_mixin.py:190} INFO - [2025-04-13T23:48:41.404+0000] {dagbag.py:387} ERROR - Failed to import: /opt/airflow/dags/etl_fraud_pipeline.py
Traceback (most recent call last):
  File "/home/airflow/.local/lib/python3.12/site-packages/airflow/models/dagbag.py", line 383, in parse
    loader.exec_module(new_module)
  File "<frozen importlib._bootstrap_external>", line 999, in exec_module
  File "<frozen importlib._bootstrap>", line 488, in _call_with_frames_removed
  File "/opt/airflow/dags/etl_fraud_pipeline.py", line 10, in <module>
    from kaggle.api.kaggle_api_extended import KaggleApi
  File "/home/airflow/.local/lib/python3.12/site-packages/kaggle/__init__.py", line 6, in <module>
    api.authenticate()
  File "/home/airflow/.local/lib/python3.12/site-packages/kaggle/api/kaggle_api_extended.py", line 433, in authenticate
    raise IOError('Could not find {}. Make sure it\'s located in'
OSError: Could not find kaggle.json. Make sure it's located in /home/airflow/.config/kaggle. Or use the environment method. See setup instructions at https://github.com/Kaggle/kaggle-api/
[2025-04-13T23:48:41.535+0000] {processor.py:927} WARNING - No viable dags retrieved from /opt/airflow/dags/etl_fraud_pipeline.py
[2025-04-13T23:48:41.773+0000] {processor.py:208} INFO - Processing /opt/airflow/dags/etl_fraud_pipeline.py took 11.921 seconds
[2025-04-13T23:49:12.974+0000] {processor.py:186} INFO - Started process (PID=246) to work on /opt/airflow/dags/etl_fraud_pipeline.py
[2025-04-13T23:49:13.021+0000] {processor.py:914} INFO - Processing file /opt/airflow/dags/etl_fraud_pipeline.py for tasks to queue
[2025-04-13T23:49:13.152+0000] {logging_mixin.py:190} INFO - [2025-04-13T23:49:13.106+0000] {dagbag.py:588} INFO - Filling up the DagBag from /opt/airflow/dags/etl_fraud_pipeline.py
[2025-04-13T23:49:17.478+0000] {logging_mixin.py:190} INFO - [2025-04-13T23:49:17.406+0000] {dagbag.py:387} ERROR - Failed to import: /opt/airflow/dags/etl_fraud_pipeline.py
Traceback (most recent call last):
  File "/home/airflow/.local/lib/python3.12/site-packages/airflow/models/dagbag.py", line 383, in parse
    loader.exec_module(new_module)
  File "<frozen importlib._bootstrap_external>", line 999, in exec_module
  File "<frozen importlib._bootstrap>", line 488, in _call_with_frames_removed
  File "/opt/airflow/dags/etl_fraud_pipeline.py", line 10, in <module>
    from kaggle.api.kaggle_api_extended import KaggleApi
  File "/home/airflow/.local/lib/python3.12/site-packages/kaggle/__init__.py", line 6, in <module>
    api.authenticate()
  File "/home/airflow/.local/lib/python3.12/site-packages/kaggle/api/kaggle_api_extended.py", line 433, in authenticate
    raise IOError('Could not find {}. Make sure it\'s located in'
OSError: Could not find kaggle.json. Make sure it's located in /home/airflow/.config/kaggle. Or use the environment method. See setup instructions at https://github.com/Kaggle/kaggle-api/
[2025-04-13T23:49:17.481+0000] {processor.py:927} WARNING - No viable dags retrieved from /opt/airflow/dags/etl_fraud_pipeline.py
[2025-04-13T23:49:17.726+0000] {processor.py:208} INFO - Processing /opt/airflow/dags/etl_fraud_pipeline.py took 5.099 seconds
[2025-04-13T23:49:48.117+0000] {processor.py:186} INFO - Started process (PID=253) to work on /opt/airflow/dags/etl_fraud_pipeline.py
[2025-04-13T23:49:48.134+0000] {processor.py:914} INFO - Processing file /opt/airflow/dags/etl_fraud_pipeline.py for tasks to queue
[2025-04-13T23:49:48.185+0000] {logging_mixin.py:190} INFO - [2025-04-13T23:49:48.184+0000] {dagbag.py:588} INFO - Filling up the DagBag from /opt/airflow/dags/etl_fraud_pipeline.py
[2025-04-13T23:49:51.469+0000] {logging_mixin.py:190} INFO - [2025-04-13T23:49:51.454+0000] {dagbag.py:387} ERROR - Failed to import: /opt/airflow/dags/etl_fraud_pipeline.py
Traceback (most recent call last):
  File "/home/airflow/.local/lib/python3.12/site-packages/airflow/models/dagbag.py", line 383, in parse
    loader.exec_module(new_module)
  File "<frozen importlib._bootstrap_external>", line 999, in exec_module
  File "<frozen importlib._bootstrap>", line 488, in _call_with_frames_removed
  File "/opt/airflow/dags/etl_fraud_pipeline.py", line 10, in <module>
    from kaggle.api.kaggle_api_extended import KaggleApi
  File "/home/airflow/.local/lib/python3.12/site-packages/kaggle/__init__.py", line 6, in <module>
    api.authenticate()
  File "/home/airflow/.local/lib/python3.12/site-packages/kaggle/api/kaggle_api_extended.py", line 433, in authenticate
    raise IOError('Could not find {}. Make sure it\'s located in'
OSError: Could not find kaggle.json. Make sure it's located in /home/airflow/.config/kaggle. Or use the environment method. See setup instructions at https://github.com/Kaggle/kaggle-api/
[2025-04-13T23:49:51.479+0000] {processor.py:927} WARNING - No viable dags retrieved from /opt/airflow/dags/etl_fraud_pipeline.py
[2025-04-13T23:49:51.619+0000] {processor.py:208} INFO - Processing /opt/airflow/dags/etl_fraud_pipeline.py took 3.535 seconds
[2025-04-13T23:50:22.463+0000] {processor.py:186} INFO - Started process (PID=266) to work on /opt/airflow/dags/etl_fraud_pipeline.py
[2025-04-13T23:50:22.478+0000] {processor.py:914} INFO - Processing file /opt/airflow/dags/etl_fraud_pipeline.py for tasks to queue
[2025-04-13T23:50:22.499+0000] {logging_mixin.py:190} INFO - [2025-04-13T23:50:22.498+0000] {dagbag.py:588} INFO - Filling up the DagBag from /opt/airflow/dags/etl_fraud_pipeline.py
[2025-04-13T23:50:26.636+0000] {logging_mixin.py:190} INFO - [2025-04-13T23:50:26.584+0000] {dagbag.py:387} ERROR - Failed to import: /opt/airflow/dags/etl_fraud_pipeline.py
Traceback (most recent call last):
  File "/home/airflow/.local/lib/python3.12/site-packages/airflow/models/dagbag.py", line 383, in parse
    loader.exec_module(new_module)
  File "<frozen importlib._bootstrap_external>", line 999, in exec_module
  File "<frozen importlib._bootstrap>", line 488, in _call_with_frames_removed
  File "/opt/airflow/dags/etl_fraud_pipeline.py", line 10, in <module>
    from kaggle.api.kaggle_api_extended import KaggleApi
  File "/home/airflow/.local/lib/python3.12/site-packages/kaggle/__init__.py", line 6, in <module>
    api.authenticate()
  File "/home/airflow/.local/lib/python3.12/site-packages/kaggle/api/kaggle_api_extended.py", line 433, in authenticate
    raise IOError('Could not find {}. Make sure it\'s located in'
OSError: Could not find kaggle.json. Make sure it's located in /home/airflow/.config/kaggle. Or use the environment method. See setup instructions at https://github.com/Kaggle/kaggle-api/
[2025-04-13T23:50:26.643+0000] {processor.py:927} WARNING - No viable dags retrieved from /opt/airflow/dags/etl_fraud_pipeline.py
[2025-04-13T23:50:26.970+0000] {processor.py:208} INFO - Processing /opt/airflow/dags/etl_fraud_pipeline.py took 4.536 seconds
[2025-04-13T23:50:57.176+0000] {processor.py:186} INFO - Started process (PID=272) to work on /opt/airflow/dags/etl_fraud_pipeline.py
[2025-04-13T23:50:57.179+0000] {processor.py:914} INFO - Processing file /opt/airflow/dags/etl_fraud_pipeline.py for tasks to queue
[2025-04-13T23:50:57.186+0000] {logging_mixin.py:190} INFO - [2025-04-13T23:50:57.185+0000] {dagbag.py:588} INFO - Filling up the DagBag from /opt/airflow/dags/etl_fraud_pipeline.py
[2025-04-13T23:51:02.412+0000] {logging_mixin.py:190} INFO - [2025-04-13T23:51:02.304+0000] {dagbag.py:387} ERROR - Failed to import: /opt/airflow/dags/etl_fraud_pipeline.py
Traceback (most recent call last):
  File "/home/airflow/.local/lib/python3.12/site-packages/airflow/models/dagbag.py", line 383, in parse
    loader.exec_module(new_module)
  File "<frozen importlib._bootstrap_external>", line 999, in exec_module
  File "<frozen importlib._bootstrap>", line 488, in _call_with_frames_removed
  File "/opt/airflow/dags/etl_fraud_pipeline.py", line 10, in <module>
    from kaggle.api.kaggle_api_extended import KaggleApi
  File "/home/airflow/.local/lib/python3.12/site-packages/kaggle/__init__.py", line 6, in <module>
    api.authenticate()
  File "/home/airflow/.local/lib/python3.12/site-packages/kaggle/api/kaggle_api_extended.py", line 433, in authenticate
    raise IOError('Could not find {}. Make sure it\'s located in'
OSError: Could not find kaggle.json. Make sure it's located in /home/airflow/.config/kaggle. Or use the environment method. See setup instructions at https://github.com/Kaggle/kaggle-api/
[2025-04-13T23:51:02.482+0000] {processor.py:927} WARNING - No viable dags retrieved from /opt/airflow/dags/etl_fraud_pipeline.py
[2025-04-13T23:51:03.695+0000] {processor.py:208} INFO - Processing /opt/airflow/dags/etl_fraud_pipeline.py took 6.551 seconds
[2025-04-13T23:51:35.018+0000] {processor.py:186} INFO - Started process (PID=279) to work on /opt/airflow/dags/etl_fraud_pipeline.py
[2025-04-13T23:51:35.032+0000] {processor.py:914} INFO - Processing file /opt/airflow/dags/etl_fraud_pipeline.py for tasks to queue
[2025-04-13T23:51:35.055+0000] {logging_mixin.py:190} INFO - [2025-04-13T23:51:35.050+0000] {dagbag.py:588} INFO - Filling up the DagBag from /opt/airflow/dags/etl_fraud_pipeline.py
[2025-04-13T23:51:38.335+0000] {logging_mixin.py:190} INFO - [2025-04-13T23:51:38.285+0000] {dagbag.py:387} ERROR - Failed to import: /opt/airflow/dags/etl_fraud_pipeline.py
Traceback (most recent call last):
  File "/home/airflow/.local/lib/python3.12/site-packages/airflow/models/dagbag.py", line 383, in parse
    loader.exec_module(new_module)
  File "<frozen importlib._bootstrap_external>", line 999, in exec_module
  File "<frozen importlib._bootstrap>", line 488, in _call_with_frames_removed
  File "/opt/airflow/dags/etl_fraud_pipeline.py", line 10, in <module>
    from kaggle.api.kaggle_api_extended import KaggleApi
  File "/home/airflow/.local/lib/python3.12/site-packages/kaggle/__init__.py", line 6, in <module>
    api.authenticate()
  File "/home/airflow/.local/lib/python3.12/site-packages/kaggle/api/kaggle_api_extended.py", line 433, in authenticate
    raise IOError('Could not find {}. Make sure it\'s located in'
OSError: Could not find kaggle.json. Make sure it's located in /home/airflow/.config/kaggle. Or use the environment method. See setup instructions at https://github.com/Kaggle/kaggle-api/
[2025-04-13T23:51:38.348+0000] {processor.py:927} WARNING - No viable dags retrieved from /opt/airflow/dags/etl_fraud_pipeline.py
[2025-04-13T23:51:38.456+0000] {processor.py:208} INFO - Processing /opt/airflow/dags/etl_fraud_pipeline.py took 3.501 seconds
[2025-04-13T23:52:08.960+0000] {processor.py:186} INFO - Started process (PID=286) to work on /opt/airflow/dags/etl_fraud_pipeline.py
[2025-04-13T23:52:09.009+0000] {processor.py:914} INFO - Processing file /opt/airflow/dags/etl_fraud_pipeline.py for tasks to queue
[2025-04-13T23:52:09.113+0000] {logging_mixin.py:190} INFO - [2025-04-13T23:52:09.097+0000] {dagbag.py:588} INFO - Filling up the DagBag from /opt/airflow/dags/etl_fraud_pipeline.py
[2025-04-13T23:52:15.154+0000] {logging_mixin.py:190} INFO - [2025-04-13T23:52:15.019+0000] {dagbag.py:387} ERROR - Failed to import: /opt/airflow/dags/etl_fraud_pipeline.py
Traceback (most recent call last):
  File "/home/airflow/.local/lib/python3.12/site-packages/airflow/models/dagbag.py", line 383, in parse
    loader.exec_module(new_module)
  File "<frozen importlib._bootstrap_external>", line 999, in exec_module
  File "<frozen importlib._bootstrap>", line 488, in _call_with_frames_removed
  File "/opt/airflow/dags/etl_fraud_pipeline.py", line 10, in <module>
    from kaggle.api.kaggle_api_extended import KaggleApi
  File "/home/airflow/.local/lib/python3.12/site-packages/kaggle/__init__.py", line 6, in <module>
    api.authenticate()
  File "/home/airflow/.local/lib/python3.12/site-packages/kaggle/api/kaggle_api_extended.py", line 433, in authenticate
    raise IOError('Could not find {}. Make sure it\'s located in'
OSError: Could not find kaggle.json. Make sure it's located in /home/airflow/.config/kaggle. Or use the environment method. See setup instructions at https://github.com/Kaggle/kaggle-api/
[2025-04-13T23:52:15.160+0000] {processor.py:927} WARNING - No viable dags retrieved from /opt/airflow/dags/etl_fraud_pipeline.py
[2025-04-13T23:52:15.464+0000] {processor.py:208} INFO - Processing /opt/airflow/dags/etl_fraud_pipeline.py took 6.539 seconds
[2025-04-13T23:52:46.679+0000] {processor.py:186} INFO - Started process (PID=292) to work on /opt/airflow/dags/etl_fraud_pipeline.py
[2025-04-13T23:52:46.687+0000] {processor.py:914} INFO - Processing file /opt/airflow/dags/etl_fraud_pipeline.py for tasks to queue
[2025-04-13T23:52:46.744+0000] {logging_mixin.py:190} INFO - [2025-04-13T23:52:46.716+0000] {dagbag.py:588} INFO - Filling up the DagBag from /opt/airflow/dags/etl_fraud_pipeline.py
[2025-04-13T23:52:53.330+0000] {logging_mixin.py:190} INFO - [2025-04-13T23:52:53.152+0000] {dagbag.py:387} ERROR - Failed to import: /opt/airflow/dags/etl_fraud_pipeline.py
Traceback (most recent call last):
  File "/home/airflow/.local/lib/python3.12/site-packages/airflow/models/dagbag.py", line 383, in parse
    loader.exec_module(new_module)
  File "<frozen importlib._bootstrap_external>", line 999, in exec_module
  File "<frozen importlib._bootstrap>", line 488, in _call_with_frames_removed
  File "/opt/airflow/dags/etl_fraud_pipeline.py", line 10, in <module>
    from kaggle.api.kaggle_api_extended import KaggleApi
  File "/home/airflow/.local/lib/python3.12/site-packages/kaggle/__init__.py", line 6, in <module>
    api.authenticate()
  File "/home/airflow/.local/lib/python3.12/site-packages/kaggle/api/kaggle_api_extended.py", line 433, in authenticate
    raise IOError('Could not find {}. Make sure it\'s located in'
OSError: Could not find kaggle.json. Make sure it's located in /home/airflow/.config/kaggle. Or use the environment method. See setup instructions at https://github.com/Kaggle/kaggle-api/
[2025-04-13T23:52:53.561+0000] {processor.py:927} WARNING - No viable dags retrieved from /opt/airflow/dags/etl_fraud_pipeline.py
[2025-04-13T23:52:53.771+0000] {processor.py:208} INFO - Processing /opt/airflow/dags/etl_fraud_pipeline.py took 7.169 seconds
[2025-04-13T23:53:24.651+0000] {processor.py:186} INFO - Started process (PID=298) to work on /opt/airflow/dags/etl_fraud_pipeline.py
[2025-04-13T23:53:24.663+0000] {processor.py:914} INFO - Processing file /opt/airflow/dags/etl_fraud_pipeline.py for tasks to queue
[2025-04-13T23:53:24.678+0000] {logging_mixin.py:190} INFO - [2025-04-13T23:53:24.677+0000] {dagbag.py:588} INFO - Filling up the DagBag from /opt/airflow/dags/etl_fraud_pipeline.py
[2025-04-13T23:53:31.333+0000] {logging_mixin.py:190} INFO - [2025-04-13T23:53:31.284+0000] {dagbag.py:387} ERROR - Failed to import: /opt/airflow/dags/etl_fraud_pipeline.py
Traceback (most recent call last):
  File "/home/airflow/.local/lib/python3.12/site-packages/airflow/models/dagbag.py", line 383, in parse
    loader.exec_module(new_module)
  File "<frozen importlib._bootstrap_external>", line 999, in exec_module
  File "<frozen importlib._bootstrap>", line 488, in _call_with_frames_removed
  File "/opt/airflow/dags/etl_fraud_pipeline.py", line 10, in <module>
    from kaggle.api.kaggle_api_extended import KaggleApi
  File "/home/airflow/.local/lib/python3.12/site-packages/kaggle/__init__.py", line 6, in <module>
    api.authenticate()
  File "/home/airflow/.local/lib/python3.12/site-packages/kaggle/api/kaggle_api_extended.py", line 433, in authenticate
    raise IOError('Could not find {}. Make sure it\'s located in'
OSError: Could not find kaggle.json. Make sure it's located in /home/airflow/.config/kaggle. Or use the environment method. See setup instructions at https://github.com/Kaggle/kaggle-api/
[2025-04-13T23:53:31.336+0000] {processor.py:927} WARNING - No viable dags retrieved from /opt/airflow/dags/etl_fraud_pipeline.py
[2025-04-13T23:53:31.542+0000] {processor.py:208} INFO - Processing /opt/airflow/dags/etl_fraud_pipeline.py took 6.950 seconds
[2025-04-13T23:54:02.148+0000] {processor.py:186} INFO - Started process (PID=311) to work on /opt/airflow/dags/etl_fraud_pipeline.py
[2025-04-13T23:54:02.197+0000] {processor.py:914} INFO - Processing file /opt/airflow/dags/etl_fraud_pipeline.py for tasks to queue
[2025-04-13T23:54:02.246+0000] {logging_mixin.py:190} INFO - [2025-04-13T23:54:02.245+0000] {dagbag.py:588} INFO - Filling up the DagBag from /opt/airflow/dags/etl_fraud_pipeline.py
[2025-04-13T23:54:06.298+0000] {logging_mixin.py:190} INFO - [2025-04-13T23:54:06.245+0000] {dagbag.py:387} ERROR - Failed to import: /opt/airflow/dags/etl_fraud_pipeline.py
Traceback (most recent call last):
  File "/home/airflow/.local/lib/python3.12/site-packages/airflow/models/dagbag.py", line 383, in parse
    loader.exec_module(new_module)
  File "<frozen importlib._bootstrap_external>", line 999, in exec_module
  File "<frozen importlib._bootstrap>", line 488, in _call_with_frames_removed
  File "/opt/airflow/dags/etl_fraud_pipeline.py", line 10, in <module>
    from kaggle.api.kaggle_api_extended import KaggleApi
  File "/home/airflow/.local/lib/python3.12/site-packages/kaggle/__init__.py", line 6, in <module>
    api.authenticate()
  File "/home/airflow/.local/lib/python3.12/site-packages/kaggle/api/kaggle_api_extended.py", line 433, in authenticate
    raise IOError('Could not find {}. Make sure it\'s located in'
OSError: Could not find kaggle.json. Make sure it's located in /home/airflow/.config/kaggle. Or use the environment method. See setup instructions at https://github.com/Kaggle/kaggle-api/
[2025-04-13T23:54:06.335+0000] {processor.py:927} WARNING - No viable dags retrieved from /opt/airflow/dags/etl_fraud_pipeline.py
[2025-04-13T23:54:06.600+0000] {processor.py:208} INFO - Processing /opt/airflow/dags/etl_fraud_pipeline.py took 4.528 seconds
[2025-04-13T23:54:37.337+0000] {processor.py:186} INFO - Started process (PID=318) to work on /opt/airflow/dags/etl_fraud_pipeline.py
[2025-04-13T23:54:37.345+0000] {processor.py:914} INFO - Processing file /opt/airflow/dags/etl_fraud_pipeline.py for tasks to queue
[2025-04-13T23:54:37.354+0000] {logging_mixin.py:190} INFO - [2025-04-13T23:54:37.354+0000] {dagbag.py:588} INFO - Filling up the DagBag from /opt/airflow/dags/etl_fraud_pipeline.py
[2025-04-13T23:54:41.118+0000] {logging_mixin.py:190} INFO - [2025-04-13T23:54:41.077+0000] {dagbag.py:387} ERROR - Failed to import: /opt/airflow/dags/etl_fraud_pipeline.py
Traceback (most recent call last):
  File "/home/airflow/.local/lib/python3.12/site-packages/airflow/models/dagbag.py", line 383, in parse
    loader.exec_module(new_module)
  File "<frozen importlib._bootstrap_external>", line 999, in exec_module
  File "<frozen importlib._bootstrap>", line 488, in _call_with_frames_removed
  File "/opt/airflow/dags/etl_fraud_pipeline.py", line 10, in <module>
    from kaggle.api.kaggle_api_extended import KaggleApi
  File "/home/airflow/.local/lib/python3.12/site-packages/kaggle/__init__.py", line 6, in <module>
    api.authenticate()
  File "/home/airflow/.local/lib/python3.12/site-packages/kaggle/api/kaggle_api_extended.py", line 433, in authenticate
    raise IOError('Could not find {}. Make sure it\'s located in'
OSError: Could not find kaggle.json. Make sure it's located in /home/airflow/.config/kaggle. Or use the environment method. See setup instructions at https://github.com/Kaggle/kaggle-api/
[2025-04-13T23:54:41.166+0000] {processor.py:927} WARNING - No viable dags retrieved from /opt/airflow/dags/etl_fraud_pipeline.py
[2025-04-13T23:54:41.498+0000] {processor.py:208} INFO - Processing /opt/airflow/dags/etl_fraud_pipeline.py took 4.237 seconds
[2025-04-13T23:55:12.501+0000] {processor.py:186} INFO - Started process (PID=325) to work on /opt/airflow/dags/etl_fraud_pipeline.py
[2025-04-13T23:55:12.507+0000] {processor.py:914} INFO - Processing file /opt/airflow/dags/etl_fraud_pipeline.py for tasks to queue
[2025-04-13T23:55:12.584+0000] {logging_mixin.py:190} INFO - [2025-04-13T23:55:12.583+0000] {dagbag.py:588} INFO - Filling up the DagBag from /opt/airflow/dags/etl_fraud_pipeline.py
[2025-04-13T23:55:17.521+0000] {logging_mixin.py:190} INFO - [2025-04-13T23:55:17.488+0000] {dagbag.py:387} ERROR - Failed to import: /opt/airflow/dags/etl_fraud_pipeline.py
Traceback (most recent call last):
  File "/home/airflow/.local/lib/python3.12/site-packages/airflow/models/dagbag.py", line 383, in parse
    loader.exec_module(new_module)
  File "<frozen importlib._bootstrap_external>", line 999, in exec_module
  File "<frozen importlib._bootstrap>", line 488, in _call_with_frames_removed
  File "/opt/airflow/dags/etl_fraud_pipeline.py", line 10, in <module>
    from kaggle.api.kaggle_api_extended import KaggleApi
  File "/home/airflow/.local/lib/python3.12/site-packages/kaggle/__init__.py", line 6, in <module>
    api.authenticate()
  File "/home/airflow/.local/lib/python3.12/site-packages/kaggle/api/kaggle_api_extended.py", line 433, in authenticate
    raise IOError('Could not find {}. Make sure it\'s located in'
OSError: Could not find kaggle.json. Make sure it's located in /home/airflow/.config/kaggle. Or use the environment method. See setup instructions at https://github.com/Kaggle/kaggle-api/
[2025-04-13T23:55:17.549+0000] {processor.py:927} WARNING - No viable dags retrieved from /opt/airflow/dags/etl_fraud_pipeline.py
[2025-04-13T23:55:17.879+0000] {processor.py:208} INFO - Processing /opt/airflow/dags/etl_fraud_pipeline.py took 5.572 seconds
[2025-04-13T23:55:48.833+0000] {processor.py:186} INFO - Started process (PID=331) to work on /opt/airflow/dags/etl_fraud_pipeline.py
[2025-04-13T23:55:48.925+0000] {processor.py:914} INFO - Processing file /opt/airflow/dags/etl_fraud_pipeline.py for tasks to queue
[2025-04-13T23:55:49.206+0000] {logging_mixin.py:190} INFO - [2025-04-13T23:55:49.166+0000] {dagbag.py:588} INFO - Filling up the DagBag from /opt/airflow/dags/etl_fraud_pipeline.py
[2025-04-13T23:55:59.897+0000] {logging_mixin.py:190} INFO - [2025-04-13T23:55:59.615+0000] {dagbag.py:387} ERROR - Failed to import: /opt/airflow/dags/etl_fraud_pipeline.py
Traceback (most recent call last):
  File "/home/airflow/.local/lib/python3.12/site-packages/airflow/models/dagbag.py", line 383, in parse
    loader.exec_module(new_module)
  File "<frozen importlib._bootstrap_external>", line 999, in exec_module
  File "<frozen importlib._bootstrap>", line 488, in _call_with_frames_removed
  File "/opt/airflow/dags/etl_fraud_pipeline.py", line 10, in <module>
    from kaggle.api.kaggle_api_extended import KaggleApi
  File "/home/airflow/.local/lib/python3.12/site-packages/kaggle/__init__.py", line 6, in <module>
    api.authenticate()
  File "/home/airflow/.local/lib/python3.12/site-packages/kaggle/api/kaggle_api_extended.py", line 433, in authenticate
    raise IOError('Could not find {}. Make sure it\'s located in'
OSError: Could not find kaggle.json. Make sure it's located in /home/airflow/.config/kaggle. Or use the environment method. See setup instructions at https://github.com/Kaggle/kaggle-api/
[2025-04-13T23:55:59.922+0000] {processor.py:927} WARNING - No viable dags retrieved from /opt/airflow/dags/etl_fraud_pipeline.py
[2025-04-13T23:56:00.704+0000] {processor.py:208} INFO - Processing /opt/airflow/dags/etl_fraud_pipeline.py took 12.155 seconds
[2025-04-13T23:56:31.898+0000] {processor.py:186} INFO - Started process (PID=338) to work on /opt/airflow/dags/etl_fraud_pipeline.py
[2025-04-13T23:56:32.108+0000] {processor.py:914} INFO - Processing file /opt/airflow/dags/etl_fraud_pipeline.py for tasks to queue
[2025-04-13T23:56:32.365+0000] {logging_mixin.py:190} INFO - [2025-04-13T23:56:32.364+0000] {dagbag.py:588} INFO - Filling up the DagBag from /opt/airflow/dags/etl_fraud_pipeline.py
[2025-04-13T23:56:40.994+0000] {logging_mixin.py:190} INFO - [2025-04-13T23:56:40.724+0000] {dagbag.py:387} ERROR - Failed to import: /opt/airflow/dags/etl_fraud_pipeline.py
Traceback (most recent call last):
  File "/home/airflow/.local/lib/python3.12/site-packages/airflow/models/dagbag.py", line 383, in parse
    loader.exec_module(new_module)
  File "<frozen importlib._bootstrap_external>", line 999, in exec_module
  File "<frozen importlib._bootstrap>", line 488, in _call_with_frames_removed
  File "/opt/airflow/dags/etl_fraud_pipeline.py", line 10, in <module>
    from kaggle.api.kaggle_api_extended import KaggleApi
  File "/home/airflow/.local/lib/python3.12/site-packages/kaggle/__init__.py", line 6, in <module>
    api.authenticate()
  File "/home/airflow/.local/lib/python3.12/site-packages/kaggle/api/kaggle_api_extended.py", line 433, in authenticate
    raise IOError('Could not find {}. Make sure it\'s located in'
OSError: Could not find kaggle.json. Make sure it's located in /home/airflow/.config/kaggle. Or use the environment method. See setup instructions at https://github.com/Kaggle/kaggle-api/
[2025-04-13T23:56:40.996+0000] {processor.py:927} WARNING - No viable dags retrieved from /opt/airflow/dags/etl_fraud_pipeline.py
[2025-04-13T23:56:41.919+0000] {processor.py:208} INFO - Processing /opt/airflow/dags/etl_fraud_pipeline.py took 10.234 seconds
[2025-04-13T23:57:13.585+0000] {processor.py:186} INFO - Started process (PID=351) to work on /opt/airflow/dags/etl_fraud_pipeline.py
[2025-04-13T23:57:13.610+0000] {processor.py:914} INFO - Processing file /opt/airflow/dags/etl_fraud_pipeline.py for tasks to queue
[2025-04-13T23:57:13.632+0000] {logging_mixin.py:190} INFO - [2025-04-13T23:57:13.632+0000] {dagbag.py:588} INFO - Filling up the DagBag from /opt/airflow/dags/etl_fraud_pipeline.py
[2025-04-13T23:57:22.279+0000] {logging_mixin.py:190} INFO - [2025-04-13T23:57:22.011+0000] {dagbag.py:387} ERROR - Failed to import: /opt/airflow/dags/etl_fraud_pipeline.py
Traceback (most recent call last):
  File "/home/airflow/.local/lib/python3.12/site-packages/airflow/models/dagbag.py", line 383, in parse
    loader.exec_module(new_module)
  File "<frozen importlib._bootstrap_external>", line 999, in exec_module
  File "<frozen importlib._bootstrap>", line 488, in _call_with_frames_removed
  File "/opt/airflow/dags/etl_fraud_pipeline.py", line 10, in <module>
    from kaggle.api.kaggle_api_extended import KaggleApi
  File "/home/airflow/.local/lib/python3.12/site-packages/kaggle/__init__.py", line 6, in <module>
    api.authenticate()
  File "/home/airflow/.local/lib/python3.12/site-packages/kaggle/api/kaggle_api_extended.py", line 433, in authenticate
    raise IOError('Could not find {}. Make sure it\'s located in'
OSError: Could not find kaggle.json. Make sure it's located in /home/airflow/.config/kaggle. Or use the environment method. See setup instructions at https://github.com/Kaggle/kaggle-api/
[2025-04-13T23:57:22.342+0000] {processor.py:927} WARNING - No viable dags retrieved from /opt/airflow/dags/etl_fraud_pipeline.py
[2025-04-13T23:57:23.383+0000] {processor.py:208} INFO - Processing /opt/airflow/dags/etl_fraud_pipeline.py took 9.983 seconds
[2025-04-13T23:57:54.747+0000] {processor.py:186} INFO - Started process (PID=357) to work on /opt/airflow/dags/etl_fraud_pipeline.py
[2025-04-13T23:57:54.749+0000] {processor.py:914} INFO - Processing file /opt/airflow/dags/etl_fraud_pipeline.py for tasks to queue
[2025-04-13T23:57:54.799+0000] {logging_mixin.py:190} INFO - [2025-04-13T23:57:54.798+0000] {dagbag.py:588} INFO - Filling up the DagBag from /opt/airflow/dags/etl_fraud_pipeline.py
[2025-04-13T23:58:03.925+0000] {logging_mixin.py:190} INFO - [2025-04-13T23:58:03.828+0000] {dagbag.py:387} ERROR - Failed to import: /opt/airflow/dags/etl_fraud_pipeline.py
Traceback (most recent call last):
  File "/home/airflow/.local/lib/python3.12/site-packages/airflow/models/dagbag.py", line 383, in parse
    loader.exec_module(new_module)
  File "<frozen importlib._bootstrap_external>", line 999, in exec_module
  File "<frozen importlib._bootstrap>", line 488, in _call_with_frames_removed
  File "/opt/airflow/dags/etl_fraud_pipeline.py", line 10, in <module>
    from kaggle.api.kaggle_api_extended import KaggleApi
  File "/home/airflow/.local/lib/python3.12/site-packages/kaggle/__init__.py", line 6, in <module>
    api.authenticate()
  File "/home/airflow/.local/lib/python3.12/site-packages/kaggle/api/kaggle_api_extended.py", line 433, in authenticate
    raise IOError('Could not find {}. Make sure it\'s located in'
OSError: Could not find kaggle.json. Make sure it's located in /home/airflow/.config/kaggle. Or use the environment method. See setup instructions at https://github.com/Kaggle/kaggle-api/
[2025-04-13T23:58:03.965+0000] {processor.py:927} WARNING - No viable dags retrieved from /opt/airflow/dags/etl_fraud_pipeline.py
[2025-04-13T23:58:04.614+0000] {processor.py:208} INFO - Processing /opt/airflow/dags/etl_fraud_pipeline.py took 10.030 seconds
[2025-04-13T23:58:36.079+0000] {processor.py:186} INFO - Started process (PID=364) to work on /opt/airflow/dags/etl_fraud_pipeline.py
[2025-04-13T23:58:36.152+0000] {processor.py:914} INFO - Processing file /opt/airflow/dags/etl_fraud_pipeline.py for tasks to queue
[2025-04-13T23:58:36.437+0000] {logging_mixin.py:190} INFO - [2025-04-13T23:58:36.436+0000] {dagbag.py:588} INFO - Filling up the DagBag from /opt/airflow/dags/etl_fraud_pipeline.py
[2025-04-13T23:58:44.138+0000] {logging_mixin.py:190} INFO - [2025-04-13T23:58:43.834+0000] {dagbag.py:387} ERROR - Failed to import: /opt/airflow/dags/etl_fraud_pipeline.py
Traceback (most recent call last):
  File "/home/airflow/.local/lib/python3.12/site-packages/airflow/models/dagbag.py", line 383, in parse
    loader.exec_module(new_module)
  File "<frozen importlib._bootstrap_external>", line 999, in exec_module
  File "<frozen importlib._bootstrap>", line 488, in _call_with_frames_removed
  File "/opt/airflow/dags/etl_fraud_pipeline.py", line 10, in <module>
    from kaggle.api.kaggle_api_extended import KaggleApi
  File "/home/airflow/.local/lib/python3.12/site-packages/kaggle/__init__.py", line 6, in <module>
    api.authenticate()
  File "/home/airflow/.local/lib/python3.12/site-packages/kaggle/api/kaggle_api_extended.py", line 433, in authenticate
    raise IOError('Could not find {}. Make sure it\'s located in'
OSError: Could not find kaggle.json. Make sure it's located in /home/airflow/.config/kaggle. Or use the environment method. See setup instructions at https://github.com/Kaggle/kaggle-api/
[2025-04-13T23:58:44.253+0000] {processor.py:927} WARNING - No viable dags retrieved from /opt/airflow/dags/etl_fraud_pipeline.py
[2025-04-13T23:58:44.571+0000] {processor.py:208} INFO - Processing /opt/airflow/dags/etl_fraud_pipeline.py took 8.756 seconds
[2025-04-13T23:59:15.382+0000] {processor.py:186} INFO - Started process (PID=377) to work on /opt/airflow/dags/etl_fraud_pipeline.py
[2025-04-13T23:59:15.424+0000] {processor.py:914} INFO - Processing file /opt/airflow/dags/etl_fraud_pipeline.py for tasks to queue
[2025-04-13T23:59:15.453+0000] {logging_mixin.py:190} INFO - [2025-04-13T23:59:15.451+0000] {dagbag.py:588} INFO - Filling up the DagBag from /opt/airflow/dags/etl_fraud_pipeline.py
[2025-04-13T23:59:22.443+0000] {logging_mixin.py:190} INFO - [2025-04-13T23:59:22.075+0000] {dagbag.py:387} ERROR - Failed to import: /opt/airflow/dags/etl_fraud_pipeline.py
Traceback (most recent call last):
  File "/home/airflow/.local/lib/python3.12/site-packages/airflow/models/dagbag.py", line 383, in parse
    loader.exec_module(new_module)
  File "<frozen importlib._bootstrap_external>", line 999, in exec_module
  File "<frozen importlib._bootstrap>", line 488, in _call_with_frames_removed
  File "/opt/airflow/dags/etl_fraud_pipeline.py", line 10, in <module>
    from kaggle.api.kaggle_api_extended import KaggleApi
  File "/home/airflow/.local/lib/python3.12/site-packages/kaggle/__init__.py", line 6, in <module>
    api.authenticate()
  File "/home/airflow/.local/lib/python3.12/site-packages/kaggle/api/kaggle_api_extended.py", line 433, in authenticate
    raise IOError('Could not find {}. Make sure it\'s located in'
OSError: Could not find kaggle.json. Make sure it's located in /home/airflow/.config/kaggle. Or use the environment method. See setup instructions at https://github.com/Kaggle/kaggle-api/
[2025-04-13T23:59:22.491+0000] {processor.py:927} WARNING - No viable dags retrieved from /opt/airflow/dags/etl_fraud_pipeline.py
[2025-04-13T23:59:22.912+0000] {processor.py:208} INFO - Processing /opt/airflow/dags/etl_fraud_pipeline.py took 7.593 seconds
[2025-04-13T23:59:53.763+0000] {processor.py:186} INFO - Started process (PID=384) to work on /opt/airflow/dags/etl_fraud_pipeline.py
[2025-04-13T23:59:53.775+0000] {processor.py:914} INFO - Processing file /opt/airflow/dags/etl_fraud_pipeline.py for tasks to queue
[2025-04-13T23:59:53.804+0000] {logging_mixin.py:190} INFO - [2025-04-13T23:59:53.800+0000] {dagbag.py:588} INFO - Filling up the DagBag from /opt/airflow/dags/etl_fraud_pipeline.py
[2025-04-14T00:00:01.074+0000] {logging_mixin.py:190} INFO - [2025-04-14T00:00:01.008+0000] {dagbag.py:387} ERROR - Failed to import: /opt/airflow/dags/etl_fraud_pipeline.py
Traceback (most recent call last):
  File "/home/airflow/.local/lib/python3.12/site-packages/airflow/models/dagbag.py", line 383, in parse
    loader.exec_module(new_module)
  File "<frozen importlib._bootstrap_external>", line 999, in exec_module
  File "<frozen importlib._bootstrap>", line 488, in _call_with_frames_removed
  File "/opt/airflow/dags/etl_fraud_pipeline.py", line 10, in <module>
    from kaggle.api.kaggle_api_extended import KaggleApi
  File "/home/airflow/.local/lib/python3.12/site-packages/kaggle/__init__.py", line 6, in <module>
    api.authenticate()
  File "/home/airflow/.local/lib/python3.12/site-packages/kaggle/api/kaggle_api_extended.py", line 433, in authenticate
    raise IOError('Could not find {}. Make sure it\'s located in'
OSError: Could not find kaggle.json. Make sure it's located in /home/airflow/.config/kaggle. Or use the environment method. See setup instructions at https://github.com/Kaggle/kaggle-api/
[2025-04-14T00:00:01.118+0000] {processor.py:927} WARNING - No viable dags retrieved from /opt/airflow/dags/etl_fraud_pipeline.py
[2025-04-14T00:00:01.513+0000] {processor.py:208} INFO - Processing /opt/airflow/dags/etl_fraud_pipeline.py took 7.787 seconds
